loss_domain,donor,recipient_1,recipient_2,n_test_recipes,mean_nonadditive_delta_loss
metric/the_pile_arxiv_val_loss,wikipedia_en,uspto_backgrounds,freelaw,49,-0.028660164598028032
metric/the_pile_arxiv_val_loss,wikipedia_en,uspto_backgrounds,stackexchange,49,-0.06670689247977594
metric/the_pile_arxiv_val_loss,wikipedia_en,uspto_backgrounds,github,49,-0.0543441977800503
metric/the_pile_arxiv_val_loss,wikipedia_en,uspto_backgrounds,arxiv,49,-0.048179751060906224
metric/the_pile_arxiv_val_loss,wikipedia_en,uspto_backgrounds,pubmed_central,49,-0.03825758959703335
metric/the_pile_arxiv_val_loss,wikipedia_en,uspto_backgrounds,pile_cc,49,-0.03701202301668829
metric/the_pile_arxiv_val_loss,wikipedia_en,freelaw,stackexchange,49,-0.033883179794626135
metric/the_pile_arxiv_val_loss,wikipedia_en,freelaw,github,49,-0.029870924053146505
metric/the_pile_arxiv_val_loss,wikipedia_en,freelaw,arxiv,49,-0.07448416467384335
metric/the_pile_arxiv_val_loss,wikipedia_en,freelaw,pubmed_central,49,-0.06914733436229666
metric/the_pile_arxiv_val_loss,wikipedia_en,freelaw,pile_cc,49,-0.05072036810551156
metric/the_pile_arxiv_val_loss,wikipedia_en,stackexchange,github,49,0.0295951841255717
metric/the_pile_arxiv_val_loss,wikipedia_en,stackexchange,arxiv,49,0.14085533826304708
metric/the_pile_arxiv_val_loss,wikipedia_en,stackexchange,pubmed_central,49,0.02036434583221307
metric/the_pile_arxiv_val_loss,wikipedia_en,stackexchange,pile_cc,49,-0.027034394874971744
metric/the_pile_arxiv_val_loss,wikipedia_en,github,arxiv,49,-0.01114959772363741
metric/the_pile_arxiv_val_loss,wikipedia_en,github,pubmed_central,49,-0.019462649645819174
metric/the_pile_arxiv_val_loss,wikipedia_en,github,pile_cc,49,-0.0312562448073464
metric/the_pile_arxiv_val_loss,wikipedia_en,arxiv,pubmed_central,49,0.06418893278714036
metric/the_pile_arxiv_val_loss,wikipedia_en,arxiv,pile_cc,49,-0.041652894506008536
metric/the_pile_arxiv_val_loss,wikipedia_en,pubmed_central,pile_cc,49,-0.020116669133490885
metric/the_pile_arxiv_val_loss,uspto_backgrounds,wikipedia_en,freelaw,59,-0.02865460373170691
metric/the_pile_arxiv_val_loss,uspto_backgrounds,wikipedia_en,stackexchange,59,-0.028801607554636822
metric/the_pile_arxiv_val_loss,uspto_backgrounds,wikipedia_en,github,59,-0.056388879488594855
metric/the_pile_arxiv_val_loss,uspto_backgrounds,wikipedia_en,arxiv,59,-0.04398828336759009
metric/the_pile_arxiv_val_loss,uspto_backgrounds,wikipedia_en,pubmed_central,59,-0.01942655297441483
metric/the_pile_arxiv_val_loss,uspto_backgrounds,wikipedia_en,pile_cc,59,-0.043749446882041396
metric/the_pile_arxiv_val_loss,uspto_backgrounds,freelaw,stackexchange,59,-0.02583494823986758
metric/the_pile_arxiv_val_loss,uspto_backgrounds,freelaw,github,59,-0.026799363777404113
metric/the_pile_arxiv_val_loss,uspto_backgrounds,freelaw,arxiv,59,-0.07625619852016008
metric/the_pile_arxiv_val_loss,uspto_backgrounds,freelaw,pubmed_central,59,-0.05201283035820469
metric/the_pile_arxiv_val_loss,uspto_backgrounds,freelaw,pile_cc,59,-0.04919452501628855
metric/the_pile_arxiv_val_loss,uspto_backgrounds,stackexchange,github,59,0.032566411523372
metric/the_pile_arxiv_val_loss,uspto_backgrounds,stackexchange,arxiv,59,0.15483284634606145
metric/the_pile_arxiv_val_loss,uspto_backgrounds,stackexchange,pubmed_central,59,0.03170589860262065
metric/the_pile_arxiv_val_loss,uspto_backgrounds,stackexchange,pile_cc,59,-0.019013639535063975
metric/the_pile_arxiv_val_loss,uspto_backgrounds,github,arxiv,59,-0.004727999767048562
metric/the_pile_arxiv_val_loss,uspto_backgrounds,github,pubmed_central,59,-0.015937276235239533
metric/the_pile_arxiv_val_loss,uspto_backgrounds,github,pile_cc,59,-0.022547020717313303
metric/the_pile_arxiv_val_loss,uspto_backgrounds,arxiv,pubmed_central,59,0.07927567814124607
metric/the_pile_arxiv_val_loss,uspto_backgrounds,arxiv,pile_cc,59,-0.030203118089123977
metric/the_pile_arxiv_val_loss,uspto_backgrounds,pubmed_central,pile_cc,59,-0.020412150435267545
metric/the_pile_arxiv_val_loss,freelaw,wikipedia_en,uspto_backgrounds,47,0.029555796288006572
metric/the_pile_arxiv_val_loss,freelaw,wikipedia_en,stackexchange,47,-0.031696078779868256
metric/the_pile_arxiv_val_loss,freelaw,wikipedia_en,github,47,-0.06149819051312814
metric/the_pile_arxiv_val_loss,freelaw,wikipedia_en,arxiv,47,-0.042246992769690773
metric/the_pile_arxiv_val_loss,freelaw,wikipedia_en,pubmed_central,47,-0.020324209222423197
metric/the_pile_arxiv_val_loss,freelaw,wikipedia_en,pile_cc,47,-0.046781130312890724
metric/the_pile_arxiv_val_loss,freelaw,uspto_backgrounds,stackexchange,47,-0.053296618180136694
metric/the_pile_arxiv_val_loss,freelaw,uspto_backgrounds,github,47,-0.049453266524978154
metric/the_pile_arxiv_val_loss,freelaw,uspto_backgrounds,arxiv,47,-0.03694267021384406
metric/the_pile_arxiv_val_loss,freelaw,uspto_backgrounds,pubmed_central,47,-0.0303243128541907
metric/the_pile_arxiv_val_loss,freelaw,uspto_backgrounds,pile_cc,47,-0.0285830355802154
metric/the_pile_arxiv_val_loss,freelaw,stackexchange,github,47,0.01900409350612443
metric/the_pile_arxiv_val_loss,freelaw,stackexchange,arxiv,47,0.16414384886841862
metric/the_pile_arxiv_val_loss,freelaw,stackexchange,pubmed_central,47,0.026247103273731892
metric/the_pile_arxiv_val_loss,freelaw,stackexchange,pile_cc,47,-0.030815875422761874
metric/the_pile_arxiv_val_loss,freelaw,github,arxiv,47,-0.014129471930068254
metric/the_pile_arxiv_val_loss,freelaw,github,pubmed_central,47,-0.029911013379763506
metric/the_pile_arxiv_val_loss,freelaw,github,pile_cc,47,-0.03907032950742908
metric/the_pile_arxiv_val_loss,freelaw,arxiv,pubmed_central,47,0.06605280945178005
metric/the_pile_arxiv_val_loss,freelaw,arxiv,pile_cc,47,-0.04481447390937063
metric/the_pile_arxiv_val_loss,freelaw,pubmed_central,pile_cc,47,-0.021978422201546586
metric/the_pile_arxiv_val_loss,stackexchange,wikipedia_en,uspto_backgrounds,72,0.084837620683718
metric/the_pile_arxiv_val_loss,stackexchange,wikipedia_en,freelaw,72,0.00471086257602183
metric/the_pile_arxiv_val_loss,stackexchange,wikipedia_en,github,72,-0.03523782334350842
metric/the_pile_arxiv_val_loss,stackexchange,wikipedia_en,arxiv,72,-0.03322421381035365
metric/the_pile_arxiv_val_loss,stackexchange,wikipedia_en,pubmed_central,72,0.0030630500132844407
metric/the_pile_arxiv_val_loss,stackexchange,wikipedia_en,pile_cc,72,-0.010661124057136916
metric/the_pile_arxiv_val_loss,stackexchange,uspto_backgrounds,freelaw,72,0.010536902680173857
metric/the_pile_arxiv_val_loss,stackexchange,uspto_backgrounds,github,72,-0.02175226498553711
metric/the_pile_arxiv_val_loss,stackexchange,uspto_backgrounds,arxiv,72,-0.03235111977159517
metric/the_pile_arxiv_val_loss,stackexchange,uspto_backgrounds,pubmed_central,72,-0.00578674212198766
metric/the_pile_arxiv_val_loss,stackexchange,uspto_backgrounds,pile_cc,72,0.0029021974239453064
metric/the_pile_arxiv_val_loss,stackexchange,freelaw,github,72,-0.01815693237842976
metric/the_pile_arxiv_val_loss,stackexchange,freelaw,arxiv,72,-0.07670444518785041
metric/the_pile_arxiv_val_loss,stackexchange,freelaw,pubmed_central,72,-0.053002735399762343
metric/the_pile_arxiv_val_loss,stackexchange,freelaw,pile_cc,72,-0.03662262834002002
metric/the_pile_arxiv_val_loss,stackexchange,github,arxiv,72,-0.022826597364660514
metric/the_pile_arxiv_val_loss,stackexchange,github,pubmed_central,72,-0.0149668299547235
metric/the_pile_arxiv_val_loss,stackexchange,github,pile_cc,72,-0.01551299252861801
metric/the_pile_arxiv_val_loss,stackexchange,arxiv,pubmed_central,72,0.06008934354441878
metric/the_pile_arxiv_val_loss,stackexchange,arxiv,pile_cc,72,-0.039121290580754864
metric/the_pile_arxiv_val_loss,stackexchange,pubmed_central,pile_cc,72,-0.008097572817842359
metric/the_pile_arxiv_val_loss,github,wikipedia_en,uspto_backgrounds,77,0.07043764334964482
metric/the_pile_arxiv_val_loss,github,wikipedia_en,freelaw,77,-0.017424519916914776
metric/the_pile_arxiv_val_loss,github,wikipedia_en,stackexchange,77,-0.0304455359663013
metric/the_pile_arxiv_val_loss,github,wikipedia_en,arxiv,77,-0.037866216532859744
metric/the_pile_arxiv_val_loss,github,wikipedia_en,pubmed_central,77,-0.008208188691583757
metric/the_pile_arxiv_val_loss,github,wikipedia_en,pile_cc,77,-0.037726206906678314
metric/the_pile_arxiv_val_loss,github,uspto_backgrounds,freelaw,77,-0.012962377661355318
metric/the_pile_arxiv_val_loss,github,uspto_backgrounds,stackexchange,77,-0.06566339463514365
metric/the_pile_arxiv_val_loss,github,uspto_backgrounds,arxiv,77,-0.03887339815828653
metric/the_pile_arxiv_val_loss,github,uspto_backgrounds,pubmed_central,77,-0.017691646483770928
metric/the_pile_arxiv_val_loss,github,uspto_backgrounds,pile_cc,77,-0.022537940705227973
metric/the_pile_arxiv_val_loss,github,freelaw,stackexchange,77,-0.05325958480513316
metric/the_pile_arxiv_val_loss,github,freelaw,arxiv,77,-0.0838068434118876
metric/the_pile_arxiv_val_loss,github,freelaw,pubmed_central,77,-0.06061443356959159
metric/the_pile_arxiv_val_loss,github,freelaw,pile_cc,77,-0.06668547038184455
metric/the_pile_arxiv_val_loss,github,stackexchange,arxiv,77,0.1612726295176392
metric/the_pile_arxiv_val_loss,github,stackexchange,pubmed_central,77,0.018667583854719744
metric/the_pile_arxiv_val_loss,github,stackexchange,pile_cc,77,-0.03756324389589964
metric/the_pile_arxiv_val_loss,github,arxiv,pubmed_central,77,0.06567718726312084
metric/the_pile_arxiv_val_loss,github,arxiv,pile_cc,77,-0.047268838508289265
metric/the_pile_arxiv_val_loss,github,pubmed_central,pile_cc,77,-0.023488958977903707
metric/the_pile_arxiv_val_loss,arxiv,wikipedia_en,uspto_backgrounds,65,0.11622513998618096
metric/the_pile_arxiv_val_loss,arxiv,wikipedia_en,freelaw,65,0.03217827415163862
metric/the_pile_arxiv_val_loss,arxiv,wikipedia_en,stackexchange,65,0.006252222482205158
metric/the_pile_arxiv_val_loss,arxiv,wikipedia_en,github,65,-0.006023489380221829
metric/the_pile_arxiv_val_loss,arxiv,wikipedia_en,pubmed_central,65,0.02273195970289998
metric/the_pile_arxiv_val_loss,arxiv,wikipedia_en,pile_cc,65,0.0143936805461213
metric/the_pile_arxiv_val_loss,arxiv,uspto_backgrounds,freelaw,65,0.03786186587089881
metric/the_pile_arxiv_val_loss,arxiv,uspto_backgrounds,stackexchange,65,-0.01828179724602225
metric/the_pile_arxiv_val_loss,arxiv,uspto_backgrounds,github,65,0.00724723654251895
metric/the_pile_arxiv_val_loss,arxiv,uspto_backgrounds,pubmed_central,65,0.00924724250849803
metric/the_pile_arxiv_val_loss,arxiv,uspto_backgrounds,pile_cc,65,0.026157641530032857
metric/the_pile_arxiv_val_loss,arxiv,freelaw,stackexchange,65,0.000430772135563947
metric/the_pile_arxiv_val_loss,arxiv,freelaw,github,65,0.018037438000034847
metric/the_pile_arxiv_val_loss,arxiv,freelaw,pubmed_central,65,-0.03216896916142922
metric/the_pile_arxiv_val_loss,arxiv,freelaw,pile_cc,65,-0.01638796600434832
metric/the_pile_arxiv_val_loss,arxiv,stackexchange,github,65,0.045261954065866236
metric/the_pile_arxiv_val_loss,arxiv,stackexchange,pubmed_central,65,0.04463208463814125
metric/the_pile_arxiv_val_loss,arxiv,stackexchange,pile_cc,65,0.0068004062800709015
metric/the_pile_arxiv_val_loss,arxiv,github,pubmed_central,65,0.0086558887807366
metric/the_pile_arxiv_val_loss,arxiv,github,pile_cc,65,0.017723291145610907
metric/the_pile_arxiv_val_loss,arxiv,pubmed_central,pile_cc,65,0.013427019443677071
metric/the_pile_arxiv_val_loss,pubmed_central,wikipedia_en,uspto_backgrounds,81,0.06632056795920306
metric/the_pile_arxiv_val_loss,pubmed_central,wikipedia_en,freelaw,81,-0.01003584675095544
metric/the_pile_arxiv_val_loss,pubmed_central,wikipedia_en,stackexchange,81,-0.021049571638840966
metric/the_pile_arxiv_val_loss,pubmed_central,wikipedia_en,github,81,-0.044243221928995
metric/the_pile_arxiv_val_loss,pubmed_central,wikipedia_en,arxiv,81,-0.04520539275724826
metric/the_pile_arxiv_val_loss,pubmed_central,wikipedia_en,pile_cc,81,-0.023821169997973006
metric/the_pile_arxiv_val_loss,pubmed_central,uspto_backgrounds,freelaw,81,-0.001887466355368725
metric/the_pile_arxiv_val_loss,pubmed_central,uspto_backgrounds,stackexchange,81,-0.04904275691579696
metric/the_pile_arxiv_val_loss,pubmed_central,uspto_backgrounds,github,81,-0.030291361801556782
metric/the_pile_arxiv_val_loss,pubmed_central,uspto_backgrounds,arxiv,81,-0.04501526484987912
metric/the_pile_arxiv_val_loss,pubmed_central,uspto_backgrounds,pile_cc,81,-0.019086092093914386
metric/the_pile_arxiv_val_loss,pubmed_central,freelaw,stackexchange,81,-0.028283833155485768
metric/the_pile_arxiv_val_loss,pubmed_central,freelaw,github,81,-0.02348165183677571
metric/the_pile_arxiv_val_loss,pubmed_central,freelaw,arxiv,81,-0.0772861487047814
metric/the_pile_arxiv_val_loss,pubmed_central,freelaw,pile_cc,81,-0.04504562406663795
metric/the_pile_arxiv_val_loss,pubmed_central,stackexchange,github,81,0.023308815264175678
metric/the_pile_arxiv_val_loss,pubmed_central,stackexchange,arxiv,81,0.1477475597586941
metric/the_pile_arxiv_val_loss,pubmed_central,stackexchange,pile_cc,81,-0.02257702926489774
metric/the_pile_arxiv_val_loss,pubmed_central,github,arxiv,81,-0.01763050706002872
metric/the_pile_arxiv_val_loss,pubmed_central,github,pile_cc,81,-0.02292467329722154
metric/the_pile_arxiv_val_loss,pubmed_central,arxiv,pile_cc,81,-0.04842719856749046
metric/the_pile_arxiv_val_loss,pile_cc,wikipedia_en,uspto_backgrounds,68,0.051994818712007014
metric/the_pile_arxiv_val_loss,pile_cc,wikipedia_en,freelaw,68,-0.014307532236168548
metric/the_pile_arxiv_val_loss,pile_cc,wikipedia_en,stackexchange,68,-0.02073971128291645
metric/the_pile_arxiv_val_loss,pile_cc,wikipedia_en,github,68,-0.048805002257269914
metric/the_pile_arxiv_val_loss,pile_cc,wikipedia_en,arxiv,68,-0.03264225992946771
metric/the_pile_arxiv_val_loss,pile_cc,wikipedia_en,pubmed_central,68,-0.011291261797000188
metric/the_pile_arxiv_val_loss,pile_cc,uspto_backgrounds,freelaw,68,-0.012618388186618423
metric/the_pile_arxiv_val_loss,pile_cc,uspto_backgrounds,stackexchange,68,-0.046480304881738516
metric/the_pile_arxiv_val_loss,pile_cc,uspto_backgrounds,github,68,-0.037120261649243036
metric/the_pile_arxiv_val_loss,pile_cc,uspto_backgrounds,arxiv,68,-0.030327868364261136
metric/the_pile_arxiv_val_loss,pile_cc,uspto_backgrounds,pubmed_central,68,-0.02721905561126364
metric/the_pile_arxiv_val_loss,pile_cc,freelaw,stackexchange,68,-0.035663133615946335
metric/the_pile_arxiv_val_loss,pile_cc,freelaw,github,68,-0.028591114187261006
metric/the_pile_arxiv_val_loss,pile_cc,freelaw,arxiv,68,-0.0768584805517007
metric/the_pile_arxiv_val_loss,pile_cc,freelaw,pubmed_central,68,-0.05961607509224694
metric/the_pile_arxiv_val_loss,pile_cc,stackexchange,github,68,0.02984781857079811
metric/the_pile_arxiv_val_loss,pile_cc,stackexchange,arxiv,68,0.15454298921085688
metric/the_pile_arxiv_val_loss,pile_cc,stackexchange,pubmed_central,68,0.03679049515695087
metric/the_pile_arxiv_val_loss,pile_cc,github,arxiv,68,-0.013588945092489327
metric/the_pile_arxiv_val_loss,pile_cc,github,pubmed_central,68,-0.025555818037860296
metric/the_pile_arxiv_val_loss,pile_cc,arxiv,pubmed_central,68,0.08162514300882863
metric/the_pile_freelaw_val_loss,wikipedia_en,uspto_backgrounds,freelaw,49,-0.014692511034601452
metric/the_pile_freelaw_val_loss,wikipedia_en,uspto_backgrounds,stackexchange,49,-0.029712055479220543
metric/the_pile_freelaw_val_loss,wikipedia_en,uspto_backgrounds,github,49,-0.02014187775612866
metric/the_pile_freelaw_val_loss,wikipedia_en,uspto_backgrounds,arxiv,49,-0.007447521292134556
metric/the_pile_freelaw_val_loss,wikipedia_en,uspto_backgrounds,pubmed_central,49,-0.01574426285614517
metric/the_pile_freelaw_val_loss,wikipedia_en,uspto_backgrounds,pile_cc,49,-0.009272830973139919
metric/the_pile_freelaw_val_loss,wikipedia_en,freelaw,stackexchange,49,-0.012436665969821408
metric/the_pile_freelaw_val_loss,wikipedia_en,freelaw,github,49,-0.027026784049230472
metric/the_pile_freelaw_val_loss,wikipedia_en,freelaw,arxiv,49,-0.03213508322479972
metric/the_pile_freelaw_val_loss,wikipedia_en,freelaw,pubmed_central,49,-0.03445681560292497
metric/the_pile_freelaw_val_loss,wikipedia_en,freelaw,pile_cc,49,0.04127909680576906
metric/the_pile_freelaw_val_loss,wikipedia_en,stackexchange,github,49,0.002918401733874374
metric/the_pile_freelaw_val_loss,wikipedia_en,stackexchange,arxiv,49,-0.015034680847906155
metric/the_pile_freelaw_val_loss,wikipedia_en,stackexchange,pubmed_central,49,-0.014298051400217976
metric/the_pile_freelaw_val_loss,wikipedia_en,stackexchange,pile_cc,49,-0.017455612925267292
metric/the_pile_freelaw_val_loss,wikipedia_en,github,arxiv,49,-0.028882260353281324
metric/the_pile_freelaw_val_loss,wikipedia_en,github,pubmed_central,49,-0.019809357180516993
metric/the_pile_freelaw_val_loss,wikipedia_en,github,pile_cc,49,-0.02760229912002296
metric/the_pile_freelaw_val_loss,wikipedia_en,arxiv,pubmed_central,49,-0.020530684255601794
metric/the_pile_freelaw_val_loss,wikipedia_en,arxiv,pile_cc,49,-0.025461377582059325
metric/the_pile_freelaw_val_loss,wikipedia_en,pubmed_central,pile_cc,49,-0.010817614844847388
metric/the_pile_freelaw_val_loss,uspto_backgrounds,wikipedia_en,freelaw,59,0.01865692645255115
metric/the_pile_freelaw_val_loss,uspto_backgrounds,wikipedia_en,stackexchange,59,-0.014422867918529512
metric/the_pile_freelaw_val_loss,uspto_backgrounds,wikipedia_en,github,59,-0.03396210819406729
metric/the_pile_freelaw_val_loss,uspto_backgrounds,wikipedia_en,arxiv,59,-0.026930205999703728
metric/the_pile_freelaw_val_loss,uspto_backgrounds,wikipedia_en,pubmed_central,59,-0.01697353887119771
metric/the_pile_freelaw_val_loss,uspto_backgrounds,wikipedia_en,pile_cc,59,-0.002838304546270874
metric/the_pile_freelaw_val_loss,uspto_backgrounds,freelaw,stackexchange,59,-0.009628535539487103
metric/the_pile_freelaw_val_loss,uspto_backgrounds,freelaw,github,59,-0.026543048044944433
metric/the_pile_freelaw_val_loss,uspto_backgrounds,freelaw,arxiv,59,-0.03660052640566818
metric/the_pile_freelaw_val_loss,uspto_backgrounds,freelaw,pubmed_central,59,-0.027447242518828536
metric/the_pile_freelaw_val_loss,uspto_backgrounds,freelaw,pile_cc,59,0.04232006497931327
metric/the_pile_freelaw_val_loss,uspto_backgrounds,stackexchange,github,59,-0.0022120256713677937
metric/the_pile_freelaw_val_loss,uspto_backgrounds,stackexchange,arxiv,59,-0.019855622349252748
metric/the_pile_freelaw_val_loss,uspto_backgrounds,stackexchange,pubmed_central,59,-0.01596254978120236
metric/the_pile_freelaw_val_loss,uspto_backgrounds,stackexchange,pile_cc,59,-0.017413925131865307
metric/the_pile_freelaw_val_loss,uspto_backgrounds,github,arxiv,59,-0.029042470980253778
metric/the_pile_freelaw_val_loss,uspto_backgrounds,github,pubmed_central,59,-0.025950549133115935
metric/the_pile_freelaw_val_loss,uspto_backgrounds,github,pile_cc,59,-0.024611454944826763
metric/the_pile_freelaw_val_loss,uspto_backgrounds,arxiv,pubmed_central,59,-0.027612405193419367
metric/the_pile_freelaw_val_loss,uspto_backgrounds,arxiv,pile_cc,59,-0.026262556847119985
metric/the_pile_freelaw_val_loss,uspto_backgrounds,pubmed_central,pile_cc,59,-0.01711601949220816
metric/the_pile_freelaw_val_loss,freelaw,wikipedia_en,uspto_backgrounds,47,0.07161621828483614
metric/the_pile_freelaw_val_loss,freelaw,wikipedia_en,stackexchange,47,0.04234187772238064
metric/the_pile_freelaw_val_loss,freelaw,wikipedia_en,github,47,0.02540202119540295
metric/the_pile_freelaw_val_loss,freelaw,wikipedia_en,arxiv,47,0.03521210411228955
metric/the_pile_freelaw_val_loss,freelaw,wikipedia_en,pubmed_central,47,0.04022125116294647
metric/the_pile_freelaw_val_loss,freelaw,wikipedia_en,pile_cc,47,0.046224325855353694
metric/the_pile_freelaw_val_loss,freelaw,uspto_backgrounds,stackexchange,47,0.033371193397510504
metric/the_pile_freelaw_val_loss,freelaw,uspto_backgrounds,github,47,0.04071698536098246
metric/the_pile_freelaw_val_loss,freelaw,uspto_backgrounds,arxiv,47,0.052784551757756586
metric/the_pile_freelaw_val_loss,freelaw,uspto_backgrounds,pubmed_central,47,0.04464830816576455
metric/the_pile_freelaw_val_loss,freelaw,uspto_backgrounds,pile_cc,47,0.03846769370833873
metric/the_pile_freelaw_val_loss,freelaw,stackexchange,github,47,0.05594383263320128
metric/the_pile_freelaw_val_loss,freelaw,stackexchange,arxiv,47,0.037065873636158174
metric/the_pile_freelaw_val_loss,freelaw,stackexchange,pubmed_central,47,0.03776680522093574
metric/the_pile_freelaw_val_loss,freelaw,stackexchange,pile_cc,47,0.023618464154643942
metric/the_pile_freelaw_val_loss,freelaw,github,arxiv,47,0.031887070737621946
metric/the_pile_freelaw_val_loss,freelaw,github,pubmed_central,47,0.02851412011694398
metric/the_pile_freelaw_val_loss,freelaw,github,pile_cc,47,0.013808421281891957
metric/the_pile_freelaw_val_loss,freelaw,arxiv,pubmed_central,47,0.03831104946893164
metric/the_pile_freelaw_val_loss,freelaw,arxiv,pile_cc,47,0.015123293381650433
metric/the_pile_freelaw_val_loss,freelaw,pubmed_central,pile_cc,47,0.030799018567722984
metric/the_pile_freelaw_val_loss,stackexchange,wikipedia_en,uspto_backgrounds,72,0.02780530064229781
metric/the_pile_freelaw_val_loss,stackexchange,wikipedia_en,freelaw,72,0.025907315186553433
metric/the_pile_freelaw_val_loss,stackexchange,wikipedia_en,github,72,-0.032169154506251484
metric/the_pile_freelaw_val_loss,stackexchange,wikipedia_en,arxiv,72,-0.017110461740547873
metric/the_pile_freelaw_val_loss,stackexchange,wikipedia_en,pubmed_central,72,-0.013415582471302515
metric/the_pile_freelaw_val_loss,stackexchange,wikipedia_en,pile_cc,72,0.0032079480656906417
metric/the_pile_freelaw_val_loss,stackexchange,uspto_backgrounds,freelaw,72,-0.008951556977871152
metric/the_pile_freelaw_val_loss,stackexchange,uspto_backgrounds,github,72,-0.020204760629120855
metric/the_pile_freelaw_val_loss,stackexchange,uspto_backgrounds,arxiv,72,-0.005341824734668395
metric/the_pile_freelaw_val_loss,stackexchange,uspto_backgrounds,pubmed_central,72,-0.013759032621447238
metric/the_pile_freelaw_val_loss,stackexchange,uspto_backgrounds,pile_cc,72,-0.004163864926383
metric/the_pile_freelaw_val_loss,stackexchange,freelaw,github,72,-0.03340468988779693
metric/the_pile_freelaw_val_loss,stackexchange,freelaw,arxiv,72,-0.033527171126294913
metric/the_pile_freelaw_val_loss,stackexchange,freelaw,pubmed_central,72,-0.03597488852599165
metric/the_pile_freelaw_val_loss,stackexchange,freelaw,pile_cc,72,0.055990518080015476
metric/the_pile_freelaw_val_loss,stackexchange,github,arxiv,72,-0.026654120912299392
metric/the_pile_freelaw_val_loss,stackexchange,github,pubmed_central,72,-0.02939919165480563
metric/the_pile_freelaw_val_loss,stackexchange,github,pile_cc,72,-0.02935775826251301
metric/the_pile_freelaw_val_loss,stackexchange,arxiv,pubmed_central,72,-0.027032271954217504
metric/the_pile_freelaw_val_loss,stackexchange,arxiv,pile_cc,72,-0.024285186519079533
metric/the_pile_freelaw_val_loss,stackexchange,pubmed_central,pile_cc,72,-0.016337340141786796
metric/the_pile_freelaw_val_loss,github,wikipedia_en,uspto_backgrounds,77,0.02808126229664642
metric/the_pile_freelaw_val_loss,github,wikipedia_en,freelaw,77,0.034485091293269876
metric/the_pile_freelaw_val_loss,github,wikipedia_en,stackexchange,77,-0.01660463997409096
metric/the_pile_freelaw_val_loss,github,wikipedia_en,arxiv,77,-0.022220217652812804
metric/the_pile_freelaw_val_loss,github,wikipedia_en,pubmed_central,77,-0.014574067933233757
metric/the_pile_freelaw_val_loss,github,wikipedia_en,pile_cc,77,0.007856528885554003
metric/the_pile_freelaw_val_loss,github,uspto_backgrounds,freelaw,77,-0.011103456182775187
metric/the_pile_freelaw_val_loss,github,uspto_backgrounds,stackexchange,77,-0.03845978289782576
metric/the_pile_freelaw_val_loss,github,uspto_backgrounds,arxiv,77,-0.010805422132862131
metric/the_pile_freelaw_val_loss,github,uspto_backgrounds,pubmed_central,77,-0.015539724427288371
metric/the_pile_freelaw_val_loss,github,uspto_backgrounds,pile_cc,77,-0.007490630628663165
metric/the_pile_freelaw_val_loss,github,freelaw,stackexchange,77,-0.020443089562742933
metric/the_pile_freelaw_val_loss,github,freelaw,arxiv,77,-0.03712962710152398
metric/the_pile_freelaw_val_loss,github,freelaw,pubmed_central,77,-0.032938697224743595
metric/the_pile_freelaw_val_loss,github,freelaw,pile_cc,77,0.06664310186329746
metric/the_pile_freelaw_val_loss,github,stackexchange,arxiv,77,-0.02940745469611105
metric/the_pile_freelaw_val_loss,github,stackexchange,pubmed_central,77,-0.025698718996832473
metric/the_pile_freelaw_val_loss,github,stackexchange,pile_cc,77,-0.027634641205644603
metric/the_pile_freelaw_val_loss,github,arxiv,pubmed_central,77,-0.0291939505715467
metric/the_pile_freelaw_val_loss,github,arxiv,pile_cc,77,-0.032176726224075185
metric/the_pile_freelaw_val_loss,github,pubmed_central,pile_cc,77,-0.018898212007657997
metric/the_pile_freelaw_val_loss,arxiv,wikipedia_en,uspto_backgrounds,65,0.02859869006744331
metric/the_pile_freelaw_val_loss,arxiv,wikipedia_en,freelaw,65,0.039082711913417265
metric/the_pile_freelaw_val_loss,arxiv,wikipedia_en,stackexchange,65,-0.01174486895330234
metric/the_pile_freelaw_val_loss,arxiv,wikipedia_en,github,65,-0.0320620440931046
metric/the_pile_freelaw_val_loss,arxiv,wikipedia_en,pubmed_central,65,-0.014532153882258043
metric/the_pile_freelaw_val_loss,arxiv,wikipedia_en,pile_cc,65,0.005453454492359551
metric/the_pile_freelaw_val_loss,arxiv,uspto_backgrounds,freelaw,65,-0.010219673977644247
metric/the_pile_freelaw_val_loss,arxiv,uspto_backgrounds,stackexchange,65,-0.027853446778331303
metric/the_pile_freelaw_val_loss,arxiv,uspto_backgrounds,github,65,-0.021573200587742522
metric/the_pile_freelaw_val_loss,arxiv,uspto_backgrounds,pubmed_central,65,-0.01744979405956698
metric/the_pile_freelaw_val_loss,arxiv,uspto_backgrounds,pile_cc,65,-0.007744931103568282
metric/the_pile_freelaw_val_loss,arxiv,freelaw,stackexchange,65,-0.011252109633055183
metric/the_pile_freelaw_val_loss,arxiv,freelaw,github,65,-0.030059635633801103
metric/the_pile_freelaw_val_loss,arxiv,freelaw,pubmed_central,65,-0.03527512698661249
metric/the_pile_freelaw_val_loss,arxiv,freelaw,pile_cc,65,0.07225196204676673
metric/the_pile_freelaw_val_loss,arxiv,stackexchange,github,65,-0.00555399741415352
metric/the_pile_freelaw_val_loss,arxiv,stackexchange,pubmed_central,65,-0.022394419293584468
metric/the_pile_freelaw_val_loss,arxiv,stackexchange,pile_cc,65,-0.017153813845130407
metric/the_pile_freelaw_val_loss,arxiv,github,pubmed_central,65,-0.03018843313359596
metric/the_pile_freelaw_val_loss,arxiv,github,pile_cc,65,-0.027395841529328033
metric/the_pile_freelaw_val_loss,arxiv,pubmed_central,pile_cc,65,-0.015521482321363753
metric/the_pile_freelaw_val_loss,pubmed_central,wikipedia_en,uspto_backgrounds,81,0.025883139281833455
metric/the_pile_freelaw_val_loss,pubmed_central,wikipedia_en,freelaw,81,0.035055128699976956
metric/the_pile_freelaw_val_loss,pubmed_central,wikipedia_en,stackexchange,81,-0.011062751396912497
metric/the_pile_freelaw_val_loss,pubmed_central,wikipedia_en,github,81,-0.030631074535349814
metric/the_pile_freelaw_val_loss,pubmed_central,wikipedia_en,arxiv,81,-0.021093591592697608
metric/the_pile_freelaw_val_loss,pubmed_central,wikipedia_en,pile_cc,81,0.0025719156633612844
metric/the_pile_freelaw_val_loss,pubmed_central,uspto_backgrounds,freelaw,81,-0.008078178613782287
metric/the_pile_freelaw_val_loss,pubmed_central,uspto_backgrounds,stackexchange,81,-0.028550438461692654
metric/the_pile_freelaw_val_loss,pubmed_central,uspto_backgrounds,github,81,-0.019396729947563262
metric/the_pile_freelaw_val_loss,pubmed_central,uspto_backgrounds,arxiv,81,-0.00831220293296883
metric/the_pile_freelaw_val_loss,pubmed_central,uspto_backgrounds,pile_cc,81,-0.008296065230283265
metric/the_pile_freelaw_val_loss,pubmed_central,freelaw,stackexchange,81,-0.011132145180004487
metric/the_pile_freelaw_val_loss,pubmed_central,freelaw,github,81,-0.031167484243952843
metric/the_pile_freelaw_val_loss,pubmed_central,freelaw,arxiv,81,-0.031722093364807996
metric/the_pile_freelaw_val_loss,pubmed_central,freelaw,pile_cc,81,0.054850175730300106
metric/the_pile_freelaw_val_loss,pubmed_central,stackexchange,github,81,-0.003937286245153536
metric/the_pile_freelaw_val_loss,pubmed_central,stackexchange,arxiv,81,-0.021847431448860876
metric/the_pile_freelaw_val_loss,pubmed_central,stackexchange,pile_cc,81,-0.019335487379159418
metric/the_pile_freelaw_val_loss,pubmed_central,github,arxiv,81,-0.028791817086313044
metric/the_pile_freelaw_val_loss,pubmed_central,github,pile_cc,81,-0.02920353140902275
metric/the_pile_freelaw_val_loss,pubmed_central,arxiv,pile_cc,81,-0.02984638279585358
metric/the_pile_freelaw_val_loss,pile_cc,wikipedia_en,uspto_backgrounds,68,0.02955114207014768
metric/the_pile_freelaw_val_loss,pile_cc,wikipedia_en,freelaw,68,0.025834530378615293
metric/the_pile_freelaw_val_loss,pile_cc,wikipedia_en,stackexchange,68,-0.00272447192581945
metric/the_pile_freelaw_val_loss,pile_cc,wikipedia_en,github,68,-0.02107506669454131
metric/the_pile_freelaw_val_loss,pile_cc,wikipedia_en,arxiv,68,-0.010354966191673191
metric/the_pile_freelaw_val_loss,pile_cc,wikipedia_en,pubmed_central,68,-0.006425672568660073
metric/the_pile_freelaw_val_loss,pile_cc,uspto_backgrounds,freelaw,68,-0.009965527661565096
metric/the_pile_freelaw_val_loss,pile_cc,uspto_backgrounds,stackexchange,68,-0.01681245386790617
metric/the_pile_freelaw_val_loss,pile_cc,uspto_backgrounds,github,68,-0.008997624662851622
metric/the_pile_freelaw_val_loss,pile_cc,uspto_backgrounds,arxiv,68,0.0026499473340367056
metric/the_pile_freelaw_val_loss,pile_cc,uspto_backgrounds,pubmed_central,68,-0.008831777828623492
metric/the_pile_freelaw_val_loss,pile_cc,freelaw,stackexchange,68,-0.013030309100339976
metric/the_pile_freelaw_val_loss,pile_cc,freelaw,github,68,-0.028024433195311907
metric/the_pile_freelaw_val_loss,pile_cc,freelaw,arxiv,68,-0.033970967115525254
metric/the_pile_freelaw_val_loss,pile_cc,freelaw,pubmed_central,68,-0.03180335116003069
metric/the_pile_freelaw_val_loss,pile_cc,stackexchange,github,68,0.006175902191305175
metric/the_pile_freelaw_val_loss,pile_cc,stackexchange,arxiv,68,-0.010908300570374337
metric/the_pile_freelaw_val_loss,pile_cc,stackexchange,pubmed_central,68,-0.015647245678835464
metric/the_pile_freelaw_val_loss,pile_cc,github,arxiv,68,-0.02600511612018615
metric/the_pile_freelaw_val_loss,pile_cc,github,pubmed_central,68,-0.024066297082209857
metric/the_pile_freelaw_val_loss,pile_cc,arxiv,pubmed_central,68,-0.018883691976198384
metric/the_pile_pubmed_central_val_loss,wikipedia_en,uspto_backgrounds,freelaw,49,-0.016418917915493877
metric/the_pile_pubmed_central_val_loss,wikipedia_en,uspto_backgrounds,stackexchange,49,-0.03933439910064314
metric/the_pile_pubmed_central_val_loss,wikipedia_en,uspto_backgrounds,github,49,-0.038352424740239095
metric/the_pile_pubmed_central_val_loss,wikipedia_en,uspto_backgrounds,arxiv,49,-0.02199243121643577
metric/the_pile_pubmed_central_val_loss,wikipedia_en,uspto_backgrounds,pubmed_central,49,-0.01878737443069503
metric/the_pile_pubmed_central_val_loss,wikipedia_en,uspto_backgrounds,pile_cc,49,-0.01797246465476499
metric/the_pile_pubmed_central_val_loss,wikipedia_en,freelaw,stackexchange,49,-0.012862724426935679
metric/the_pile_pubmed_central_val_loss,wikipedia_en,freelaw,github,49,-0.019841125149376294
metric/the_pile_pubmed_central_val_loss,wikipedia_en,freelaw,arxiv,49,-0.036572540129634644
metric/the_pile_pubmed_central_val_loss,wikipedia_en,freelaw,pubmed_central,49,-0.07280263475863097
metric/the_pile_pubmed_central_val_loss,wikipedia_en,freelaw,pile_cc,49,-0.03029125301375108
metric/the_pile_pubmed_central_val_loss,wikipedia_en,stackexchange,github,49,0.0018260066725366286
metric/the_pile_pubmed_central_val_loss,wikipedia_en,stackexchange,arxiv,49,-0.006155186705269844
metric/the_pile_pubmed_central_val_loss,wikipedia_en,stackexchange,pubmed_central,49,-0.018837761937177806
metric/the_pile_pubmed_central_val_loss,wikipedia_en,stackexchange,pile_cc,49,-0.024852845462986238
metric/the_pile_pubmed_central_val_loss,wikipedia_en,github,arxiv,49,-0.018127341972931522
metric/the_pile_pubmed_central_val_loss,wikipedia_en,github,pubmed_central,49,-0.022567239077498517
metric/the_pile_pubmed_central_val_loss,wikipedia_en,github,pile_cc,49,-0.03710678073838715
metric/the_pile_pubmed_central_val_loss,wikipedia_en,arxiv,pubmed_central,49,0.014083721388298194
metric/the_pile_pubmed_central_val_loss,wikipedia_en,arxiv,pile_cc,49,-0.04518194862169255
metric/the_pile_pubmed_central_val_loss,wikipedia_en,pubmed_central,pile_cc,49,-0.011206084996750921
metric/the_pile_pubmed_central_val_loss,uspto_backgrounds,wikipedia_en,freelaw,59,-0.014979299232907594
metric/the_pile_pubmed_central_val_loss,uspto_backgrounds,wikipedia_en,stackexchange,59,-0.009305333872810847
metric/the_pile_pubmed_central_val_loss,uspto_backgrounds,wikipedia_en,github,59,-0.05090820948152738
metric/the_pile_pubmed_central_val_loss,uspto_backgrounds,wikipedia_en,arxiv,59,-0.018498150356781696
metric/the_pile_pubmed_central_val_loss,uspto_backgrounds,wikipedia_en,pubmed_central,59,-0.01549379120805876
metric/the_pile_pubmed_central_val_loss,uspto_backgrounds,wikipedia_en,pile_cc,59,-0.03645177180833479
metric/the_pile_pubmed_central_val_loss,uspto_backgrounds,freelaw,stackexchange,59,-0.006091023727644626
metric/the_pile_pubmed_central_val_loss,uspto_backgrounds,freelaw,github,59,-0.01833036256613861
metric/the_pile_pubmed_central_val_loss,uspto_backgrounds,freelaw,arxiv,59,-0.0359122031478175
metric/the_pile_pubmed_central_val_loss,uspto_backgrounds,freelaw,pubmed_central,59,-0.056582442289340944
metric/the_pile_pubmed_central_val_loss,uspto_backgrounds,freelaw,pile_cc,59,-0.029734522310318763
metric/the_pile_pubmed_central_val_loss,uspto_backgrounds,stackexchange,github,59,0.004289240765352568
metric/the_pile_pubmed_central_val_loss,uspto_backgrounds,stackexchange,arxiv,59,0.0013070676318427588
metric/the_pile_pubmed_central_val_loss,uspto_backgrounds,stackexchange,pubmed_central,59,-0.011702013810278664
metric/the_pile_pubmed_central_val_loss,uspto_backgrounds,stackexchange,pile_cc,59,-0.01866584884123678
metric/the_pile_pubmed_central_val_loss,uspto_backgrounds,github,arxiv,59,-0.01226738561084914
metric/the_pile_pubmed_central_val_loss,uspto_backgrounds,github,pubmed_central,59,-0.022563143237712375
metric/the_pile_pubmed_central_val_loss,uspto_backgrounds,github,pile_cc,59,-0.027334330380625875
metric/the_pile_pubmed_central_val_loss,uspto_backgrounds,arxiv,pubmed_central,59,0.02079263299550984
metric/the_pile_pubmed_central_val_loss,uspto_backgrounds,arxiv,pile_cc,59,-0.035575329188508975
metric/the_pile_pubmed_central_val_loss,uspto_backgrounds,pubmed_central,pile_cc,59,-0.013415558475976813
metric/the_pile_pubmed_central_val_loss,freelaw,wikipedia_en,uspto_backgrounds,47,0.014498248681844326
metric/the_pile_pubmed_central_val_loss,freelaw,wikipedia_en,stackexchange,47,-0.016720164036363394
metric/the_pile_pubmed_central_val_loss,freelaw,wikipedia_en,github,47,-0.05909623718817599
metric/the_pile_pubmed_central_val_loss,freelaw,wikipedia_en,arxiv,47,-0.021074113563303413
metric/the_pile_pubmed_central_val_loss,freelaw,wikipedia_en,pubmed_central,47,-0.01624222990258045
metric/the_pile_pubmed_central_val_loss,freelaw,wikipedia_en,pile_cc,47,-0.044599028932939926
metric/the_pile_pubmed_central_val_loss,freelaw,uspto_backgrounds,stackexchange,47,-0.034431399480243916
metric/the_pile_pubmed_central_val_loss,freelaw,uspto_backgrounds,github,47,-0.03864123556780883
metric/the_pile_pubmed_central_val_loss,freelaw,uspto_backgrounds,arxiv,47,-0.018861307092775628
metric/the_pile_pubmed_central_val_loss,freelaw,uspto_backgrounds,pubmed_central,47,-0.012633430529297473
metric/the_pile_pubmed_central_val_loss,freelaw,uspto_backgrounds,pile_cc,47,-0.016607911207792144
metric/the_pile_pubmed_central_val_loss,freelaw,stackexchange,github,47,-0.00941819760344238
metric/the_pile_pubmed_central_val_loss,freelaw,stackexchange,arxiv,47,-0.009981363657611394
metric/the_pile_pubmed_central_val_loss,freelaw,stackexchange,pubmed_central,47,-0.021158274047973758
metric/the_pile_pubmed_central_val_loss,freelaw,stackexchange,pile_cc,47,-0.03196661050202513
metric/the_pile_pubmed_central_val_loss,freelaw,github,arxiv,47,-0.022730696207651547
metric/the_pile_pubmed_central_val_loss,freelaw,github,pubmed_central,47,-0.034192755265951995
metric/the_pile_pubmed_central_val_loss,freelaw,github,pile_cc,47,-0.048763197734744065
metric/the_pile_pubmed_central_val_loss,freelaw,arxiv,pubmed_central,47,0.01746364105201933
metric/the_pile_pubmed_central_val_loss,freelaw,arxiv,pile_cc,47,-0.054353007429250665
metric/the_pile_pubmed_central_val_loss,freelaw,pubmed_central,pile_cc,47,-0.012356003601281387
metric/the_pile_pubmed_central_val_loss,stackexchange,wikipedia_en,uspto_backgrounds,72,0.032099458527320116
metric/the_pile_pubmed_central_val_loss,stackexchange,wikipedia_en,freelaw,72,-0.015266657891608717
metric/the_pile_pubmed_central_val_loss,stackexchange,wikipedia_en,github,72,-0.054954289907046885
metric/the_pile_pubmed_central_val_loss,stackexchange,wikipedia_en,arxiv,72,-0.01747630383426804
metric/the_pile_pubmed_central_val_loss,stackexchange,wikipedia_en,pubmed_central,72,-0.015163548972361891
metric/the_pile_pubmed_central_val_loss,stackexchange,wikipedia_en,pile_cc,72,-0.03340240760606421
metric/the_pile_pubmed_central_val_loss,stackexchange,uspto_backgrounds,freelaw,72,-0.010929545937204058
metric/the_pile_pubmed_central_val_loss,stackexchange,uspto_backgrounds,github,72,-0.034345586873316264
metric/the_pile_pubmed_central_val_loss,stackexchange,uspto_backgrounds,arxiv,72,-0.015122629730531344
metric/the_pile_pubmed_central_val_loss,stackexchange,uspto_backgrounds,pubmed_central,72,-0.010852372506465159
metric/the_pile_pubmed_central_val_loss,stackexchange,uspto_backgrounds,pile_cc,72,-0.010669419639170452
metric/the_pile_pubmed_central_val_loss,stackexchange,freelaw,github,72,-0.031202781027955553
metric/the_pile_pubmed_central_val_loss,stackexchange,freelaw,arxiv,72,-0.040849144264695596
metric/the_pile_pubmed_central_val_loss,stackexchange,freelaw,pubmed_central,72,-0.0787415995090169
metric/the_pile_pubmed_central_val_loss,stackexchange,freelaw,pile_cc,72,-0.04002157903122453
metric/the_pile_pubmed_central_val_loss,stackexchange,github,arxiv,72,-0.02182647116469226
metric/the_pile_pubmed_central_val_loss,stackexchange,github,pubmed_central,72,-0.031783800614421404
metric/the_pile_pubmed_central_val_loss,stackexchange,github,pile_cc,72,-0.039660373678304106
metric/the_pile_pubmed_central_val_loss,stackexchange,arxiv,pubmed_central,72,0.01303847330330437
metric/the_pile_pubmed_central_val_loss,stackexchange,arxiv,pile_cc,72,-0.04195697957948618
metric/the_pile_pubmed_central_val_loss,stackexchange,pubmed_central,pile_cc,72,-0.01607928819929846
metric/the_pile_pubmed_central_val_loss,github,wikipedia_en,uspto_backgrounds,77,0.03802227874012873
metric/the_pile_pubmed_central_val_loss,github,wikipedia_en,freelaw,77,-0.012743381955668797
metric/the_pile_pubmed_central_val_loss,github,wikipedia_en,stackexchange,77,-0.011652918652643673
metric/the_pile_pubmed_central_val_loss,github,wikipedia_en,arxiv,77,-0.016821114087168125
metric/the_pile_pubmed_central_val_loss,github,wikipedia_en,pubmed_central,77,-0.012414347089388484
metric/the_pile_pubmed_central_val_loss,github,wikipedia_en,pile_cc,77,-0.03842224067025338
metric/the_pile_pubmed_central_val_loss,github,uspto_backgrounds,freelaw,77,-0.012108910948706513
metric/the_pile_pubmed_central_val_loss,github,uspto_backgrounds,stackexchange,77,-0.04113864703276349
metric/the_pile_pubmed_central_val_loss,github,uspto_backgrounds,arxiv,77,-0.019468148812263195
metric/the_pile_pubmed_central_val_loss,github,uspto_backgrounds,pubmed_central,77,-0.01190839584092971
metric/the_pile_pubmed_central_val_loss,github,uspto_backgrounds,pile_cc,77,-0.012520470497023838
metric/the_pile_pubmed_central_val_loss,github,freelaw,stackexchange,77,-0.022756833827098553
metric/the_pile_pubmed_central_val_loss,github,freelaw,arxiv,77,-0.04473306046969669
metric/the_pile_pubmed_central_val_loss,github,freelaw,pubmed_central,77,-0.07069870725395615
metric/the_pile_pubmed_central_val_loss,github,freelaw,pile_cc,77,-0.04426641677449403
metric/the_pile_pubmed_central_val_loss,github,stackexchange,arxiv,77,-0.013519934411637522
metric/the_pile_pubmed_central_val_loss,github,stackexchange,pubmed_central,77,-0.02542189120950666
metric/the_pile_pubmed_central_val_loss,github,stackexchange,pile_cc,77,-0.03488383062958516
metric/the_pile_pubmed_central_val_loss,github,arxiv,pubmed_central,77,0.010658812136265875
metric/the_pile_pubmed_central_val_loss,github,arxiv,pile_cc,77,-0.053235546040621945
metric/the_pile_pubmed_central_val_loss,github,pubmed_central,pile_cc,77,-0.017343539222411993
metric/the_pile_pubmed_central_val_loss,arxiv,wikipedia_en,uspto_backgrounds,65,0.03869383661533438
metric/the_pile_pubmed_central_val_loss,arxiv,wikipedia_en,freelaw,65,-0.009911786208066677
metric/the_pile_pubmed_central_val_loss,arxiv,wikipedia_en,stackexchange,65,-0.007809273442577452
metric/the_pile_pubmed_central_val_loss,arxiv,wikipedia_en,github,65,-0.052832509074732414
metric/the_pile_pubmed_central_val_loss,arxiv,wikipedia_en,pubmed_central,65,-0.017455195159744794
metric/the_pile_pubmed_central_val_loss,arxiv,wikipedia_en,pile_cc,65,-0.030015853760788695
metric/the_pile_pubmed_central_val_loss,arxiv,uspto_backgrounds,freelaw,65,-0.006226624526002181
metric/the_pile_pubmed_central_val_loss,arxiv,uspto_backgrounds,stackexchange,65,-0.02732709166123376
metric/the_pile_pubmed_central_val_loss,arxiv,uspto_backgrounds,github,65,-0.03045523289157477
metric/the_pile_pubmed_central_val_loss,arxiv,uspto_backgrounds,pubmed_central,65,-0.01521113875104133
metric/the_pile_pubmed_central_val_loss,arxiv,uspto_backgrounds,pile_cc,65,-0.007181044548324641
metric/the_pile_pubmed_central_val_loss,arxiv,freelaw,stackexchange,65,-0.008639728906310314
metric/the_pile_pubmed_central_val_loss,arxiv,freelaw,github,65,-0.022986380833285188
metric/the_pile_pubmed_central_val_loss,arxiv,freelaw,pubmed_central,65,-0.08121262437519959
metric/the_pile_pubmed_central_val_loss,arxiv,freelaw,pile_cc,65,-0.03802880391315395
metric/the_pile_pubmed_central_val_loss,arxiv,stackexchange,github,65,-0.003514749531864947
metric/the_pile_pubmed_central_val_loss,arxiv,stackexchange,pubmed_central,65,-0.02454936411860497
metric/the_pile_pubmed_central_val_loss,arxiv,stackexchange,pile_cc,65,-0.017653515692059356
metric/the_pile_pubmed_central_val_loss,arxiv,github,pubmed_central,65,-0.03445235730514882
metric/the_pile_pubmed_central_val_loss,arxiv,github,pile_cc,65,-0.03210568245336227
metric/the_pile_pubmed_central_val_loss,arxiv,pubmed_central,pile_cc,65,-0.014525618890534343
metric/the_pile_pubmed_central_val_loss,pubmed_central,wikipedia_en,uspto_backgrounds,81,0.08083131339650737
metric/the_pile_pubmed_central_val_loss,pubmed_central,wikipedia_en,freelaw,81,0.04158657969395951
metric/the_pile_pubmed_central_val_loss,pubmed_central,wikipedia_en,stackexchange,81,0.04122230581216249
metric/the_pile_pubmed_central_val_loss,pubmed_central,wikipedia_en,github,81,-0.003008394283917179
metric/the_pile_pubmed_central_val_loss,pubmed_central,wikipedia_en,arxiv,81,0.027703034578086434
metric/the_pile_pubmed_central_val_loss,pubmed_central,wikipedia_en,pile_cc,81,0.018037896310897368
metric/the_pile_pubmed_central_val_loss,pubmed_central,uspto_backgrounds,freelaw,81,0.04517085368983939
metric/the_pile_pubmed_central_val_loss,pubmed_central,uspto_backgrounds,stackexchange,81,0.018200986088552955
metric/the_pile_pubmed_central_val_loss,pubmed_central,uspto_backgrounds,github,81,0.017498116014371734
metric/the_pile_pubmed_central_val_loss,pubmed_central,uspto_backgrounds,arxiv,81,0.026924971452508953
metric/the_pile_pubmed_central_val_loss,pubmed_central,uspto_backgrounds,pile_cc,81,0.033226868385151986
metric/the_pile_pubmed_central_val_loss,pubmed_central,freelaw,stackexchange,81,0.04333605249140687
metric/the_pile_pubmed_central_val_loss,pubmed_central,freelaw,github,81,0.02746512806501812
metric/the_pile_pubmed_central_val_loss,pubmed_central,freelaw,arxiv,81,0.01305816540846395
metric/the_pile_pubmed_central_val_loss,pubmed_central,freelaw,pile_cc,81,0.017591162878125746
metric/the_pile_pubmed_central_val_loss,pubmed_central,stackexchange,github,81,0.047026044745348966
metric/the_pile_pubmed_central_val_loss,pubmed_central,stackexchange,arxiv,81,0.03951709223153442
metric/the_pile_pubmed_central_val_loss,pubmed_central,stackexchange,pile_cc,81,0.024729414932323644
metric/the_pile_pubmed_central_val_loss,pubmed_central,github,arxiv,81,0.025944719641351054
metric/the_pile_pubmed_central_val_loss,pubmed_central,github,pile_cc,81,0.010194904054409492
metric/the_pile_pubmed_central_val_loss,pubmed_central,arxiv,pile_cc,81,-0.0047853822581236955
metric/the_pile_pubmed_central_val_loss,pile_cc,wikipedia_en,uspto_backgrounds,68,0.02923388427614133
metric/the_pile_pubmed_central_val_loss,pile_cc,wikipedia_en,freelaw,68,-0.008070640136001679
metric/the_pile_pubmed_central_val_loss,pile_cc,wikipedia_en,stackexchange,68,-0.005744736393780644
metric/the_pile_pubmed_central_val_loss,pile_cc,wikipedia_en,github,68,-0.04766304340958948
metric/the_pile_pubmed_central_val_loss,pile_cc,wikipedia_en,arxiv,68,-0.009988841204654748
metric/the_pile_pubmed_central_val_loss,pile_cc,wikipedia_en,pubmed_central,68,-0.012614211653885543
metric/the_pile_pubmed_central_val_loss,pile_cc,uspto_backgrounds,freelaw,68,-0.008594725746821505
metric/the_pile_pubmed_central_val_loss,pile_cc,uspto_backgrounds,stackexchange,68,-0.027484306420139194
metric/the_pile_pubmed_central_val_loss,pile_cc,uspto_backgrounds,github,68,-0.029234408816152885
metric/the_pile_pubmed_central_val_loss,pile_cc,uspto_backgrounds,arxiv,68,-0.01058509003306953
metric/the_pile_pubmed_central_val_loss,pile_cc,uspto_backgrounds,pubmed_central,68,-0.013731711294437536
metric/the_pile_pubmed_central_val_loss,pile_cc,freelaw,stackexchange,68,-0.01088459280334951
metric/the_pile_pubmed_central_val_loss,pile_cc,freelaw,github,68,-0.021525781137592626
metric/the_pile_pubmed_central_val_loss,pile_cc,freelaw,arxiv,68,-0.03441325903073816
metric/the_pile_pubmed_central_val_loss,pile_cc,freelaw,pubmed_central,68,-0.06829772776650708
metric/the_pile_pubmed_central_val_loss,pile_cc,stackexchange,github,68,-0.00045274751413768184
metric/the_pile_pubmed_central_val_loss,pile_cc,stackexchange,arxiv,68,-0.0010604032494298237
metric/the_pile_pubmed_central_val_loss,pile_cc,stackexchange,pubmed_central,68,-0.022852014294167257
metric/the_pile_pubmed_central_val_loss,pile_cc,github,arxiv,68,-0.018725062602827913
metric/the_pile_pubmed_central_val_loss,pile_cc,github,pubmed_central,68,-0.033950882027429755
metric/the_pile_pubmed_central_val_loss,pile_cc,arxiv,pubmed_central,68,0.021970138577105457
metric/the_pile_wikipedia_en_val_loss,wikipedia_en,uspto_backgrounds,freelaw,49,0.031694332390081424
metric/the_pile_wikipedia_en_val_loss,wikipedia_en,uspto_backgrounds,stackexchange,49,0.010933821268864706
metric/the_pile_wikipedia_en_val_loss,wikipedia_en,uspto_backgrounds,github,49,0.016547625153132833
metric/the_pile_wikipedia_en_val_loss,wikipedia_en,uspto_backgrounds,arxiv,49,0.032231923522883184
metric/the_pile_wikipedia_en_val_loss,wikipedia_en,uspto_backgrounds,pubmed_central,49,0.02874824199633305
metric/the_pile_wikipedia_en_val_loss,wikipedia_en,uspto_backgrounds,pile_cc,49,0.012082318878169247
metric/the_pile_wikipedia_en_val_loss,wikipedia_en,freelaw,stackexchange,49,0.03554177462537616
metric/the_pile_wikipedia_en_val_loss,wikipedia_en,freelaw,github,49,0.020621823242254127
metric/the_pile_wikipedia_en_val_loss,wikipedia_en,freelaw,arxiv,49,0.016303169326269566
metric/the_pile_wikipedia_en_val_loss,wikipedia_en,freelaw,pubmed_central,49,0.013421866785139411
metric/the_pile_wikipedia_en_val_loss,wikipedia_en,freelaw,pile_cc,49,0.018475655616084642
metric/the_pile_wikipedia_en_val_loss,wikipedia_en,stackexchange,github,49,0.03079643304217906
metric/the_pile_wikipedia_en_val_loss,wikipedia_en,stackexchange,arxiv,49,0.025356976366981455
metric/the_pile_wikipedia_en_val_loss,wikipedia_en,stackexchange,pubmed_central,49,0.02179512537673364
metric/the_pile_wikipedia_en_val_loss,wikipedia_en,stackexchange,pile_cc,49,0.01954784065663581
metric/the_pile_wikipedia_en_val_loss,wikipedia_en,github,arxiv,49,0.01678097217528989
metric/the_pile_wikipedia_en_val_loss,wikipedia_en,github,pubmed_central,49,0.016914557319205624
metric/the_pile_wikipedia_en_val_loss,wikipedia_en,github,pile_cc,49,-0.004122213043226479
metric/the_pile_wikipedia_en_val_loss,wikipedia_en,arxiv,pubmed_central,49,0.02043697306804154
metric/the_pile_wikipedia_en_val_loss,wikipedia_en,arxiv,pile_cc,49,0.0027798069603853894
metric/the_pile_wikipedia_en_val_loss,wikipedia_en,pubmed_central,pile_cc,49,0.022218536206334995
metric/the_pile_wikipedia_en_val_loss,uspto_backgrounds,wikipedia_en,freelaw,59,0.01009457691018255
metric/the_pile_wikipedia_en_val_loss,uspto_backgrounds,wikipedia_en,stackexchange,59,0.005245030509840286
metric/the_pile_wikipedia_en_val_loss,uspto_backgrounds,wikipedia_en,github,59,-0.024363178150903084
metric/the_pile_wikipedia_en_val_loss,uspto_backgrounds,wikipedia_en,arxiv,59,-0.01855344927800728
metric/the_pile_wikipedia_en_val_loss,uspto_backgrounds,wikipedia_en,pubmed_central,59,0.0005749871531616344
metric/the_pile_wikipedia_en_val_loss,uspto_backgrounds,wikipedia_en,pile_cc,59,0.08842292336170926
metric/the_pile_wikipedia_en_val_loss,uspto_backgrounds,freelaw,stackexchange,59,0.0017179662228963691
metric/the_pile_wikipedia_en_val_loss,uspto_backgrounds,freelaw,github,59,-0.01672737662117276
metric/the_pile_wikipedia_en_val_loss,uspto_backgrounds,freelaw,arxiv,59,-0.024898346455077425
metric/the_pile_wikipedia_en_val_loss,uspto_backgrounds,freelaw,pubmed_central,59,-0.019429869372165606
metric/the_pile_wikipedia_en_val_loss,uspto_backgrounds,freelaw,pile_cc,59,-0.006158422056435874
metric/the_pile_wikipedia_en_val_loss,uspto_backgrounds,stackexchange,github,59,-0.006201875316811882
metric/the_pile_wikipedia_en_val_loss,uspto_backgrounds,stackexchange,arxiv,59,-0.01225853992691071
metric/the_pile_wikipedia_en_val_loss,uspto_backgrounds,stackexchange,pubmed_central,59,-0.013292156319107257
metric/the_pile_wikipedia_en_val_loss,uspto_backgrounds,stackexchange,pile_cc,59,-0.0028452803605922387
metric/the_pile_wikipedia_en_val_loss,uspto_backgrounds,github,arxiv,59,-0.01931910684641487
metric/the_pile_wikipedia_en_val_loss,uspto_backgrounds,github,pubmed_central,59,-0.02335891267691711
metric/the_pile_wikipedia_en_val_loss,uspto_backgrounds,github,pile_cc,59,-0.022302065112442114
metric/the_pile_wikipedia_en_val_loss,uspto_backgrounds,arxiv,pubmed_central,59,-0.02114367055798774
metric/the_pile_wikipedia_en_val_loss,uspto_backgrounds,arxiv,pile_cc,59,-0.02101997262447255
metric/the_pile_wikipedia_en_val_loss,uspto_backgrounds,pubmed_central,pile_cc,59,-0.004332217441667811
metric/the_pile_wikipedia_en_val_loss,freelaw,wikipedia_en,uspto_backgrounds,47,0.007324904762346995
metric/the_pile_wikipedia_en_val_loss,freelaw,wikipedia_en,stackexchange,47,-2.9122764925308302e-05
metric/the_pile_wikipedia_en_val_loss,freelaw,wikipedia_en,github,47,-0.025875553752522474
metric/the_pile_wikipedia_en_val_loss,freelaw,wikipedia_en,arxiv,47,-0.017013683314327968
metric/the_pile_wikipedia_en_val_loss,freelaw,wikipedia_en,pubmed_central,47,0.002436162806657088
metric/the_pile_wikipedia_en_val_loss,freelaw,wikipedia_en,pile_cc,47,0.11167880766070921
metric/the_pile_wikipedia_en_val_loss,freelaw,uspto_backgrounds,stackexchange,47,-0.02306608489724792
metric/the_pile_wikipedia_en_val_loss,freelaw,uspto_backgrounds,github,47,-0.019803606338941068
metric/the_pile_wikipedia_en_val_loss,freelaw,uspto_backgrounds,arxiv,47,-0.00532643703733613
metric/the_pile_wikipedia_en_val_loss,freelaw,uspto_backgrounds,pubmed_central,47,-0.007644558494210862
metric/the_pile_wikipedia_en_val_loss,freelaw,uspto_backgrounds,pile_cc,47,-0.013490789491184183
metric/the_pile_wikipedia_en_val_loss,freelaw,stackexchange,github,47,-0.01086506789548148
metric/the_pile_wikipedia_en_val_loss,freelaw,stackexchange,arxiv,47,-0.01662867633819224
metric/the_pile_wikipedia_en_val_loss,freelaw,stackexchange,pubmed_central,47,-0.019685711431859987
metric/the_pile_wikipedia_en_val_loss,freelaw,stackexchange,pile_cc,47,-0.009215867273156824
metric/the_pile_wikipedia_en_val_loss,freelaw,github,arxiv,47,-0.020077200392551914
metric/the_pile_wikipedia_en_val_loss,freelaw,github,pubmed_central,47,-0.029602517199182228
metric/the_pile_wikipedia_en_val_loss,freelaw,github,pile_cc,47,-0.03518836252397498
metric/the_pile_wikipedia_en_val_loss,freelaw,arxiv,pubmed_central,47,-0.016268368548713344
metric/the_pile_wikipedia_en_val_loss,freelaw,arxiv,pile_cc,47,-0.028806060357460223
metric/the_pile_wikipedia_en_val_loss,freelaw,pubmed_central,pile_cc,47,-0.004673530543754832
metric/the_pile_wikipedia_en_val_loss,stackexchange,wikipedia_en,uspto_backgrounds,72,0.015838821119020612
metric/the_pile_wikipedia_en_val_loss,stackexchange,wikipedia_en,freelaw,72,0.010674906326301204
metric/the_pile_wikipedia_en_val_loss,stackexchange,wikipedia_en,github,72,-0.02610152383163246
metric/the_pile_wikipedia_en_val_loss,stackexchange,wikipedia_en,arxiv,72,-0.014851778565337592
metric/the_pile_wikipedia_en_val_loss,stackexchange,wikipedia_en,pubmed_central,72,0.0013187946587228166
metric/the_pile_wikipedia_en_val_loss,stackexchange,wikipedia_en,pile_cc,72,0.08583615782007187
metric/the_pile_wikipedia_en_val_loss,stackexchange,uspto_backgrounds,freelaw,72,-0.002773671795646212
metric/the_pile_wikipedia_en_val_loss,stackexchange,uspto_backgrounds,github,72,-0.018965931806625425
metric/the_pile_wikipedia_en_val_loss,stackexchange,uspto_backgrounds,arxiv,72,-0.0037481635805333025
metric/the_pile_wikipedia_en_val_loss,stackexchange,uspto_backgrounds,pubmed_central,72,-0.005463670406614391
metric/the_pile_wikipedia_en_val_loss,stackexchange,uspto_backgrounds,pile_cc,72,-0.01103803334931276
metric/the_pile_wikipedia_en_val_loss,stackexchange,freelaw,github,72,-0.0229557309551968
metric/the_pile_wikipedia_en_val_loss,stackexchange,freelaw,arxiv,72,-0.024721910572010675
metric/the_pile_wikipedia_en_val_loss,stackexchange,freelaw,pubmed_central,72,-0.026035873409726868
metric/the_pile_wikipedia_en_val_loss,stackexchange,freelaw,pile_cc,72,-0.010112518448120186
metric/the_pile_wikipedia_en_val_loss,stackexchange,github,arxiv,72,-0.01827617662964245
metric/the_pile_wikipedia_en_val_loss,stackexchange,github,pubmed_central,72,-0.0253081331132134
metric/the_pile_wikipedia_en_val_loss,stackexchange,github,pile_cc,72,-0.029690281635074995
metric/the_pile_wikipedia_en_val_loss,stackexchange,arxiv,pubmed_central,72,-0.020677594096477032
metric/the_pile_wikipedia_en_val_loss,stackexchange,arxiv,pile_cc,72,-0.02294697753047646
metric/the_pile_wikipedia_en_val_loss,stackexchange,pubmed_central,pile_cc,72,-0.005671714244660866
metric/the_pile_wikipedia_en_val_loss,github,wikipedia_en,uspto_backgrounds,77,0.015928263849681677
metric/the_pile_wikipedia_en_val_loss,github,wikipedia_en,freelaw,77,0.01704403813520958
metric/the_pile_wikipedia_en_val_loss,github,wikipedia_en,stackexchange,77,0.003763437302606246
metric/the_pile_wikipedia_en_val_loss,github,wikipedia_en,arxiv,77,-0.018839149053274416
metric/the_pile_wikipedia_en_val_loss,github,wikipedia_en,pubmed_central,77,0.0011741140156754056
metric/the_pile_wikipedia_en_val_loss,github,wikipedia_en,pile_cc,77,0.12657934181018587
metric/the_pile_wikipedia_en_val_loss,github,uspto_backgrounds,freelaw,77,-0.005766348364081502
metric/the_pile_wikipedia_en_val_loss,github,uspto_backgrounds,stackexchange,77,-0.03259130018484373
metric/the_pile_wikipedia_en_val_loss,github,uspto_backgrounds,arxiv,77,-0.009993097449104597
metric/the_pile_wikipedia_en_val_loss,github,uspto_backgrounds,pubmed_central,77,-0.00972653317421716
metric/the_pile_wikipedia_en_val_loss,github,uspto_backgrounds,pile_cc,77,-0.013741358540031001
metric/the_pile_wikipedia_en_val_loss,github,freelaw,stackexchange,77,-0.003894182662565723
metric/the_pile_wikipedia_en_val_loss,github,freelaw,arxiv,77,-0.028383813256785052
metric/the_pile_wikipedia_en_val_loss,github,freelaw,pubmed_central,77,-0.025033123635391157
metric/the_pile_wikipedia_en_val_loss,github,freelaw,pile_cc,77,-0.008155339506332519
metric/the_pile_wikipedia_en_val_loss,github,stackexchange,arxiv,77,-0.022244444530147005
metric/the_pile_wikipedia_en_val_loss,github,stackexchange,pubmed_central,77,-0.022289629842011285
metric/the_pile_wikipedia_en_val_loss,github,stackexchange,pile_cc,77,-0.009318897226501626
metric/the_pile_wikipedia_en_val_loss,github,arxiv,pubmed_central,77,-0.024548682916708656
metric/the_pile_wikipedia_en_val_loss,github,arxiv,pile_cc,77,-0.02953687119703812
metric/the_pile_wikipedia_en_val_loss,github,pubmed_central,pile_cc,77,-0.006121733834279207
metric/the_pile_wikipedia_en_val_loss,arxiv,wikipedia_en,uspto_backgrounds,65,0.01670755985022492
metric/the_pile_wikipedia_en_val_loss,arxiv,wikipedia_en,freelaw,65,0.021468197817375766
metric/the_pile_wikipedia_en_val_loss,arxiv,wikipedia_en,stackexchange,65,0.00423210695494063
metric/the_pile_wikipedia_en_val_loss,arxiv,wikipedia_en,github,65,-0.02616775337624747
metric/the_pile_wikipedia_en_val_loss,arxiv,wikipedia_en,pubmed_central,65,0.004453144298064802
metric/the_pile_wikipedia_en_val_loss,arxiv,wikipedia_en,pile_cc,65,0.10330181222981427
metric/the_pile_wikipedia_en_val_loss,arxiv,uspto_backgrounds,freelaw,65,-0.003979722801478594
metric/the_pile_wikipedia_en_val_loss,arxiv,uspto_backgrounds,stackexchange,65,-0.02400560097506875
metric/the_pile_wikipedia_en_val_loss,arxiv,uspto_backgrounds,github,65,-0.022250537586947568
metric/the_pile_wikipedia_en_val_loss,arxiv,uspto_backgrounds,pubmed_central,65,-0.009813859335200065
metric/the_pile_wikipedia_en_val_loss,arxiv,uspto_backgrounds,pile_cc,65,-0.012920009287045052
metric/the_pile_wikipedia_en_val_loss,arxiv,freelaw,stackexchange,65,-2.747762549622971e-05
metric/the_pile_wikipedia_en_val_loss,arxiv,freelaw,github,65,-0.021158661229012735
metric/the_pile_wikipedia_en_val_loss,arxiv,freelaw,pubmed_central,65,-0.025093725995927886
metric/the_pile_wikipedia_en_val_loss,arxiv,freelaw,pile_cc,65,-0.006512010073795666
metric/the_pile_wikipedia_en_val_loss,arxiv,stackexchange,github,65,-0.010740502024096417
metric/the_pile_wikipedia_en_val_loss,arxiv,stackexchange,pubmed_central,65,-0.019959430800885337
metric/the_pile_wikipedia_en_val_loss,arxiv,stackexchange,pile_cc,65,-0.005607409937779031
metric/the_pile_wikipedia_en_val_loss,arxiv,github,pubmed_central,65,-0.028929670002498617
metric/the_pile_wikipedia_en_val_loss,arxiv,github,pile_cc,65,-0.02859797253055219
metric/the_pile_wikipedia_en_val_loss,arxiv,pubmed_central,pile_cc,65,-0.004090259467806672
metric/the_pile_wikipedia_en_val_loss,pubmed_central,wikipedia_en,uspto_backgrounds,81,0.014779055137357293
metric/the_pile_wikipedia_en_val_loss,pubmed_central,wikipedia_en,freelaw,81,0.01919309965616889
metric/the_pile_wikipedia_en_val_loss,pubmed_central,wikipedia_en,stackexchange,81,0.005152796131510871
metric/the_pile_wikipedia_en_val_loss,pubmed_central,wikipedia_en,github,81,-0.024340550621092655
metric/the_pile_wikipedia_en_val_loss,pubmed_central,wikipedia_en,arxiv,81,-0.016281098426288984
metric/the_pile_wikipedia_en_val_loss,pubmed_central,wikipedia_en,pile_cc,81,0.08347445771757135
metric/the_pile_wikipedia_en_val_loss,pubmed_central,uspto_backgrounds,freelaw,81,-0.0011143937698089425
metric/the_pile_wikipedia_en_val_loss,pubmed_central,uspto_backgrounds,stackexchange,81,-0.022774506322924718
metric/the_pile_wikipedia_en_val_loss,pubmed_central,uspto_backgrounds,github,81,-0.01840335134539444
metric/the_pile_wikipedia_en_val_loss,pubmed_central,uspto_backgrounds,arxiv,81,-0.0054534176152243865
metric/the_pile_wikipedia_en_val_loss,pubmed_central,uspto_backgrounds,pile_cc,81,-0.014480518209331316
metric/the_pile_wikipedia_en_val_loss,pubmed_central,freelaw,stackexchange,81,0.0030258310143164227
metric/the_pile_wikipedia_en_val_loss,pubmed_central,freelaw,github,81,-0.018953015325231155
metric/the_pile_wikipedia_en_val_loss,pubmed_central,freelaw,arxiv,81,-0.020282908099238547
metric/the_pile_wikipedia_en_val_loss,pubmed_central,freelaw,pile_cc,81,-0.005691809746294541
metric/the_pile_wikipedia_en_val_loss,pubmed_central,stackexchange,github,81,-0.006505318132298548
metric/the_pile_wikipedia_en_val_loss,pubmed_central,stackexchange,arxiv,81,-0.013294467516460132
metric/the_pile_wikipedia_en_val_loss,pubmed_central,stackexchange,pile_cc,81,-0.005369115907461473
metric/the_pile_wikipedia_en_val_loss,pubmed_central,github,arxiv,81,-0.01888971357155883
metric/the_pile_wikipedia_en_val_loss,pubmed_central,github,pile_cc,81,-0.028946265883785308
metric/the_pile_wikipedia_en_val_loss,pubmed_central,arxiv,pile_cc,81,-0.025940915567366087
metric/the_pile_wikipedia_en_val_loss,pile_cc,wikipedia_en,uspto_backgrounds,68,0.015382270107771764
metric/the_pile_wikipedia_en_val_loss,pile_cc,wikipedia_en,freelaw,68,0.015543905335032386
metric/the_pile_wikipedia_en_val_loss,pile_cc,wikipedia_en,stackexchange,68,0.0052919158608633705
metric/the_pile_wikipedia_en_val_loss,pile_cc,wikipedia_en,github,68,-0.020721796122311554
metric/the_pile_wikipedia_en_val_loss,pile_cc,wikipedia_en,arxiv,68,-0.011898222805891217
metric/the_pile_wikipedia_en_val_loss,pile_cc,wikipedia_en,pubmed_central,68,0.004222893114334619
metric/the_pile_wikipedia_en_val_loss,pile_cc,uspto_backgrounds,freelaw,68,0.008912780618753812
metric/the_pile_wikipedia_en_val_loss,pile_cc,uspto_backgrounds,stackexchange,68,-0.010103025210166084
metric/the_pile_wikipedia_en_val_loss,pile_cc,uspto_backgrounds,github,68,-0.005166266165016619
metric/the_pile_wikipedia_en_val_loss,pile_cc,uspto_backgrounds,arxiv,68,0.008162954708765498
metric/the_pile_wikipedia_en_val_loss,pile_cc,uspto_backgrounds,pubmed_central,68,0.0025360071324612384
metric/the_pile_wikipedia_en_val_loss,pile_cc,freelaw,stackexchange,68,0.011084756029687967
metric/the_pile_wikipedia_en_val_loss,pile_cc,freelaw,github,68,-0.00672685958269165
metric/the_pile_wikipedia_en_val_loss,pile_cc,freelaw,arxiv,68,-0.011872230359436298
metric/the_pile_wikipedia_en_val_loss,pile_cc,freelaw,pubmed_central,68,-0.012107909687809629
metric/the_pile_wikipedia_en_val_loss,pile_cc,stackexchange,github,68,0.001714301633251598
metric/the_pile_wikipedia_en_val_loss,pile_cc,stackexchange,arxiv,68,-0.002629777342103724
metric/the_pile_wikipedia_en_val_loss,pile_cc,stackexchange,pubmed_central,68,-0.011817600926514437
metric/the_pile_wikipedia_en_val_loss,pile_cc,github,arxiv,68,-0.012429399666544341
metric/the_pile_wikipedia_en_val_loss,pile_cc,github,pubmed_central,68,-0.019834976846928483
metric/the_pile_wikipedia_en_val_loss,pile_cc,arxiv,pubmed_central,68,-0.010703524623145081
metric/the_pile_dm_mathematics_val_loss,wikipedia_en,uspto_backgrounds,freelaw,49,-0.04165180909183841
metric/the_pile_dm_mathematics_val_loss,wikipedia_en,uspto_backgrounds,stackexchange,49,-0.05396858241237353
metric/the_pile_dm_mathematics_val_loss,wikipedia_en,uspto_backgrounds,github,49,-0.053334356630309686
metric/the_pile_dm_mathematics_val_loss,wikipedia_en,uspto_backgrounds,arxiv,49,-0.029945083185124052
metric/the_pile_dm_mathematics_val_loss,wikipedia_en,uspto_backgrounds,pubmed_central,49,-0.049582568109943846
metric/the_pile_dm_mathematics_val_loss,wikipedia_en,uspto_backgrounds,pile_cc,49,-0.029087853126228816
metric/the_pile_dm_mathematics_val_loss,wikipedia_en,freelaw,stackexchange,49,-0.022406776107859724
metric/the_pile_dm_mathematics_val_loss,wikipedia_en,freelaw,github,49,-0.039185852399451764
metric/the_pile_dm_mathematics_val_loss,wikipedia_en,freelaw,arxiv,49,-0.08359717960250665
metric/the_pile_dm_mathematics_val_loss,wikipedia_en,freelaw,pubmed_central,49,-0.10973808133302693
metric/the_pile_dm_mathematics_val_loss,wikipedia_en,freelaw,pile_cc,49,-0.05672790390881624
metric/the_pile_dm_mathematics_val_loss,wikipedia_en,stackexchange,github,49,-0.007980417509492129
metric/the_pile_dm_mathematics_val_loss,wikipedia_en,stackexchange,arxiv,49,-0.04325374835930933
metric/the_pile_dm_mathematics_val_loss,wikipedia_en,stackexchange,pubmed_central,49,-0.04981629823131675
metric/the_pile_dm_mathematics_val_loss,wikipedia_en,stackexchange,pile_cc,49,-0.05421444386332828
metric/the_pile_dm_mathematics_val_loss,wikipedia_en,github,arxiv,49,-0.04172418738321511
metric/the_pile_dm_mathematics_val_loss,wikipedia_en,github,pubmed_central,49,-0.04515206456570408
metric/the_pile_dm_mathematics_val_loss,wikipedia_en,github,pile_cc,49,-0.05004441386288594
metric/the_pile_dm_mathematics_val_loss,wikipedia_en,arxiv,pubmed_central,49,-0.05194441850052371
metric/the_pile_dm_mathematics_val_loss,wikipedia_en,arxiv,pile_cc,49,-0.04349769369095082
metric/the_pile_dm_mathematics_val_loss,wikipedia_en,pubmed_central,pile_cc,49,-0.0412661842694341
metric/the_pile_dm_mathematics_val_loss,uspto_backgrounds,wikipedia_en,freelaw,59,-0.029287955617607546
metric/the_pile_dm_mathematics_val_loss,uspto_backgrounds,wikipedia_en,stackexchange,59,-0.02327028369469653
metric/the_pile_dm_mathematics_val_loss,uspto_backgrounds,wikipedia_en,github,59,-0.0672958278571453
metric/the_pile_dm_mathematics_val_loss,uspto_backgrounds,wikipedia_en,arxiv,59,-0.05268381074344895
metric/the_pile_dm_mathematics_val_loss,uspto_backgrounds,wikipedia_en,pubmed_central,59,-0.03264713506206287
metric/the_pile_dm_mathematics_val_loss,uspto_backgrounds,wikipedia_en,pile_cc,59,-0.10583373028007982
metric/the_pile_dm_mathematics_val_loss,uspto_backgrounds,freelaw,stackexchange,59,-0.017428111507003748
metric/the_pile_dm_mathematics_val_loss,uspto_backgrounds,freelaw,github,59,-0.03862273663416485
metric/the_pile_dm_mathematics_val_loss,uspto_backgrounds,freelaw,arxiv,59,-0.09260643713334592
metric/the_pile_dm_mathematics_val_loss,uspto_backgrounds,freelaw,pubmed_central,59,-0.08820026767420767
metric/the_pile_dm_mathematics_val_loss,uspto_backgrounds,freelaw,pile_cc,59,-0.06476185733321797
metric/the_pile_dm_mathematics_val_loss,uspto_backgrounds,stackexchange,github,59,-0.009100958171355072
metric/the_pile_dm_mathematics_val_loss,uspto_backgrounds,stackexchange,arxiv,59,-0.04398052785737213
metric/the_pile_dm_mathematics_val_loss,uspto_backgrounds,stackexchange,pubmed_central,59,-0.04424634712309093
metric/the_pile_dm_mathematics_val_loss,uspto_backgrounds,stackexchange,pile_cc,59,-0.055888792452536154
metric/the_pile_dm_mathematics_val_loss,uspto_backgrounds,github,arxiv,59,-0.03962827433100313
metric/the_pile_dm_mathematics_val_loss,uspto_backgrounds,github,pubmed_central,59,-0.04629347754530524
metric/the_pile_dm_mathematics_val_loss,uspto_backgrounds,github,pile_cc,59,-0.04800079741880334
metric/the_pile_dm_mathematics_val_loss,uspto_backgrounds,arxiv,pubmed_central,59,-0.05511869256571755
metric/the_pile_dm_mathematics_val_loss,uspto_backgrounds,arxiv,pile_cc,59,-0.0488059936073602
metric/the_pile_dm_mathematics_val_loss,uspto_backgrounds,pubmed_central,pile_cc,59,-0.06134220075462649
metric/the_pile_dm_mathematics_val_loss,freelaw,wikipedia_en,uspto_backgrounds,47,0.051647890795920914
metric/the_pile_dm_mathematics_val_loss,freelaw,wikipedia_en,stackexchange,47,-0.017608594115934385
metric/the_pile_dm_mathematics_val_loss,freelaw,wikipedia_en,github,47,-0.05951404770640321
metric/the_pile_dm_mathematics_val_loss,freelaw,wikipedia_en,arxiv,47,-0.03322871034010944
metric/the_pile_dm_mathematics_val_loss,freelaw,wikipedia_en,pubmed_central,47,-0.01882626984763328
metric/the_pile_dm_mathematics_val_loss,freelaw,wikipedia_en,pile_cc,47,-0.10797593081670953
metric/the_pile_dm_mathematics_val_loss,freelaw,uspto_backgrounds,stackexchange,47,-0.03815565559655734
metric/the_pile_dm_mathematics_val_loss,freelaw,uspto_backgrounds,github,47,-0.04066258714414073
metric/the_pile_dm_mathematics_val_loss,freelaw,uspto_backgrounds,arxiv,47,-0.011688985780791035
metric/the_pile_dm_mathematics_val_loss,freelaw,uspto_backgrounds,pubmed_central,47,-0.028718227292366012
metric/the_pile_dm_mathematics_val_loss,freelaw,uspto_backgrounds,pile_cc,47,-0.01815082657411439
metric/the_pile_dm_mathematics_val_loss,freelaw,stackexchange,github,47,-0.013903350653004692
metric/the_pile_dm_mathematics_val_loss,freelaw,stackexchange,arxiv,47,-0.043880205312091906
metric/the_pile_dm_mathematics_val_loss,freelaw,stackexchange,pubmed_central,47,-0.05041644556575512
metric/the_pile_dm_mathematics_val_loss,freelaw,stackexchange,pile_cc,47,-0.06255482534234923
metric/the_pile_dm_mathematics_val_loss,freelaw,github,arxiv,47,-0.03440683510801589
metric/the_pile_dm_mathematics_val_loss,freelaw,github,pubmed_central,47,-0.05226109365407752
metric/the_pile_dm_mathematics_val_loss,freelaw,github,pile_cc,47,-0.05894897518292544
metric/the_pile_dm_mathematics_val_loss,freelaw,arxiv,pubmed_central,47,-0.03556600669432104
metric/the_pile_dm_mathematics_val_loss,freelaw,arxiv,pile_cc,47,-0.04645934032637707
metric/the_pile_dm_mathematics_val_loss,freelaw,pubmed_central,pile_cc,47,-0.04873622305502388
metric/the_pile_dm_mathematics_val_loss,stackexchange,wikipedia_en,uspto_backgrounds,72,0.08898607051749496
metric/the_pile_dm_mathematics_val_loss,stackexchange,wikipedia_en,freelaw,72,-0.009604228511409709
metric/the_pile_dm_mathematics_val_loss,stackexchange,wikipedia_en,github,72,-0.05002810136755793
metric/the_pile_dm_mathematics_val_loss,stackexchange,wikipedia_en,arxiv,72,-0.021840863074653005
metric/the_pile_dm_mathematics_val_loss,stackexchange,wikipedia_en,pubmed_central,72,-0.010644721174311058
metric/the_pile_dm_mathematics_val_loss,stackexchange,wikipedia_en,pile_cc,72,-0.07691245680432757
metric/the_pile_dm_mathematics_val_loss,stackexchange,uspto_backgrounds,freelaw,72,-0.020588923528351868
metric/the_pile_dm_mathematics_val_loss,stackexchange,uspto_backgrounds,github,72,-0.03181572005917963
metric/the_pile_dm_mathematics_val_loss,stackexchange,uspto_backgrounds,arxiv,72,-0.0037245883212860633
metric/the_pile_dm_mathematics_val_loss,stackexchange,uspto_backgrounds,pubmed_central,72,-0.02231044320196244
metric/the_pile_dm_mathematics_val_loss,stackexchange,uspto_backgrounds,pile_cc,72,-0.006940471132896765
metric/the_pile_dm_mathematics_val_loss,stackexchange,freelaw,github,72,-0.03961585242700146
metric/the_pile_dm_mathematics_val_loss,stackexchange,freelaw,arxiv,72,-0.07564264901733284
metric/the_pile_dm_mathematics_val_loss,stackexchange,freelaw,pubmed_central,72,-0.10383821796450701
metric/the_pile_dm_mathematics_val_loss,stackexchange,freelaw,pile_cc,72,-0.06405209110303578
metric/the_pile_dm_mathematics_val_loss,stackexchange,github,arxiv,72,-0.026444892220212228
metric/the_pile_dm_mathematics_val_loss,stackexchange,github,pubmed_central,72,-0.04017909608406326
metric/the_pile_dm_mathematics_val_loss,stackexchange,github,pile_cc,72,-0.04252823958425674
metric/the_pile_dm_mathematics_val_loss,stackexchange,arxiv,pubmed_central,72,-0.04070896802389892
metric/the_pile_dm_mathematics_val_loss,stackexchange,arxiv,pile_cc,72,-0.030430973395369758
metric/the_pile_dm_mathematics_val_loss,stackexchange,pubmed_central,pile_cc,72,-0.04535406358592034
metric/the_pile_dm_mathematics_val_loss,github,wikipedia_en,uspto_backgrounds,77,0.09492093064552287
metric/the_pile_dm_mathematics_val_loss,github,wikipedia_en,freelaw,77,-0.009285930079652697
metric/the_pile_dm_mathematics_val_loss,github,wikipedia_en,stackexchange,77,-0.00750528129412
metric/the_pile_dm_mathematics_val_loss,github,wikipedia_en,arxiv,77,-0.03233340677692353
metric/the_pile_dm_mathematics_val_loss,github,wikipedia_en,pubmed_central,77,-0.015156084449192034
metric/the_pile_dm_mathematics_val_loss,github,wikipedia_en,pile_cc,77,-0.10827535111152412
metric/the_pile_dm_mathematics_val_loss,github,uspto_backgrounds,freelaw,77,-0.024487926891410203
metric/the_pile_dm_mathematics_val_loss,github,uspto_backgrounds,stackexchange,77,-0.04251815172730475
metric/the_pile_dm_mathematics_val_loss,github,uspto_backgrounds,arxiv,77,-0.015112116183492471
metric/the_pile_dm_mathematics_val_loss,github,uspto_backgrounds,pubmed_central,77,-0.02684355872727763
metric/the_pile_dm_mathematics_val_loss,github,uspto_backgrounds,pile_cc,77,-0.016673289214593157
metric/the_pile_dm_mathematics_val_loss,github,freelaw,stackexchange,77,-0.02379696551920211
metric/the_pile_dm_mathematics_val_loss,github,freelaw,arxiv,77,-0.09017958432069013
metric/the_pile_dm_mathematics_val_loss,github,freelaw,pubmed_central,77,-0.09803703726217095
metric/the_pile_dm_mathematics_val_loss,github,freelaw,pile_cc,77,-0.07918122084201996
metric/the_pile_dm_mathematics_val_loss,github,stackexchange,arxiv,77,-0.051137808008264576
metric/the_pile_dm_mathematics_val_loss,github,stackexchange,pubmed_central,77,-0.05172597017603016
metric/the_pile_dm_mathematics_val_loss,github,stackexchange,pile_cc,77,-0.07069407568872114
metric/the_pile_dm_mathematics_val_loss,github,arxiv,pubmed_central,77,-0.05173179117931675
metric/the_pile_dm_mathematics_val_loss,github,arxiv,pile_cc,77,-0.05157167026060456
metric/the_pile_dm_mathematics_val_loss,github,pubmed_central,pile_cc,77,-0.06071814223736332
metric/the_pile_dm_mathematics_val_loss,arxiv,wikipedia_en,uspto_backgrounds,65,0.0951230071716589
metric/the_pile_dm_mathematics_val_loss,arxiv,wikipedia_en,freelaw,65,-0.004583386430882008
metric/the_pile_dm_mathematics_val_loss,arxiv,wikipedia_en,stackexchange,65,-0.005816307128936122
metric/the_pile_dm_mathematics_val_loss,arxiv,wikipedia_en,github,65,-0.05490453627008565
metric/the_pile_dm_mathematics_val_loss,arxiv,wikipedia_en,pubmed_central,65,-0.016110368584758582
metric/the_pile_dm_mathematics_val_loss,arxiv,wikipedia_en,pile_cc,65,-0.09366597737570488
metric/the_pile_dm_mathematics_val_loss,arxiv,uspto_backgrounds,freelaw,65,-0.02059514238980498
metric/the_pile_dm_mathematics_val_loss,arxiv,uspto_backgrounds,stackexchange,65,-0.03253823691868508
metric/the_pile_dm_mathematics_val_loss,arxiv,uspto_backgrounds,github,65,-0.03842837616569447
metric/the_pile_dm_mathematics_val_loss,arxiv,uspto_backgrounds,pubmed_central,65,-0.03289506151641724
metric/the_pile_dm_mathematics_val_loss,arxiv,uspto_backgrounds,pile_cc,65,-0.019591390880431683
metric/the_pile_dm_mathematics_val_loss,arxiv,freelaw,stackexchange,65,-0.00806665448782561
metric/the_pile_dm_mathematics_val_loss,arxiv,freelaw,github,65,-0.03545725412775708
metric/the_pile_dm_mathematics_val_loss,arxiv,freelaw,pubmed_central,65,-0.10808911448377724
metric/the_pile_dm_mathematics_val_loss,arxiv,freelaw,pile_cc,65,-0.07795104525879869
metric/the_pile_dm_mathematics_val_loss,arxiv,stackexchange,github,65,-0.00858190446759258
metric/the_pile_dm_mathematics_val_loss,arxiv,stackexchange,pubmed_central,65,-0.048735340890566484
metric/the_pile_dm_mathematics_val_loss,arxiv,stackexchange,pile_cc,65,-0.04716278186742799
metric/the_pile_dm_mathematics_val_loss,arxiv,github,pubmed_central,65,-0.04915616181141101
metric/the_pile_dm_mathematics_val_loss,arxiv,github,pile_cc,65,-0.04969509461929749
metric/the_pile_dm_mathematics_val_loss,arxiv,pubmed_central,pile_cc,65,-0.055059297206762066
metric/the_pile_dm_mathematics_val_loss,pubmed_central,wikipedia_en,uspto_backgrounds,81,0.08765014461869086
metric/the_pile_dm_mathematics_val_loss,pubmed_central,wikipedia_en,freelaw,81,-0.00042918040544339786
metric/the_pile_dm_mathematics_val_loss,pubmed_central,wikipedia_en,stackexchange,81,-0.0009539657842843217
metric/the_pile_dm_mathematics_val_loss,pubmed_central,wikipedia_en,github,81,-0.048660726604608254
metric/the_pile_dm_mathematics_val_loss,pubmed_central,wikipedia_en,arxiv,81,-0.028333787574541722
metric/the_pile_dm_mathematics_val_loss,pubmed_central,wikipedia_en,pile_cc,81,-0.07583215814101968
metric/the_pile_dm_mathematics_val_loss,pubmed_central,uspto_backgrounds,freelaw,81,-0.010578161015839414
metric/the_pile_dm_mathematics_val_loss,pubmed_central,uspto_backgrounds,stackexchange,81,-0.026503723872600422
metric/the_pile_dm_mathematics_val_loss,pubmed_central,uspto_backgrounds,github,81,-0.029651089807656114
metric/the_pile_dm_mathematics_val_loss,pubmed_central,uspto_backgrounds,arxiv,81,-0.007238926675860791
metric/the_pile_dm_mathematics_val_loss,pubmed_central,uspto_backgrounds,pile_cc,81,-0.014090674064221712
metric/the_pile_dm_mathematics_val_loss,pubmed_central,freelaw,stackexchange,81,-0.001264154031942455
metric/the_pile_dm_mathematics_val_loss,pubmed_central,freelaw,github,81,-0.030057954272269833
metric/the_pile_dm_mathematics_val_loss,pubmed_central,freelaw,arxiv,81,-0.06912443420204119
metric/the_pile_dm_mathematics_val_loss,pubmed_central,freelaw,pile_cc,81,-0.054997147469610964
metric/the_pile_dm_mathematics_val_loss,pubmed_central,stackexchange,github,81,-9.055692914580782e-05
metric/the_pile_dm_mathematics_val_loss,pubmed_central,stackexchange,arxiv,81,-0.03355868729698053
metric/the_pile_dm_mathematics_val_loss,pubmed_central,stackexchange,pile_cc,81,-0.04461571369763238
metric/the_pile_dm_mathematics_val_loss,pubmed_central,github,arxiv,81,-0.028804070095235633
metric/the_pile_dm_mathematics_val_loss,pubmed_central,github,pile_cc,81,-0.044766395286207704
metric/the_pile_dm_mathematics_val_loss,pubmed_central,arxiv,pile_cc,81,-0.04181033900967828
metric/the_pile_dm_mathematics_val_loss,pile_cc,wikipedia_en,uspto_backgrounds,68,0.0758887595718349
metric/the_pile_dm_mathematics_val_loss,pile_cc,wikipedia_en,freelaw,68,-0.002760966081209476
metric/the_pile_dm_mathematics_val_loss,pile_cc,wikipedia_en,stackexchange,68,9.28452078181629e-05
metric/the_pile_dm_mathematics_val_loss,pile_cc,wikipedia_en,github,68,-0.04527236577176693
metric/the_pile_dm_mathematics_val_loss,pile_cc,wikipedia_en,arxiv,68,-0.024774137176429303
metric/the_pile_dm_mathematics_val_loss,pile_cc,wikipedia_en,pubmed_central,68,-0.010139659994606016
metric/the_pile_dm_mathematics_val_loss,pile_cc,uspto_backgrounds,freelaw,68,-0.023514204973066166
metric/the_pile_dm_mathematics_val_loss,pile_cc,uspto_backgrounds,stackexchange,68,-0.031271621086925
metric/the_pile_dm_mathematics_val_loss,pile_cc,uspto_backgrounds,github,68,-0.03541331245579097
metric/the_pile_dm_mathematics_val_loss,pile_cc,uspto_backgrounds,arxiv,68,-0.01402894040781677
metric/the_pile_dm_mathematics_val_loss,pile_cc,uspto_backgrounds,pubmed_central,68,-0.03508741840757537
metric/the_pile_dm_mathematics_val_loss,pile_cc,freelaw,stackexchange,68,-0.01208539267706511
metric/the_pile_dm_mathematics_val_loss,pile_cc,freelaw,github,68,-0.035339786317669694
metric/the_pile_dm_mathematics_val_loss,pile_cc,freelaw,arxiv,68,-0.0846488802627489
metric/the_pile_dm_mathematics_val_loss,pile_cc,freelaw,pubmed_central,68,-0.09597422982969223
metric/the_pile_dm_mathematics_val_loss,pile_cc,stackexchange,github,68,-0.00456273011073634
metric/the_pile_dm_mathematics_val_loss,pile_cc,stackexchange,arxiv,68,-0.03887640805121017
metric/the_pile_dm_mathematics_val_loss,pile_cc,stackexchange,pubmed_central,68,-0.05437811043340692
metric/the_pile_dm_mathematics_val_loss,pile_cc,github,arxiv,68,-0.043045321010927874
metric/the_pile_dm_mathematics_val_loss,pile_cc,github,pubmed_central,68,-0.05373339841430353
metric/the_pile_dm_mathematics_val_loss,pile_cc,arxiv,pubmed_central,68,-0.05213506028606411
metric/the_pile_github_val_loss,wikipedia_en,uspto_backgrounds,freelaw,49,-0.028789883293107322
metric/the_pile_github_val_loss,wikipedia_en,uspto_backgrounds,stackexchange,49,-0.04211666576637996
metric/the_pile_github_val_loss,wikipedia_en,uspto_backgrounds,github,49,-0.05843849046312029
metric/the_pile_github_val_loss,wikipedia_en,uspto_backgrounds,arxiv,49,-0.03400308540388992
metric/the_pile_github_val_loss,wikipedia_en,uspto_backgrounds,pubmed_central,49,-0.02146952732108659
metric/the_pile_github_val_loss,wikipedia_en,uspto_backgrounds,pile_cc,49,-0.023252103128583605
metric/the_pile_github_val_loss,wikipedia_en,freelaw,stackexchange,49,-0.021890706492789822
metric/the_pile_github_val_loss,wikipedia_en,freelaw,github,49,-0.018619457610202974
metric/the_pile_github_val_loss,wikipedia_en,freelaw,arxiv,49,-0.03887982923200889
metric/the_pile_github_val_loss,wikipedia_en,freelaw,pubmed_central,49,-0.048099446767314834
metric/the_pile_github_val_loss,wikipedia_en,freelaw,pile_cc,49,-0.039121616788922606
metric/the_pile_github_val_loss,wikipedia_en,stackexchange,github,49,0.2349400168011626
metric/the_pile_github_val_loss,wikipedia_en,stackexchange,arxiv,49,-0.014533445065488258
metric/the_pile_github_val_loss,wikipedia_en,stackexchange,pubmed_central,49,-0.046072099430196065
metric/the_pile_github_val_loss,wikipedia_en,stackexchange,pile_cc,49,-0.004149561451002645
metric/the_pile_github_val_loss,wikipedia_en,github,arxiv,49,-0.027575218987919526
metric/the_pile_github_val_loss,wikipedia_en,github,pubmed_central,49,-0.06254384403740071
metric/the_pile_github_val_loss,wikipedia_en,github,pile_cc,49,0.00536663759734102
metric/the_pile_github_val_loss,wikipedia_en,arxiv,pubmed_central,49,-0.04440933423680087
metric/the_pile_github_val_loss,wikipedia_en,arxiv,pile_cc,49,-0.03924132282677712
metric/the_pile_github_val_loss,wikipedia_en,pubmed_central,pile_cc,49,-0.017116070349978727
metric/the_pile_github_val_loss,uspto_backgrounds,wikipedia_en,freelaw,59,-0.01342935387356884
metric/the_pile_github_val_loss,uspto_backgrounds,wikipedia_en,stackexchange,59,-0.020356341825796032
metric/the_pile_github_val_loss,uspto_backgrounds,wikipedia_en,github,59,-0.037596217742078976
metric/the_pile_github_val_loss,uspto_backgrounds,wikipedia_en,arxiv,59,-0.029169353144606176
metric/the_pile_github_val_loss,uspto_backgrounds,wikipedia_en,pubmed_central,59,-0.03704026521536441
metric/the_pile_github_val_loss,uspto_backgrounds,wikipedia_en,pile_cc,59,-0.053807193284388065
metric/the_pile_github_val_loss,uspto_backgrounds,freelaw,stackexchange,59,-0.02081841682013856
metric/the_pile_github_val_loss,uspto_backgrounds,freelaw,github,59,-0.017917471938247016
metric/the_pile_github_val_loss,uspto_backgrounds,freelaw,arxiv,59,-0.0422497757206134
metric/the_pile_github_val_loss,uspto_backgrounds,freelaw,pubmed_central,59,-0.0425113704500585
metric/the_pile_github_val_loss,uspto_backgrounds,freelaw,pile_cc,59,-0.04504622873266841
metric/the_pile_github_val_loss,uspto_backgrounds,stackexchange,github,59,0.22304348561190523
metric/the_pile_github_val_loss,uspto_backgrounds,stackexchange,arxiv,59,-0.014643437498758915
metric/the_pile_github_val_loss,uspto_backgrounds,stackexchange,pubmed_central,59,-0.04961767568482954
metric/the_pile_github_val_loss,uspto_backgrounds,stackexchange,pile_cc,59,-0.009841847833047685
metric/the_pile_github_val_loss,uspto_backgrounds,github,arxiv,59,-0.021457464230389148
metric/the_pile_github_val_loss,uspto_backgrounds,github,pubmed_central,59,-0.0668305819287814
metric/the_pile_github_val_loss,uspto_backgrounds,github,pile_cc,59,-0.0025903975940197357
metric/the_pile_github_val_loss,uspto_backgrounds,arxiv,pubmed_central,59,-0.05053599651276349
metric/the_pile_github_val_loss,uspto_backgrounds,arxiv,pile_cc,59,-0.0380268088197808
metric/the_pile_github_val_loss,uspto_backgrounds,pubmed_central,pile_cc,59,-0.03307874273802186
metric/the_pile_github_val_loss,freelaw,wikipedia_en,uspto_backgrounds,47,0.01844662502976542
metric/the_pile_github_val_loss,freelaw,wikipedia_en,stackexchange,47,-0.01839206660239461
metric/the_pile_github_val_loss,freelaw,wikipedia_en,github,47,-0.03979161275264737
metric/the_pile_github_val_loss,freelaw,wikipedia_en,arxiv,47,-0.026267317625556275
metric/the_pile_github_val_loss,freelaw,wikipedia_en,pubmed_central,47,-0.037007996673473535
metric/the_pile_github_val_loss,freelaw,wikipedia_en,pile_cc,47,-0.05487127273263114
metric/the_pile_github_val_loss,freelaw,uspto_backgrounds,stackexchange,47,-0.03410218509919422
metric/the_pile_github_val_loss,freelaw,uspto_backgrounds,github,47,-0.05227711423774932
metric/the_pile_github_val_loss,freelaw,uspto_backgrounds,arxiv,47,-0.028585550798091636
metric/the_pile_github_val_loss,freelaw,uspto_backgrounds,pubmed_central,47,-0.018478843440423533
metric/the_pile_github_val_loss,freelaw,uspto_backgrounds,pile_cc,47,-0.01929612903180365
metric/the_pile_github_val_loss,freelaw,stackexchange,github,47,0.2225859628180257
metric/the_pile_github_val_loss,freelaw,stackexchange,arxiv,47,-0.020221438481864435
metric/the_pile_github_val_loss,freelaw,stackexchange,pubmed_central,47,-0.05937703155558631
metric/the_pile_github_val_loss,freelaw,stackexchange,pile_cc,47,-0.008403292501246887
metric/the_pile_github_val_loss,freelaw,github,arxiv,47,-0.02992652095331399
metric/the_pile_github_val_loss,freelaw,github,pubmed_central,47,-0.08841393057351384
metric/the_pile_github_val_loss,freelaw,github,pile_cc,47,-0.0018282014218098338
metric/the_pile_github_val_loss,freelaw,arxiv,pubmed_central,47,-0.04433637641980221
metric/the_pile_github_val_loss,freelaw,arxiv,pile_cc,47,-0.04843041235203274
metric/the_pile_github_val_loss,freelaw,pubmed_central,pile_cc,47,-0.026492802887681154
metric/the_pile_github_val_loss,stackexchange,wikipedia_en,uspto_backgrounds,72,0.07770367875051339
metric/the_pile_github_val_loss,stackexchange,wikipedia_en,freelaw,72,0.036391519142289
metric/the_pile_github_val_loss,stackexchange,wikipedia_en,github,72,-0.03445958375464586
metric/the_pile_github_val_loss,stackexchange,wikipedia_en,arxiv,72,0.02111527318189939
metric/the_pile_github_val_loss,stackexchange,wikipedia_en,pubmed_central,72,0.016563083385664527
metric/the_pile_github_val_loss,stackexchange,wikipedia_en,pile_cc,72,-0.004568586087244142
metric/the_pile_github_val_loss,stackexchange,uspto_backgrounds,freelaw,72,0.016549326630790433
metric/the_pile_github_val_loss,stackexchange,uspto_backgrounds,github,72,-0.04849695870296776
metric/the_pile_github_val_loss,stackexchange,uspto_backgrounds,arxiv,72,0.014969588929337993
metric/the_pile_github_val_loss,stackexchange,uspto_backgrounds,pubmed_central,72,0.029928688612228724
metric/the_pile_github_val_loss,stackexchange,uspto_backgrounds,pile_cc,72,0.020328789850037245
metric/the_pile_github_val_loss,stackexchange,freelaw,github,72,-0.024210121992736255
metric/the_pile_github_val_loss,stackexchange,freelaw,arxiv,72,-0.0001915656993536784
metric/the_pile_github_val_loss,stackexchange,freelaw,pubmed_central,72,-0.006248233430069521
metric/the_pile_github_val_loss,stackexchange,freelaw,pile_cc,72,-0.013206236827455716
metric/the_pile_github_val_loss,stackexchange,github,arxiv,72,-0.025285167415743763
metric/the_pile_github_val_loss,stackexchange,github,pubmed_central,72,-0.06565172156168325
metric/the_pile_github_val_loss,stackexchange,github,pile_cc,72,-0.007358801957843448
metric/the_pile_github_val_loss,stackexchange,arxiv,pubmed_central,72,-0.005950188934329544
metric/the_pile_github_val_loss,stackexchange,arxiv,pile_cc,72,-0.0006989537226404188
metric/the_pile_github_val_loss,stackexchange,pubmed_central,pile_cc,72,0.013208442656058028
metric/the_pile_github_val_loss,github,wikipedia_en,uspto_backgrounds,77,0.10355832707034657
metric/the_pile_github_val_loss,github,wikipedia_en,freelaw,77,0.05635252313049986
metric/the_pile_github_val_loss,github,wikipedia_en,stackexchange,77,0.011539189593737247
metric/the_pile_github_val_loss,github,wikipedia_en,arxiv,77,0.03763433724098708
metric/the_pile_github_val_loss,github,wikipedia_en,pubmed_central,77,0.03571984741085174
metric/the_pile_github_val_loss,github,wikipedia_en,pile_cc,77,2.261425020541355e-05
metric/the_pile_github_val_loss,github,uspto_backgrounds,freelaw,77,0.037713344327261915
metric/the_pile_github_val_loss,github,uspto_backgrounds,stackexchange,77,-0.01376430668311627
metric/the_pile_github_val_loss,github,uspto_backgrounds,arxiv,77,0.031103845388634418
metric/the_pile_github_val_loss,github,uspto_backgrounds,pubmed_central,77,0.052613299340800744
metric/the_pile_github_val_loss,github,uspto_backgrounds,pile_cc,77,0.03586179495146229
metric/the_pile_github_val_loss,github,freelaw,stackexchange,77,-0.008325241779255237
metric/the_pile_github_val_loss,github,freelaw,arxiv,77,0.013826130726765059
metric/the_pile_github_val_loss,github,freelaw,pubmed_central,77,0.016623235237125555
metric/the_pile_github_val_loss,github,freelaw,pile_cc,77,-0.005271672650652975
metric/the_pile_github_val_loss,github,stackexchange,arxiv,77,0.0039189870451863075
metric/the_pile_github_val_loss,github,stackexchange,pubmed_central,77,-0.0248265520668405
metric/the_pile_github_val_loss,github,stackexchange,pile_cc,77,0.009786729477826805
metric/the_pile_github_val_loss,github,arxiv,pubmed_central,77,0.013608043681977326
metric/the_pile_github_val_loss,github,arxiv,pile_cc,77,0.004853332277132134
metric/the_pile_github_val_loss,github,pubmed_central,pile_cc,77,0.026585768986891224
metric/the_pile_github_val_loss,arxiv,wikipedia_en,uspto_backgrounds,65,0.040956736050255516
metric/the_pile_github_val_loss,arxiv,wikipedia_en,freelaw,65,-0.0011814959939045458
metric/the_pile_github_val_loss,arxiv,wikipedia_en,stackexchange,65,-0.01312603667239617
metric/the_pile_github_val_loss,arxiv,wikipedia_en,github,65,-0.034366200813919064
metric/the_pile_github_val_loss,arxiv,wikipedia_en,pubmed_central,65,-0.02919187440381689
metric/the_pile_github_val_loss,arxiv,wikipedia_en,pile_cc,65,-0.044775224374933136
metric/the_pile_github_val_loss,arxiv,uspto_backgrounds,freelaw,65,-0.023497938023466957
metric/the_pile_github_val_loss,arxiv,uspto_backgrounds,stackexchange,65,-0.03287540173422211
metric/the_pile_github_val_loss,arxiv,uspto_backgrounds,github,65,-0.04719343693042426
metric/the_pile_github_val_loss,arxiv,uspto_backgrounds,pubmed_central,65,-0.014381428074459779
metric/the_pile_github_val_loss,arxiv,uspto_backgrounds,pile_cc,65,-0.01793413873662257
metric/the_pile_github_val_loss,arxiv,freelaw,stackexchange,65,-0.022093386423171713
metric/the_pile_github_val_loss,arxiv,freelaw,github,65,-0.021325979650646323
metric/the_pile_github_val_loss,arxiv,freelaw,pubmed_central,65,-0.049007540012521736
metric/the_pile_github_val_loss,arxiv,freelaw,pile_cc,65,-0.05786474699634926
metric/the_pile_github_val_loss,arxiv,stackexchange,github,65,0.18187124577197364
metric/the_pile_github_val_loss,arxiv,stackexchange,pubmed_central,65,-0.05610971918286902
metric/the_pile_github_val_loss,arxiv,stackexchange,pile_cc,65,-0.006461241570135409
metric/the_pile_github_val_loss,arxiv,github,pubmed_central,65,-0.07283760982860107
metric/the_pile_github_val_loss,arxiv,github,pile_cc,65,-0.0008753236603520752
metric/the_pile_github_val_loss,arxiv,pubmed_central,pile_cc,65,-0.023744977302232382
metric/the_pile_github_val_loss,pubmed_central,wikipedia_en,uspto_backgrounds,81,0.03384297108811683
metric/the_pile_github_val_loss,pubmed_central,wikipedia_en,freelaw,81,-0.0019989882937817846
metric/the_pile_github_val_loss,pubmed_central,wikipedia_en,stackexchange,81,-0.008764731879508457
metric/the_pile_github_val_loss,pubmed_central,wikipedia_en,github,81,-0.028768496677141743
metric/the_pile_github_val_loss,pubmed_central,wikipedia_en,arxiv,81,-0.020157603321280814
metric/the_pile_github_val_loss,pubmed_central,wikipedia_en,pile_cc,81,-0.041050885478201474
metric/the_pile_github_val_loss,pubmed_central,uspto_backgrounds,freelaw,81,-0.024084365987150053
metric/the_pile_github_val_loss,pubmed_central,uspto_backgrounds,stackexchange,81,-0.034782186240435574
metric/the_pile_github_val_loss,pubmed_central,uspto_backgrounds,github,81,-0.04565684072732809
metric/the_pile_github_val_loss,pubmed_central,uspto_backgrounds,arxiv,81,-0.0328553713878716
metric/the_pile_github_val_loss,pubmed_central,uspto_backgrounds,pile_cc,81,-0.02701410182860433
metric/the_pile_github_val_loss,pubmed_central,freelaw,stackexchange,81,-0.02010156161583923
metric/the_pile_github_val_loss,pubmed_central,freelaw,github,81,-0.019243760678618955
metric/the_pile_github_val_loss,pubmed_central,freelaw,arxiv,81,-0.03827074421188456
metric/the_pile_github_val_loss,pubmed_central,freelaw,pile_cc,81,-0.050006328954187065
metric/the_pile_github_val_loss,pubmed_central,stackexchange,github,81,0.19774960754902599
metric/the_pile_github_val_loss,pubmed_central,stackexchange,arxiv,81,-0.013313520042136732
metric/the_pile_github_val_loss,pubmed_central,stackexchange,pile_cc,81,-0.006939228326349811
metric/the_pile_github_val_loss,pubmed_central,github,arxiv,81,-0.020841151711710533
metric/the_pile_github_val_loss,pubmed_central,github,pile_cc,81,-0.0002775048605390376
metric/the_pile_github_val_loss,pubmed_central,arxiv,pile_cc,81,-0.04569133357257663
metric/the_pile_github_val_loss,pile_cc,wikipedia_en,uspto_backgrounds,68,0.035554221604416236
metric/the_pile_github_val_loss,pile_cc,wikipedia_en,freelaw,68,0.004119172528207802
metric/the_pile_github_val_loss,pile_cc,wikipedia_en,stackexchange,68,-0.008535360868092968
metric/the_pile_github_val_loss,pile_cc,wikipedia_en,github,68,-0.03025549005372076
metric/the_pile_github_val_loss,pile_cc,wikipedia_en,arxiv,68,-0.013062794686654814
metric/the_pile_github_val_loss,pile_cc,wikipedia_en,pubmed_central,68,-0.02494856161141057
metric/the_pile_github_val_loss,pile_cc,uspto_backgrounds,freelaw,68,-0.0194462562713759
metric/the_pile_github_val_loss,pile_cc,uspto_backgrounds,stackexchange,68,-0.03141005862403795
metric/the_pile_github_val_loss,pile_cc,uspto_backgrounds,github,68,-0.04689952058802591
metric/the_pile_github_val_loss,pile_cc,uspto_backgrounds,arxiv,68,-0.021303593840779934
metric/the_pile_github_val_loss,pile_cc,uspto_backgrounds,pubmed_central,68,-0.01595812757823356
metric/the_pile_github_val_loss,pile_cc,freelaw,stackexchange,68,-0.02282716511716273
metric/the_pile_github_val_loss,pile_cc,freelaw,github,68,-0.019455552295583527
metric/the_pile_github_val_loss,pile_cc,freelaw,arxiv,68,-0.03600299345850791
metric/the_pile_github_val_loss,pile_cc,freelaw,pubmed_central,68,-0.04111869318520667
metric/the_pile_github_val_loss,pile_cc,stackexchange,github,68,0.2514393038573434
metric/the_pile_github_val_loss,pile_cc,stackexchange,arxiv,68,-0.014428334037141754
metric/the_pile_github_val_loss,pile_cc,stackexchange,pubmed_central,68,-0.06610421489076286
metric/the_pile_github_val_loss,pile_cc,github,arxiv,68,-0.031521121501808295
metric/the_pile_github_val_loss,pile_cc,github,pubmed_central,68,-0.08801205787423798
metric/the_pile_github_val_loss,pile_cc,arxiv,pubmed_central,68,-0.04914852848920575
metric/the_pile_stackexchange_val_loss,wikipedia_en,uspto_backgrounds,freelaw,49,-0.024593583100120796
metric/the_pile_stackexchange_val_loss,wikipedia_en,uspto_backgrounds,stackexchange,49,-0.03927331427707561
metric/the_pile_stackexchange_val_loss,wikipedia_en,uspto_backgrounds,github,49,-0.040292877234080066
metric/the_pile_stackexchange_val_loss,wikipedia_en,uspto_backgrounds,arxiv,49,-0.0162843449618864
metric/the_pile_stackexchange_val_loss,wikipedia_en,uspto_backgrounds,pubmed_central,49,-0.014253177863719506
metric/the_pile_stackexchange_val_loss,wikipedia_en,uspto_backgrounds,pile_cc,49,-0.014308916163867447
metric/the_pile_stackexchange_val_loss,wikipedia_en,freelaw,stackexchange,49,-0.020872493800004856
metric/the_pile_stackexchange_val_loss,wikipedia_en,freelaw,github,49,-0.021471977476110467
metric/the_pile_stackexchange_val_loss,wikipedia_en,freelaw,arxiv,49,-0.03444778587222166
metric/the_pile_stackexchange_val_loss,wikipedia_en,freelaw,pubmed_central,49,-0.037675303310093194
metric/the_pile_stackexchange_val_loss,wikipedia_en,freelaw,pile_cc,49,-0.03144248899992566
metric/the_pile_stackexchange_val_loss,wikipedia_en,stackexchange,github,49,0.17992673586500665
metric/the_pile_stackexchange_val_loss,wikipedia_en,stackexchange,arxiv,49,-0.008562304536388982
metric/the_pile_stackexchange_val_loss,wikipedia_en,stackexchange,pubmed_central,49,-0.03300177082506306
metric/the_pile_stackexchange_val_loss,wikipedia_en,stackexchange,pile_cc,49,0.01084426804649993
metric/the_pile_stackexchange_val_loss,wikipedia_en,github,arxiv,49,-0.019888476801262087
metric/the_pile_stackexchange_val_loss,wikipedia_en,github,pubmed_central,49,-0.04055780831068649
metric/the_pile_stackexchange_val_loss,wikipedia_en,github,pile_cc,49,0.0015929139257453429
metric/the_pile_stackexchange_val_loss,wikipedia_en,arxiv,pubmed_central,49,-0.028263175259860936
metric/the_pile_stackexchange_val_loss,wikipedia_en,arxiv,pile_cc,49,-0.03235636640632183
metric/the_pile_stackexchange_val_loss,wikipedia_en,pubmed_central,pile_cc,49,-0.016153053804734283
metric/the_pile_stackexchange_val_loss,uspto_backgrounds,wikipedia_en,freelaw,59,-0.017488282218527437
metric/the_pile_stackexchange_val_loss,uspto_backgrounds,wikipedia_en,stackexchange,59,-0.010238710717133684
metric/the_pile_stackexchange_val_loss,uspto_backgrounds,wikipedia_en,github,59,-0.034683991600367094
metric/the_pile_stackexchange_val_loss,uspto_backgrounds,wikipedia_en,arxiv,59,-0.02364470549263549
metric/the_pile_stackexchange_val_loss,uspto_backgrounds,wikipedia_en,pubmed_central,59,-0.0262665577976039
metric/the_pile_stackexchange_val_loss,uspto_backgrounds,wikipedia_en,pile_cc,59,-0.035235094261606696
metric/the_pile_stackexchange_val_loss,uspto_backgrounds,freelaw,stackexchange,59,-0.016712974623316862
metric/the_pile_stackexchange_val_loss,uspto_backgrounds,freelaw,github,59,-0.019928341556223774
metric/the_pile_stackexchange_val_loss,uspto_backgrounds,freelaw,arxiv,59,-0.038101648126436585
metric/the_pile_stackexchange_val_loss,uspto_backgrounds,freelaw,pubmed_central,59,-0.03193696588828207
metric/the_pile_stackexchange_val_loss,uspto_backgrounds,freelaw,pile_cc,59,-0.03397931512565526
metric/the_pile_stackexchange_val_loss,uspto_backgrounds,stackexchange,github,59,0.1730592133148357
metric/the_pile_stackexchange_val_loss,uspto_backgrounds,stackexchange,arxiv,59,-0.006976744128006693
metric/the_pile_stackexchange_val_loss,uspto_backgrounds,stackexchange,pubmed_central,59,-0.03212186057677819
metric/the_pile_stackexchange_val_loss,uspto_backgrounds,stackexchange,pile_cc,59,0.008927421020305486
metric/the_pile_stackexchange_val_loss,uspto_backgrounds,github,arxiv,59,-0.017103468017143346
metric/the_pile_stackexchange_val_loss,uspto_backgrounds,github,pubmed_central,59,-0.04340017819837974
metric/the_pile_stackexchange_val_loss,uspto_backgrounds,github,pile_cc,59,-0.0029724311962866247
metric/the_pile_stackexchange_val_loss,uspto_backgrounds,arxiv,pubmed_central,59,-0.032653064291980026
metric/the_pile_stackexchange_val_loss,uspto_backgrounds,arxiv,pile_cc,59,-0.031081287176268388
metric/the_pile_stackexchange_val_loss,uspto_backgrounds,pubmed_central,pile_cc,59,-0.02635226000780295
metric/the_pile_stackexchange_val_loss,freelaw,wikipedia_en,uspto_backgrounds,47,0.011276112857439685
metric/the_pile_stackexchange_val_loss,freelaw,wikipedia_en,stackexchange,47,-0.011475152554761425
metric/the_pile_stackexchange_val_loss,freelaw,wikipedia_en,github,47,-0.03692723657396119
metric/the_pile_stackexchange_val_loss,freelaw,wikipedia_en,arxiv,47,-0.020478254308351145
metric/the_pile_stackexchange_val_loss,freelaw,wikipedia_en,pubmed_central,47,-0.02751473591248725
metric/the_pile_stackexchange_val_loss,freelaw,wikipedia_en,pile_cc,47,-0.03633265967091768
metric/the_pile_stackexchange_val_loss,freelaw,uspto_backgrounds,stackexchange,47,-0.031075918059081175
metric/the_pile_stackexchange_val_loss,freelaw,uspto_backgrounds,github,47,-0.03610436304242558
metric/the_pile_stackexchange_val_loss,freelaw,uspto_backgrounds,arxiv,47,-0.012784326613726185
metric/the_pile_stackexchange_val_loss,freelaw,uspto_backgrounds,pubmed_central,47,-0.012039241396171128
metric/the_pile_stackexchange_val_loss,freelaw,uspto_backgrounds,pile_cc,47,-0.011124933876876077
metric/the_pile_stackexchange_val_loss,freelaw,stackexchange,github,47,0.1717371234026869
metric/the_pile_stackexchange_val_loss,freelaw,stackexchange,arxiv,47,-0.01052754746910046
metric/the_pile_stackexchange_val_loss,freelaw,stackexchange,pubmed_central,47,-0.04109766193263252
metric/the_pile_stackexchange_val_loss,freelaw,stackexchange,pile_cc,47,0.011057687876638014
metric/the_pile_stackexchange_val_loss,freelaw,github,arxiv,47,-0.02099964044438328
metric/the_pile_stackexchange_val_loss,freelaw,github,pubmed_central,47,-0.057700808091388396
metric/the_pile_stackexchange_val_loss,freelaw,github,pile_cc,47,-0.0029908074929309992
metric/the_pile_stackexchange_val_loss,freelaw,arxiv,pubmed_central,47,-0.02778121156110384
metric/the_pile_stackexchange_val_loss,freelaw,arxiv,pile_cc,47,-0.03805011235404652
metric/the_pile_stackexchange_val_loss,freelaw,pubmed_central,pile_cc,47,-0.02278194717409068
metric/the_pile_stackexchange_val_loss,stackexchange,wikipedia_en,uspto_backgrounds,72,0.07991620226310733
metric/the_pile_stackexchange_val_loss,stackexchange,wikipedia_en,freelaw,72,0.04111762536610817
metric/the_pile_stackexchange_val_loss,stackexchange,wikipedia_en,github,72,-0.01052876481606073
metric/the_pile_stackexchange_val_loss,stackexchange,wikipedia_en,arxiv,72,0.03812498859225837
metric/the_pile_stackexchange_val_loss,stackexchange,wikipedia_en,pubmed_central,72,0.03613436785567192
metric/the_pile_stackexchange_val_loss,stackexchange,wikipedia_en,pile_cc,72,0.02172470240892001
metric/the_pile_stackexchange_val_loss,stackexchange,uspto_backgrounds,freelaw,72,0.0339756821130131
metric/the_pile_stackexchange_val_loss,stackexchange,uspto_backgrounds,github,72,-0.00917808328257995
metric/the_pile_stackexchange_val_loss,stackexchange,uspto_backgrounds,arxiv,72,0.04512923896235433
metric/the_pile_stackexchange_val_loss,stackexchange,uspto_backgrounds,pubmed_central,72,0.05035955775472723
metric/the_pile_stackexchange_val_loss,stackexchange,uspto_backgrounds,pile_cc,72,0.04249432123695857
metric/the_pile_stackexchange_val_loss,stackexchange,freelaw,github,72,-0.0032175442736395287
metric/the_pile_stackexchange_val_loss,stackexchange,freelaw,arxiv,72,0.01860945326188015
metric/the_pile_stackexchange_val_loss,stackexchange,freelaw,pubmed_central,72,0.018004771719848336
metric/the_pile_stackexchange_val_loss,stackexchange,freelaw,pile_cc,72,0.010567162881143954
metric/the_pile_stackexchange_val_loss,stackexchange,github,arxiv,72,0.004244504598081838
metric/the_pile_stackexchange_val_loss,stackexchange,github,pubmed_central,72,-0.019870646102241388
metric/the_pile_stackexchange_val_loss,stackexchange,github,pile_cc,72,0.013870556014484163
metric/the_pile_stackexchange_val_loss,stackexchange,arxiv,pubmed_central,72,0.025416765996785367
metric/the_pile_stackexchange_val_loss,stackexchange,arxiv,pile_cc,72,0.019568995078113396
metric/the_pile_stackexchange_val_loss,stackexchange,pubmed_central,pile_cc,72,0.02933394075056213
metric/the_pile_stackexchange_val_loss,github,wikipedia_en,uspto_backgrounds,77,0.0524802354747572
metric/the_pile_stackexchange_val_loss,github,wikipedia_en,freelaw,77,0.009157694674794376
metric/the_pile_stackexchange_val_loss,github,wikipedia_en,stackexchange,77,-0.010214225695205442
metric/the_pile_stackexchange_val_loss,github,wikipedia_en,arxiv,77,0.005705791088287506
metric/the_pile_stackexchange_val_loss,github,wikipedia_en,pubmed_central,77,0.005300278012735179
metric/the_pile_stackexchange_val_loss,github,wikipedia_en,pile_cc,77,-0.015421802100521251
metric/the_pile_stackexchange_val_loss,github,uspto_backgrounds,freelaw,77,0.002695951713845958
metric/the_pile_stackexchange_val_loss,github,uspto_backgrounds,stackexchange,77,-0.04101341881193017
metric/the_pile_stackexchange_val_loss,github,uspto_backgrounds,arxiv,77,0.01113641775027589
metric/the_pile_stackexchange_val_loss,github,uspto_backgrounds,pubmed_central,77,0.01806600825123442
metric/the_pile_stackexchange_val_loss,github,uspto_backgrounds,pile_cc,77,0.009510944404094734
metric/the_pile_stackexchange_val_loss,github,freelaw,stackexchange,77,-0.03428394549141658
metric/the_pile_stackexchange_val_loss,github,freelaw,arxiv,77,-0.017053104222028024
metric/the_pile_stackexchange_val_loss,github,freelaw,pubmed_central,77,-0.010973960981978786
metric/the_pile_stackexchange_val_loss,github,freelaw,pile_cc,77,-0.027079131388341074
metric/the_pile_stackexchange_val_loss,github,stackexchange,arxiv,77,-0.01532905471466326
metric/the_pile_stackexchange_val_loss,github,stackexchange,pubmed_central,77,-0.038653183885713364
metric/the_pile_stackexchange_val_loss,github,stackexchange,pile_cc,77,0.0054541558738806
metric/the_pile_stackexchange_val_loss,github,arxiv,pubmed_central,77,-0.0064685737097600155
metric/the_pile_stackexchange_val_loss,github,arxiv,pile_cc,77,-0.01983998648182837
metric/the_pile_stackexchange_val_loss,github,pubmed_central,pile_cc,77,-0.004811757546569647
metric/the_pile_stackexchange_val_loss,arxiv,wikipedia_en,uspto_backgrounds,65,0.0271910784444186
metric/the_pile_stackexchange_val_loss,arxiv,wikipedia_en,freelaw,65,-0.013213440593760404
metric/the_pile_stackexchange_val_loss,arxiv,wikipedia_en,stackexchange,65,-0.006910904216299735
metric/the_pile_stackexchange_val_loss,arxiv,wikipedia_en,github,65,-0.033190006443419545
metric/the_pile_stackexchange_val_loss,arxiv,wikipedia_en,pubmed_central,65,-0.021140121932503263
metric/the_pile_stackexchange_val_loss,arxiv,wikipedia_en,pile_cc,65,-0.027851471981654705
metric/the_pile_stackexchange_val_loss,arxiv,uspto_backgrounds,freelaw,65,-0.020983969525579987
metric/the_pile_stackexchange_val_loss,arxiv,uspto_backgrounds,stackexchange,65,-0.030470176481331608
metric/the_pile_stackexchange_val_loss,arxiv,uspto_backgrounds,github,65,-0.03294816097156047
metric/the_pile_stackexchange_val_loss,arxiv,uspto_backgrounds,pubmed_central,65,-0.00855428978903666
metric/the_pile_stackexchange_val_loss,arxiv,uspto_backgrounds,pile_cc,65,-0.008869873155654307
metric/the_pile_stackexchange_val_loss,arxiv,freelaw,stackexchange,65,-0.019831740657568275
metric/the_pile_stackexchange_val_loss,arxiv,freelaw,github,65,-0.023890330362671814
metric/the_pile_stackexchange_val_loss,arxiv,freelaw,pubmed_central,65,-0.03775852929247501
metric/the_pile_stackexchange_val_loss,arxiv,freelaw,pile_cc,65,-0.04379480476802628
metric/the_pile_stackexchange_val_loss,arxiv,stackexchange,github,65,0.14011465977577664
metric/the_pile_stackexchange_val_loss,arxiv,stackexchange,pubmed_central,65,-0.038236783183186566
metric/the_pile_stackexchange_val_loss,arxiv,stackexchange,pile_cc,65,0.00966157603945087
metric/the_pile_stackexchange_val_loss,arxiv,github,pubmed_central,65,-0.047394087277273525
metric/the_pile_stackexchange_val_loss,arxiv,github,pile_cc,65,-0.0011519105193297462
metric/the_pile_stackexchange_val_loss,arxiv,pubmed_central,pile_cc,65,-0.019345169577176226
metric/the_pile_stackexchange_val_loss,pubmed_central,wikipedia_en,uspto_backgrounds,81,0.021813279769760635
metric/the_pile_stackexchange_val_loss,pubmed_central,wikipedia_en,freelaw,81,-0.014306821435999912
metric/the_pile_stackexchange_val_loss,pubmed_central,wikipedia_en,stackexchange,81,-0.004736750514109378
metric/the_pile_stackexchange_val_loss,pubmed_central,wikipedia_en,github,81,-0.030603385522499305
metric/the_pile_stackexchange_val_loss,pubmed_central,wikipedia_en,arxiv,81,-0.017178149481027312
metric/the_pile_stackexchange_val_loss,pubmed_central,wikipedia_en,pile_cc,81,-0.02684781264686497
metric/the_pile_stackexchange_val_loss,pubmed_central,uspto_backgrounds,freelaw,81,-0.021870928081932764
metric/the_pile_stackexchange_val_loss,pubmed_central,uspto_backgrounds,stackexchange,81,-0.032871223612721434
metric/the_pile_stackexchange_val_loss,pubmed_central,uspto_backgrounds,github,81,-0.032697932663711175
metric/the_pile_stackexchange_val_loss,pubmed_central,uspto_backgrounds,arxiv,81,-0.014346864089379494
metric/the_pile_stackexchange_val_loss,pubmed_central,uspto_backgrounds,pile_cc,81,-0.014944463713764341
metric/the_pile_stackexchange_val_loss,pubmed_central,freelaw,stackexchange,81,-0.019985637370582867
metric/the_pile_stackexchange_val_loss,pubmed_central,freelaw,github,81,-0.025088849221689087
metric/the_pile_stackexchange_val_loss,pubmed_central,freelaw,arxiv,81,-0.035147992597483295
metric/the_pile_stackexchange_val_loss,pubmed_central,freelaw,pile_cc,81,-0.0388866705189729
metric/the_pile_stackexchange_val_loss,pubmed_central,stackexchange,github,81,0.15057112914435913
metric/the_pile_stackexchange_val_loss,pubmed_central,stackexchange,arxiv,81,-0.006736321239909952
metric/the_pile_stackexchange_val_loss,pubmed_central,stackexchange,pile_cc,81,0.009902917595221779
metric/the_pile_stackexchange_val_loss,pubmed_central,github,arxiv,81,-0.01670857128318556
metric/the_pile_stackexchange_val_loss,pubmed_central,github,pile_cc,81,-0.0022788172161164917
metric/the_pile_stackexchange_val_loss,pubmed_central,arxiv,pile_cc,81,-0.035965698828914594
metric/the_pile_stackexchange_val_loss,pile_cc,wikipedia_en,uspto_backgrounds,68,0.025234597580892918
metric/the_pile_stackexchange_val_loss,pile_cc,wikipedia_en,freelaw,68,-0.005317026087604929
metric/the_pile_stackexchange_val_loss,pile_cc,wikipedia_en,stackexchange,68,-0.003967274587592299
metric/the_pile_stackexchange_val_loss,pile_cc,wikipedia_en,github,68,-0.028469414893286773
metric/the_pile_stackexchange_val_loss,pile_cc,wikipedia_en,arxiv,68,-0.008616174594020884
metric/the_pile_stackexchange_val_loss,pile_cc,wikipedia_en,pubmed_central,68,-0.015819534019270935
metric/the_pile_stackexchange_val_loss,pile_cc,uspto_backgrounds,freelaw,68,-0.016565323271064695
metric/the_pile_stackexchange_val_loss,pile_cc,uspto_backgrounds,stackexchange,68,-0.028977327508879137
metric/the_pile_stackexchange_val_loss,pile_cc,uspto_backgrounds,github,68,-0.030540404131048495
metric/the_pile_stackexchange_val_loss,pile_cc,uspto_backgrounds,arxiv,68,-0.005075284054491281
metric/the_pile_stackexchange_val_loss,pile_cc,uspto_backgrounds,pubmed_central,68,-0.006180970717297585
metric/the_pile_stackexchange_val_loss,pile_cc,freelaw,stackexchange,68,-0.021464703337647363
metric/the_pile_stackexchange_val_loss,pile_cc,freelaw,github,68,-0.020917446708982795
metric/the_pile_stackexchange_val_loss,pile_cc,freelaw,arxiv,68,-0.03028772359158536
metric/the_pile_stackexchange_val_loss,pile_cc,freelaw,pubmed_central,68,-0.02946915761086498
metric/the_pile_stackexchange_val_loss,pile_cc,stackexchange,github,68,0.19410264896194301
metric/the_pile_stackexchange_val_loss,pile_cc,stackexchange,arxiv,68,-0.0055949734339818405
metric/the_pile_stackexchange_val_loss,pile_cc,stackexchange,pubmed_central,68,-0.04351971271108642
metric/the_pile_stackexchange_val_loss,pile_cc,github,arxiv,68,-0.02001144077881806
metric/the_pile_stackexchange_val_loss,pile_cc,github,pubmed_central,68,-0.05436274889571875
metric/the_pile_stackexchange_val_loss,pile_cc,arxiv,pubmed_central,68,-0.02629923518956344
metric/the_pile_gutenberg_pg_19_val_loss,wikipedia_en,uspto_backgrounds,freelaw,49,-0.010544971149037583
metric/the_pile_gutenberg_pg_19_val_loss,wikipedia_en,uspto_backgrounds,stackexchange,49,-0.01852053676199718
metric/the_pile_gutenberg_pg_19_val_loss,wikipedia_en,uspto_backgrounds,github,49,-0.00910019052438174
metric/the_pile_gutenberg_pg_19_val_loss,wikipedia_en,uspto_backgrounds,arxiv,49,-0.007198422809472619
metric/the_pile_gutenberg_pg_19_val_loss,wikipedia_en,uspto_backgrounds,pubmed_central,49,-0.011216602975723742
metric/the_pile_gutenberg_pg_19_val_loss,wikipedia_en,uspto_backgrounds,pile_cc,49,-0.018152521716801005
metric/the_pile_gutenberg_pg_19_val_loss,wikipedia_en,freelaw,stackexchange,49,-0.0024933005666016228
metric/the_pile_gutenberg_pg_19_val_loss,wikipedia_en,freelaw,github,49,-0.010028364235672736
metric/the_pile_gutenberg_pg_19_val_loss,wikipedia_en,freelaw,arxiv,49,-0.018949124751847596
metric/the_pile_gutenberg_pg_19_val_loss,wikipedia_en,freelaw,pubmed_central,49,-0.024213082739385425
metric/the_pile_gutenberg_pg_19_val_loss,wikipedia_en,freelaw,pile_cc,49,0.0032765558154345957
metric/the_pile_gutenberg_pg_19_val_loss,wikipedia_en,stackexchange,github,49,-0.0005819183172712476
metric/the_pile_gutenberg_pg_19_val_loss,wikipedia_en,stackexchange,arxiv,49,-0.007472325926251462
metric/the_pile_gutenberg_pg_19_val_loss,wikipedia_en,stackexchange,pubmed_central,49,-0.01636417264828719
metric/the_pile_gutenberg_pg_19_val_loss,wikipedia_en,stackexchange,pile_cc,49,-0.004904783579302991
metric/the_pile_gutenberg_pg_19_val_loss,wikipedia_en,github,arxiv,49,-0.019961869226527484
metric/the_pile_gutenberg_pg_19_val_loss,wikipedia_en,github,pubmed_central,49,-0.014267111181664327
metric/the_pile_gutenberg_pg_19_val_loss,wikipedia_en,github,pile_cc,49,-0.02197023460271204
metric/the_pile_gutenberg_pg_19_val_loss,wikipedia_en,arxiv,pubmed_central,49,-0.015044430429986105
metric/the_pile_gutenberg_pg_19_val_loss,wikipedia_en,arxiv,pile_cc,49,-0.024097291010118937
metric/the_pile_gutenberg_pg_19_val_loss,wikipedia_en,pubmed_central,pile_cc,49,-0.013234664998483761
metric/the_pile_gutenberg_pg_19_val_loss,uspto_backgrounds,wikipedia_en,freelaw,59,0.001333068162589413
metric/the_pile_gutenberg_pg_19_val_loss,uspto_backgrounds,wikipedia_en,stackexchange,59,-0.002916435832090908
metric/the_pile_gutenberg_pg_19_val_loss,uspto_backgrounds,wikipedia_en,github,59,-0.035183295340477115
metric/the_pile_gutenberg_pg_19_val_loss,uspto_backgrounds,wikipedia_en,arxiv,59,-0.016885626118752044
metric/the_pile_gutenberg_pg_19_val_loss,uspto_backgrounds,wikipedia_en,pubmed_central,59,-0.012629959250216474
metric/the_pile_gutenberg_pg_19_val_loss,uspto_backgrounds,wikipedia_en,pile_cc,59,0.0014142200440984414
metric/the_pile_gutenberg_pg_19_val_loss,uspto_backgrounds,freelaw,stackexchange,59,-0.002918649435818963
metric/the_pile_gutenberg_pg_19_val_loss,uspto_backgrounds,freelaw,github,59,-0.015394331578214107
metric/the_pile_gutenberg_pg_19_val_loss,uspto_backgrounds,freelaw,arxiv,59,-0.024123831673135112
metric/the_pile_gutenberg_pg_19_val_loss,uspto_backgrounds,freelaw,pubmed_central,59,-0.021778235764157557
metric/the_pile_gutenberg_pg_19_val_loss,uspto_backgrounds,freelaw,pile_cc,59,0.0029099335001675705
metric/the_pile_gutenberg_pg_19_val_loss,uspto_backgrounds,stackexchange,github,59,-0.007124752530130288
metric/the_pile_gutenberg_pg_19_val_loss,uspto_backgrounds,stackexchange,arxiv,59,-0.010838833858977857
metric/the_pile_gutenberg_pg_19_val_loss,uspto_backgrounds,stackexchange,pubmed_central,59,-0.01847307874882685
metric/the_pile_gutenberg_pg_19_val_loss,uspto_backgrounds,stackexchange,pile_cc,59,-0.004834199004030574
metric/the_pile_gutenberg_pg_19_val_loss,uspto_backgrounds,github,arxiv,59,-0.022740816468455046
metric/the_pile_gutenberg_pg_19_val_loss,uspto_backgrounds,github,pubmed_central,59,-0.02238720197129524
metric/the_pile_gutenberg_pg_19_val_loss,uspto_backgrounds,github,pile_cc,59,-0.020576542099299867
metric/the_pile_gutenberg_pg_19_val_loss,uspto_backgrounds,arxiv,pubmed_central,59,-0.02087704778546727
metric/the_pile_gutenberg_pg_19_val_loss,uspto_backgrounds,arxiv,pile_cc,59,-0.02267182516700858
metric/the_pile_gutenberg_pg_19_val_loss,uspto_backgrounds,pubmed_central,pile_cc,59,-0.019584533846547895
metric/the_pile_gutenberg_pg_19_val_loss,freelaw,wikipedia_en,uspto_backgrounds,47,0.016232929940425425
metric/the_pile_gutenberg_pg_19_val_loss,freelaw,wikipedia_en,stackexchange,47,0.001832295006888718
metric/the_pile_gutenberg_pg_19_val_loss,freelaw,wikipedia_en,github,47,-0.02847224720482924
metric/the_pile_gutenberg_pg_19_val_loss,freelaw,wikipedia_en,arxiv,47,-0.007849204982587376
metric/the_pile_gutenberg_pg_19_val_loss,freelaw,wikipedia_en,pubmed_central,47,-0.006011552509180278
metric/the_pile_gutenberg_pg_19_val_loss,freelaw,wikipedia_en,pile_cc,47,0.007632726548427008
metric/the_pile_gutenberg_pg_19_val_loss,freelaw,uspto_backgrounds,stackexchange,47,-0.011179877398301747
metric/the_pile_gutenberg_pg_19_val_loss,freelaw,uspto_backgrounds,github,47,-0.006176620984894765
metric/the_pile_gutenberg_pg_19_val_loss,freelaw,uspto_backgrounds,arxiv,47,-0.0012066536343650802
metric/the_pile_gutenberg_pg_19_val_loss,freelaw,uspto_backgrounds,pubmed_central,47,-0.005094919558630955
metric/the_pile_gutenberg_pg_19_val_loss,freelaw,uspto_backgrounds,pile_cc,47,-0.013652817296811814
metric/the_pile_gutenberg_pg_19_val_loss,freelaw,stackexchange,github,47,-0.0028103599675119995
metric/the_pile_gutenberg_pg_19_val_loss,freelaw,stackexchange,arxiv,47,-0.00690031113403517
metric/the_pile_gutenberg_pg_19_val_loss,freelaw,stackexchange,pubmed_central,47,-0.01753156703265064
metric/the_pile_gutenberg_pg_19_val_loss,freelaw,stackexchange,pile_cc,47,-0.005383046793972069
metric/the_pile_gutenberg_pg_19_val_loss,freelaw,github,arxiv,47,-0.016789263534529947
metric/the_pile_gutenberg_pg_19_val_loss,freelaw,github,pubmed_central,47,-0.020679064388788766
metric/the_pile_gutenberg_pg_19_val_loss,freelaw,github,pile_cc,47,-0.026398732114798408
metric/the_pile_gutenberg_pg_19_val_loss,freelaw,arxiv,pubmed_central,47,-0.010392503728134385
metric/the_pile_gutenberg_pg_19_val_loss,freelaw,arxiv,pile_cc,47,-0.027076154619423597
metric/the_pile_gutenberg_pg_19_val_loss,freelaw,pubmed_central,pile_cc,47,-0.016493320755891223
metric/the_pile_gutenberg_pg_19_val_loss,stackexchange,wikipedia_en,uspto_backgrounds,72,0.019345824700995724
metric/the_pile_gutenberg_pg_19_val_loss,stackexchange,wikipedia_en,freelaw,72,0.00453360374315084
metric/the_pile_gutenberg_pg_19_val_loss,stackexchange,wikipedia_en,github,72,-0.03213641754776267
metric/the_pile_gutenberg_pg_19_val_loss,stackexchange,wikipedia_en,arxiv,72,-0.011042488413645943
metric/the_pile_gutenberg_pg_19_val_loss,stackexchange,wikipedia_en,pubmed_central,72,-0.008579075865691461
metric/the_pile_gutenberg_pg_19_val_loss,stackexchange,wikipedia_en,pile_cc,72,0.0035977988525648374
metric/the_pile_gutenberg_pg_19_val_loss,stackexchange,uspto_backgrounds,freelaw,72,-0.01030162798622616
metric/the_pile_gutenberg_pg_19_val_loss,stackexchange,uspto_backgrounds,github,72,-0.0109009978836766
metric/the_pile_gutenberg_pg_19_val_loss,stackexchange,uspto_backgrounds,arxiv,72,-0.006021544801390882
metric/the_pile_gutenberg_pg_19_val_loss,stackexchange,uspto_backgrounds,pubmed_central,72,-0.009164144858387926
metric/the_pile_gutenberg_pg_19_val_loss,stackexchange,uspto_backgrounds,pile_cc,72,-0.015373532897922895
metric/the_pile_gutenberg_pg_19_val_loss,stackexchange,freelaw,github,72,-0.018055373111952475
metric/the_pile_gutenberg_pg_19_val_loss,stackexchange,freelaw,arxiv,72,-0.022738259169264457
metric/the_pile_gutenberg_pg_19_val_loss,stackexchange,freelaw,pubmed_central,72,-0.02713053918904878
metric/the_pile_gutenberg_pg_19_val_loss,stackexchange,freelaw,pile_cc,72,0.003050558576086567
metric/the_pile_gutenberg_pg_19_val_loss,stackexchange,github,arxiv,72,-0.018960683468539616
metric/the_pile_gutenberg_pg_19_val_loss,stackexchange,github,pubmed_central,72,-0.021010725119549354
metric/the_pile_gutenberg_pg_19_val_loss,stackexchange,github,pile_cc,72,-0.02417844372268078
metric/the_pile_gutenberg_pg_19_val_loss,stackexchange,arxiv,pubmed_central,72,-0.018780924488307038
metric/the_pile_gutenberg_pg_19_val_loss,stackexchange,arxiv,pile_cc,72,-0.023261483207136106
metric/the_pile_gutenberg_pg_19_val_loss,stackexchange,pubmed_central,pile_cc,72,-0.01910190929058655
metric/the_pile_gutenberg_pg_19_val_loss,github,wikipedia_en,uspto_backgrounds,77,0.021507954570937973
metric/the_pile_gutenberg_pg_19_val_loss,github,wikipedia_en,freelaw,77,0.00984185555806874
metric/the_pile_gutenberg_pg_19_val_loss,github,wikipedia_en,stackexchange,77,0.0010920859617237514
metric/the_pile_gutenberg_pg_19_val_loss,github,wikipedia_en,arxiv,77,-0.011271511970667643
metric/the_pile_gutenberg_pg_19_val_loss,github,wikipedia_en,pubmed_central,77,-0.008252912840427586
metric/the_pile_gutenberg_pg_19_val_loss,github,wikipedia_en,pile_cc,77,0.01200382630462321
metric/the_pile_gutenberg_pg_19_val_loss,github,uspto_backgrounds,freelaw,77,-0.012222349162483949
metric/the_pile_gutenberg_pg_19_val_loss,github,uspto_backgrounds,stackexchange,77,-0.023702223477406976
metric/the_pile_gutenberg_pg_19_val_loss,github,uspto_backgrounds,arxiv,77,-0.010469948764343047
metric/the_pile_gutenberg_pg_19_val_loss,github,uspto_backgrounds,pubmed_central,77,-0.011929679437279414
metric/the_pile_gutenberg_pg_19_val_loss,github,uspto_backgrounds,pile_cc,77,-0.01836996918691141
metric/the_pile_gutenberg_pg_19_val_loss,github,freelaw,stackexchange,77,-0.007012147756666539
metric/the_pile_gutenberg_pg_19_val_loss,github,freelaw,arxiv,77,-0.025257422794216135
metric/the_pile_gutenberg_pg_19_val_loss,github,freelaw,pubmed_central,77,-0.02623241794606627
metric/the_pile_gutenberg_pg_19_val_loss,github,freelaw,pile_cc,77,0.00618886116527728
metric/the_pile_gutenberg_pg_19_val_loss,github,stackexchange,arxiv,77,-0.01538292427640746
metric/the_pile_gutenberg_pg_19_val_loss,github,stackexchange,pubmed_central,77,-0.023845212315610455
metric/the_pile_gutenberg_pg_19_val_loss,github,stackexchange,pile_cc,77,-0.0077151256163614105
metric/the_pile_gutenberg_pg_19_val_loss,github,arxiv,pubmed_central,77,-0.021337618097676647
metric/the_pile_gutenberg_pg_19_val_loss,github,arxiv,pile_cc,77,-0.028854670841826077
metric/the_pile_gutenberg_pg_19_val_loss,github,pubmed_central,pile_cc,77,-0.021516328181229918
metric/the_pile_gutenberg_pg_19_val_loss,arxiv,wikipedia_en,uspto_backgrounds,65,0.019996293354582088
metric/the_pile_gutenberg_pg_19_val_loss,arxiv,wikipedia_en,freelaw,65,0.009817847054142143
metric/the_pile_gutenberg_pg_19_val_loss,arxiv,wikipedia_en,stackexchange,65,-0.0012783004824613296
metric/the_pile_gutenberg_pg_19_val_loss,arxiv,wikipedia_en,github,65,-0.03420465881335543
metric/the_pile_gutenberg_pg_19_val_loss,arxiv,wikipedia_en,pubmed_central,65,-0.010814634695451767
metric/the_pile_gutenberg_pg_19_val_loss,arxiv,wikipedia_en,pile_cc,65,0.007057667047534298
metric/the_pile_gutenberg_pg_19_val_loss,arxiv,uspto_backgrounds,freelaw,65,-0.011241161825504232
metric/the_pile_gutenberg_pg_19_val_loss,arxiv,uspto_backgrounds,stackexchange,65,-0.01815701964352455
metric/the_pile_gutenberg_pg_19_val_loss,arxiv,uspto_backgrounds,github,65,-0.013551870487977812
metric/the_pile_gutenberg_pg_19_val_loss,arxiv,uspto_backgrounds,pubmed_central,65,-0.013585454867546254
metric/the_pile_gutenberg_pg_19_val_loss,arxiv,uspto_backgrounds,pile_cc,65,-0.01646056684482994
metric/the_pile_gutenberg_pg_19_val_loss,arxiv,freelaw,stackexchange,65,-0.0038449374686005938
metric/the_pile_gutenberg_pg_19_val_loss,arxiv,freelaw,github,65,-0.017022006761696948
metric/the_pile_gutenberg_pg_19_val_loss,arxiv,freelaw,pubmed_central,65,-0.02860033240321724
metric/the_pile_gutenberg_pg_19_val_loss,arxiv,freelaw,pile_cc,65,0.007903975444266246
metric/the_pile_gutenberg_pg_19_val_loss,arxiv,stackexchange,github,65,-0.00819374010366311
metric/the_pile_gutenberg_pg_19_val_loss,arxiv,stackexchange,pubmed_central,65,-0.02402462663139521
metric/the_pile_gutenberg_pg_19_val_loss,arxiv,stackexchange,pile_cc,65,-0.005417883385280083
metric/the_pile_gutenberg_pg_19_val_loss,arxiv,github,pubmed_central,65,-0.024969076067302184
metric/the_pile_gutenberg_pg_19_val_loss,arxiv,github,pile_cc,65,-0.022963192323115254
metric/the_pile_gutenberg_pg_19_val_loss,arxiv,pubmed_central,pile_cc,65,-0.01904838926298251
metric/the_pile_gutenberg_pg_19_val_loss,pubmed_central,wikipedia_en,uspto_backgrounds,81,0.01794551445822451
metric/the_pile_gutenberg_pg_19_val_loss,pubmed_central,wikipedia_en,freelaw,81,0.009052361312160306
metric/the_pile_gutenberg_pg_19_val_loss,pubmed_central,wikipedia_en,stackexchange,81,0.0005805643665691545
metric/the_pile_gutenberg_pg_19_val_loss,pubmed_central,wikipedia_en,github,81,-0.03265845725748552
metric/the_pile_gutenberg_pg_19_val_loss,pubmed_central,wikipedia_en,arxiv,81,-0.012916253650042864
metric/the_pile_gutenberg_pg_19_val_loss,pubmed_central,wikipedia_en,pile_cc,81,0.004604588184444714
metric/the_pile_gutenberg_pg_19_val_loss,pubmed_central,uspto_backgrounds,freelaw,81,-0.009155060345549977
metric/the_pile_gutenberg_pg_19_val_loss,pubmed_central,uspto_backgrounds,stackexchange,81,-0.017267964287831405
metric/the_pile_gutenberg_pg_19_val_loss,pubmed_central,uspto_backgrounds,github,81,-0.012078736711042752
metric/the_pile_gutenberg_pg_19_val_loss,pubmed_central,uspto_backgrounds,arxiv,81,-0.009158453604466012
metric/the_pile_gutenberg_pg_19_val_loss,pubmed_central,uspto_backgrounds,pile_cc,81,-0.019237585172797077
metric/the_pile_gutenberg_pg_19_val_loss,pubmed_central,freelaw,stackexchange,81,-0.0019044912727578943
metric/the_pile_gutenberg_pg_19_val_loss,pubmed_central,freelaw,github,81,-0.01694921050350847
metric/the_pile_gutenberg_pg_19_val_loss,pubmed_central,freelaw,arxiv,81,-0.021291873478948443
metric/the_pile_gutenberg_pg_19_val_loss,pubmed_central,freelaw,pile_cc,81,0.005289074207059223
metric/the_pile_gutenberg_pg_19_val_loss,pubmed_central,stackexchange,github,81,-0.005849476122936708
metric/the_pile_gutenberg_pg_19_val_loss,pubmed_central,stackexchange,arxiv,81,-0.010889806616415636
metric/the_pile_gutenberg_pg_19_val_loss,pubmed_central,stackexchange,pile_cc,81,-0.005038748147832417
metric/the_pile_gutenberg_pg_19_val_loss,pubmed_central,github,arxiv,81,-0.02224761117880977
metric/the_pile_gutenberg_pg_19_val_loss,pubmed_central,github,pile_cc,81,-0.024333171150736337
metric/the_pile_gutenberg_pg_19_val_loss,pubmed_central,arxiv,pile_cc,81,-0.027368399435562994
metric/the_pile_gutenberg_pg_19_val_loss,pile_cc,wikipedia_en,uspto_backgrounds,68,0.02726364018970992
metric/the_pile_gutenberg_pg_19_val_loss,pile_cc,wikipedia_en,freelaw,68,0.014431713853145123
metric/the_pile_gutenberg_pg_19_val_loss,pile_cc,wikipedia_en,stackexchange,68,0.009482005231345621
metric/the_pile_gutenberg_pg_19_val_loss,pile_cc,wikipedia_en,github,68,-0.020205309613102206
metric/the_pile_gutenberg_pg_19_val_loss,pile_cc,wikipedia_en,arxiv,68,0.0001762922793480507
metric/the_pile_gutenberg_pg_19_val_loss,pile_cc,wikipedia_en,pubmed_central,68,0.0012283350547885351
metric/the_pile_gutenberg_pg_19_val_loss,pile_cc,uspto_backgrounds,freelaw,68,0.0002984303840553625
metric/the_pile_gutenberg_pg_19_val_loss,pile_cc,uspto_backgrounds,stackexchange,68,-0.003969261703975635
metric/the_pile_gutenberg_pg_19_val_loss,pile_cc,uspto_backgrounds,github,68,0.002529152585721891
metric/the_pile_gutenberg_pg_19_val_loss,pile_cc,uspto_backgrounds,arxiv,68,0.006835005984564415
metric/the_pile_gutenberg_pg_19_val_loss,pile_cc,uspto_backgrounds,pubmed_central,68,0.00017563578910835133
metric/the_pile_gutenberg_pg_19_val_loss,pile_cc,freelaw,stackexchange,68,0.005207795767215443
metric/the_pile_gutenberg_pg_19_val_loss,pile_cc,freelaw,github,68,-0.005542583772569175
metric/the_pile_gutenberg_pg_19_val_loss,pile_cc,freelaw,arxiv,68,-0.012637214203629092
metric/the_pile_gutenberg_pg_19_val_loss,pile_cc,freelaw,pubmed_central,68,-0.014938127256685033
metric/the_pile_gutenberg_pg_19_val_loss,pile_cc,stackexchange,github,68,0.004258489206893939
metric/the_pile_gutenberg_pg_19_val_loss,pile_cc,stackexchange,arxiv,68,0.0010711507177438068
metric/the_pile_gutenberg_pg_19_val_loss,pile_cc,stackexchange,pubmed_central,68,-0.014562748693934943
metric/the_pile_gutenberg_pg_19_val_loss,pile_cc,github,arxiv,68,-0.014278619734746605
metric/the_pile_gutenberg_pg_19_val_loss,pile_cc,github,pubmed_central,68,-0.014455294892577589
metric/the_pile_gutenberg_pg_19_val_loss,pile_cc,arxiv,pubmed_central,68,-0.007959114202682013
metric/the_pile_pile_cc_val_loss,wikipedia_en,uspto_backgrounds,freelaw,49,0.0030102778600809826
metric/the_pile_pile_cc_val_loss,wikipedia_en,uspto_backgrounds,stackexchange,49,-0.009957189264289405
metric/the_pile_pile_cc_val_loss,wikipedia_en,uspto_backgrounds,github,49,-0.006737099300894779
metric/the_pile_pile_cc_val_loss,wikipedia_en,uspto_backgrounds,arxiv,49,0.002463895573475465
metric/the_pile_pile_cc_val_loss,wikipedia_en,uspto_backgrounds,pubmed_central,49,0.0010645757848060824
metric/the_pile_pile_cc_val_loss,wikipedia_en,uspto_backgrounds,pile_cc,49,-0.0019724801764608776
metric/the_pile_pile_cc_val_loss,wikipedia_en,freelaw,stackexchange,49,0.007066541239463423
metric/the_pile_pile_cc_val_loss,wikipedia_en,freelaw,github,49,-0.0051471668055436855
metric/the_pile_pile_cc_val_loss,wikipedia_en,freelaw,arxiv,49,-0.00827195926623309
metric/the_pile_pile_cc_val_loss,wikipedia_en,freelaw,pubmed_central,49,-0.010580988048213185
metric/the_pile_pile_cc_val_loss,wikipedia_en,freelaw,pile_cc,49,0.002733122937936372
metric/the_pile_pile_cc_val_loss,wikipedia_en,stackexchange,github,49,0.00545893568564965
metric/the_pile_pile_cc_val_loss,wikipedia_en,stackexchange,arxiv,49,-0.0007999247243608021
metric/the_pile_pile_cc_val_loss,wikipedia_en,stackexchange,pubmed_central,49,-0.006985308566562384
metric/the_pile_pile_cc_val_loss,wikipedia_en,stackexchange,pile_cc,49,0.01250017731508555
metric/the_pile_pile_cc_val_loss,wikipedia_en,github,arxiv,49,-0.007557373769968087
metric/the_pile_pile_cc_val_loss,wikipedia_en,github,pubmed_central,49,-0.0035607902334461113
metric/the_pile_pile_cc_val_loss,wikipedia_en,github,pile_cc,49,-0.009378121417460425
metric/the_pile_pile_cc_val_loss,wikipedia_en,arxiv,pubmed_central,49,-0.004631316789319631
metric/the_pile_pile_cc_val_loss,wikipedia_en,arxiv,pile_cc,49,-0.012170259599763075
metric/the_pile_pile_cc_val_loss,wikipedia_en,pubmed_central,pile_cc,49,-0.001858014822068993
metric/the_pile_pile_cc_val_loss,uspto_backgrounds,wikipedia_en,freelaw,59,0.001813493655037662
metric/the_pile_pile_cc_val_loss,uspto_backgrounds,wikipedia_en,stackexchange,59,0.002945642754774435
metric/the_pile_pile_cc_val_loss,uspto_backgrounds,wikipedia_en,github,59,-0.020778432184061894
metric/the_pile_pile_cc_val_loss,uspto_backgrounds,wikipedia_en,arxiv,59,-0.013767133961224202
metric/the_pile_pile_cc_val_loss,uspto_backgrounds,wikipedia_en,pubmed_central,59,-0.0026359836716745924
metric/the_pile_pile_cc_val_loss,uspto_backgrounds,wikipedia_en,pile_cc,59,0.04003939513271063
metric/the_pile_pile_cc_val_loss,uspto_backgrounds,freelaw,stackexchange,59,0.002309831589209042
metric/the_pile_pile_cc_val_loss,uspto_backgrounds,freelaw,github,59,-0.012594178632748648
metric/the_pile_pile_cc_val_loss,uspto_backgrounds,freelaw,arxiv,59,-0.017925269052519833
metric/the_pile_pile_cc_val_loss,uspto_backgrounds,freelaw,pubmed_central,59,-0.014369541493622021
metric/the_pile_pile_cc_val_loss,uspto_backgrounds,freelaw,pile_cc,59,0.001204644405012445
metric/the_pile_pile_cc_val_loss,uspto_backgrounds,stackexchange,github,59,-0.0015779941577339094
metric/the_pile_pile_cc_val_loss,uspto_backgrounds,stackexchange,arxiv,59,-0.0073761717607899605
metric/the_pile_pile_cc_val_loss,uspto_backgrounds,stackexchange,pubmed_central,59,-0.012214440964765256
metric/the_pile_pile_cc_val_loss,uspto_backgrounds,stackexchange,pile_cc,59,0.011423600510462218
metric/the_pile_pile_cc_val_loss,uspto_backgrounds,github,arxiv,59,-0.013396881635923293
metric/the_pile_pile_cc_val_loss,uspto_backgrounds,github,pubmed_central,59,-0.012739603056356625
metric/the_pile_pile_cc_val_loss,uspto_backgrounds,github,pile_cc,59,-0.009292275882664855
metric/the_pile_pile_cc_val_loss,uspto_backgrounds,arxiv,pubmed_central,59,-0.013965559136078493
metric/the_pile_pile_cc_val_loss,uspto_backgrounds,arxiv,pile_cc,59,-0.012789925148536524
metric/the_pile_pile_cc_val_loss,uspto_backgrounds,pubmed_central,pile_cc,59,-0.004528668930685763
metric/the_pile_pile_cc_val_loss,freelaw,wikipedia_en,uspto_backgrounds,47,0.009229682609873797
metric/the_pile_pile_cc_val_loss,freelaw,wikipedia_en,stackexchange,47,0.0018018429714687686
metric/the_pile_pile_cc_val_loss,freelaw,wikipedia_en,github,47,-0.019312458650457293
metric/the_pile_pile_cc_val_loss,freelaw,wikipedia_en,arxiv,47,-0.010238641058659435
metric/the_pile_pile_cc_val_loss,freelaw,wikipedia_en,pubmed_central,47,0.0005433471602687476
metric/the_pile_pile_cc_val_loss,freelaw,wikipedia_en,pile_cc,47,0.05256023712997323
metric/the_pile_pile_cc_val_loss,freelaw,uspto_backgrounds,stackexchange,47,-0.012609641823889045
metric/the_pile_pile_cc_val_loss,freelaw,uspto_backgrounds,github,47,-0.010852356357055329
metric/the_pile_pile_cc_val_loss,freelaw,uspto_backgrounds,arxiv,47,-0.0018698529996727753
metric/the_pile_pile_cc_val_loss,freelaw,uspto_backgrounds,pubmed_central,47,-0.0025983230819595885
metric/the_pile_pile_cc_val_loss,freelaw,uspto_backgrounds,pile_cc,47,-0.0026646932896384214
metric/the_pile_pile_cc_val_loss,freelaw,stackexchange,github,47,-0.0028079247027487262
metric/the_pile_pile_cc_val_loss,freelaw,stackexchange,arxiv,47,-0.00865418884480897
metric/the_pile_pile_cc_val_loss,freelaw,stackexchange,pubmed_central,47,-0.015395116653751033
metric/the_pile_pile_cc_val_loss,freelaw,stackexchange,pile_cc,47,0.01125130318611109
metric/the_pile_pile_cc_val_loss,freelaw,github,arxiv,47,-0.012058840697577313
metric/the_pile_pile_cc_val_loss,freelaw,github,pubmed_central,47,-0.014003414662098031
metric/the_pile_pile_cc_val_loss,freelaw,github,pile_cc,47,-0.013541966164625021
metric/the_pile_pile_cc_val_loss,freelaw,arxiv,pubmed_central,47,-0.008773618200005323
metric/the_pile_pile_cc_val_loss,freelaw,arxiv,pile_cc,47,-0.016290992078507285
metric/the_pile_pile_cc_val_loss,freelaw,pubmed_central,pile_cc,47,-0.003542564243357588
metric/the_pile_pile_cc_val_loss,stackexchange,wikipedia_en,uspto_backgrounds,72,0.016007219831699924
metric/the_pile_pile_cc_val_loss,stackexchange,wikipedia_en,freelaw,72,0.004534877664674395
metric/the_pile_pile_cc_val_loss,stackexchange,wikipedia_en,github,72,-0.019270212083627312
metric/the_pile_pile_cc_val_loss,stackexchange,wikipedia_en,arxiv,72,-0.008042178788065592
metric/the_pile_pile_cc_val_loss,stackexchange,wikipedia_en,pubmed_central,72,0.0014605211100455885
metric/the_pile_pile_cc_val_loss,stackexchange,wikipedia_en,pile_cc,72,0.040022259951598374
metric/the_pile_pile_cc_val_loss,stackexchange,uspto_backgrounds,freelaw,72,0.0006464852024615651
metric/the_pile_pile_cc_val_loss,stackexchange,uspto_backgrounds,github,72,-0.010078345753558248
metric/the_pile_pile_cc_val_loss,stackexchange,uspto_backgrounds,arxiv,72,-0.00014776585206393515
metric/the_pile_pile_cc_val_loss,stackexchange,uspto_backgrounds,pubmed_central,72,0.00023409793882373583
metric/the_pile_pile_cc_val_loss,stackexchange,uspto_backgrounds,pile_cc,72,-0.0007509709520520103
metric/the_pile_pile_cc_val_loss,stackexchange,freelaw,github,72,-0.015011388708616747
metric/the_pile_pile_cc_val_loss,stackexchange,freelaw,arxiv,72,-0.015418891718571779
metric/the_pile_pile_cc_val_loss,stackexchange,freelaw,pubmed_central,72,-0.016221490055749355
metric/the_pile_pile_cc_val_loss,stackexchange,freelaw,pile_cc,72,0.0008414556972679751
metric/the_pile_pile_cc_val_loss,stackexchange,github,arxiv,72,-0.01046425994503735
metric/the_pile_pile_cc_val_loss,stackexchange,github,pubmed_central,72,-0.01114275012065523
metric/the_pile_pile_cc_val_loss,stackexchange,github,pile_cc,72,-0.01264182363782588
metric/the_pile_pile_cc_val_loss,stackexchange,arxiv,pubmed_central,72,-0.010517162027860634
metric/the_pile_pile_cc_val_loss,stackexchange,arxiv,pile_cc,72,-0.013198416670860044
metric/the_pile_pile_cc_val_loss,stackexchange,pubmed_central,pile_cc,72,-0.00376528465016373
metric/the_pile_pile_cc_val_loss,github,wikipedia_en,uspto_backgrounds,77,0.013851445943365568
metric/the_pile_pile_cc_val_loss,github,wikipedia_en,freelaw,77,0.005384286086461188
metric/the_pile_pile_cc_val_loss,github,wikipedia_en,stackexchange,77,0.002128720835052427
metric/the_pile_pile_cc_val_loss,github,wikipedia_en,arxiv,77,-0.013605750719374188
metric/the_pile_pile_cc_val_loss,github,wikipedia_en,pubmed_central,77,-0.002307171159675998
metric/the_pile_pile_cc_val_loss,github,wikipedia_en,pile_cc,77,0.05831607005878158
metric/the_pile_pile_cc_val_loss,github,uspto_backgrounds,freelaw,77,-0.003963105757177416
metric/the_pile_pile_cc_val_loss,github,uspto_backgrounds,stackexchange,77,-0.020667907428815628
metric/the_pile_pile_cc_val_loss,github,uspto_backgrounds,arxiv,77,-0.007305009982686477
metric/the_pile_pile_cc_val_loss,github,uspto_backgrounds,pubmed_central,77,-0.006725214556928567
metric/the_pile_pile_cc_val_loss,github,uspto_backgrounds,pile_cc,77,-0.0038614911646976512
metric/the_pile_pile_cc_val_loss,github,freelaw,stackexchange,77,-0.0013827457669350058
metric/the_pile_pile_cc_val_loss,github,freelaw,arxiv,77,-0.020666901286138163
metric/the_pile_pile_cc_val_loss,github,freelaw,pubmed_central,77,-0.018933646287854648
metric/the_pile_pile_cc_val_loss,github,freelaw,pile_cc,77,0.0013454273574488535
metric/the_pile_pile_cc_val_loss,github,stackexchange,arxiv,77,-0.014742843055255169
metric/the_pile_pile_cc_val_loss,github,stackexchange,pubmed_central,77,-0.019485833730329697
metric/the_pile_pile_cc_val_loss,github,stackexchange,pile_cc,77,0.01140861208349639
metric/the_pile_pile_cc_val_loss,github,arxiv,pubmed_central,77,-0.017077158400428477
metric/the_pile_pile_cc_val_loss,github,arxiv,pile_cc,77,-0.019307166751185136
metric/the_pile_pile_cc_val_loss,github,pubmed_central,pile_cc,77,-0.007477143484406197
metric/the_pile_pile_cc_val_loss,arxiv,wikipedia_en,uspto_backgrounds,65,0.013780995824601523
metric/the_pile_pile_cc_val_loss,arxiv,wikipedia_en,freelaw,65,0.006901483009952163
metric/the_pile_pile_cc_val_loss,arxiv,wikipedia_en,stackexchange,65,0.002009459941181072
metric/the_pile_pile_cc_val_loss,arxiv,wikipedia_en,github,65,-0.022678813043135015
metric/the_pile_pile_cc_val_loss,arxiv,wikipedia_en,pubmed_central,65,-0.0011470246812279492
metric/the_pile_pile_cc_val_loss,arxiv,wikipedia_en,pile_cc,65,0.04774786879396682
metric/the_pile_pile_cc_val_loss,arxiv,uspto_backgrounds,freelaw,65,-0.003022560972172869
metric/the_pile_pile_cc_val_loss,arxiv,uspto_backgrounds,stackexchange,65,-0.015314811600768412
metric/the_pile_pile_cc_val_loss,arxiv,uspto_backgrounds,github,65,-0.015084322088221774
metric/the_pile_pile_cc_val_loss,arxiv,uspto_backgrounds,pubmed_central,65,-0.006522285441820886
metric/the_pile_pile_cc_val_loss,arxiv,uspto_backgrounds,pile_cc,65,-0.003339079428080292
metric/the_pile_pile_cc_val_loss,arxiv,freelaw,stackexchange,65,0.0007268328652872951
metric/the_pile_pile_cc_val_loss,arxiv,freelaw,github,65,-0.01652009280345958
metric/the_pile_pile_cc_val_loss,arxiv,freelaw,pubmed_central,65,-0.019427115586696977
metric/the_pile_pile_cc_val_loss,arxiv,freelaw,pile_cc,65,0.0038376741536128023
metric/the_pile_pile_cc_val_loss,arxiv,stackexchange,github,65,-0.005678392049143751
metric/the_pile_pile_cc_val_loss,arxiv,stackexchange,pubmed_central,65,-0.018066877435351836
metric/the_pile_pile_cc_val_loss,arxiv,stackexchange,pile_cc,65,0.008576251688118588
metric/the_pile_pile_cc_val_loss,arxiv,github,pubmed_central,65,-0.0168537181839248
metric/the_pile_pile_cc_val_loss,arxiv,github,pile_cc,65,-0.012716135248932786
metric/the_pile_pile_cc_val_loss,arxiv,pubmed_central,pile_cc,65,-0.004712150949541743
metric/the_pile_pile_cc_val_loss,pubmed_central,wikipedia_en,uspto_backgrounds,81,0.012162467144876182
metric/the_pile_pile_cc_val_loss,pubmed_central,wikipedia_en,freelaw,81,0.006163395743928333
metric/the_pile_pile_cc_val_loss,pubmed_central,wikipedia_en,stackexchange,81,0.0033196791788828
metric/the_pile_pile_cc_val_loss,pubmed_central,wikipedia_en,github,81,-0.021619111073332385
metric/the_pile_pile_cc_val_loss,pubmed_central,wikipedia_en,arxiv,81,-0.012678412457321096
metric/the_pile_pile_cc_val_loss,pubmed_central,wikipedia_en,pile_cc,81,0.038431188401917074
metric/the_pile_pile_cc_val_loss,pubmed_central,uspto_backgrounds,freelaw,81,-0.001368285793525301
metric/the_pile_pile_cc_val_loss,pubmed_central,uspto_backgrounds,stackexchange,81,-0.014020029905450466
metric/the_pile_pile_cc_val_loss,pubmed_central,uspto_backgrounds,github,81,-0.013188013907226652
metric/the_pile_pile_cc_val_loss,pubmed_central,uspto_backgrounds,arxiv,81,-0.004854006890120388
metric/the_pile_pile_cc_val_loss,pubmed_central,uspto_backgrounds,pile_cc,81,-0.003074430668460057
metric/the_pile_pile_cc_val_loss,pubmed_central,freelaw,stackexchange,81,0.003186317814254457
metric/the_pile_pile_cc_val_loss,pubmed_central,freelaw,github,81,-0.01575257693773833
metric/the_pile_pile_cc_val_loss,pubmed_central,freelaw,arxiv,81,-0.015740668633115962
metric/the_pile_pile_cc_val_loss,pubmed_central,freelaw,pile_cc,81,0.002723469517187514
metric/the_pile_pile_cc_val_loss,pubmed_central,stackexchange,github,81,-0.002792535557159738
metric/the_pile_pile_cc_val_loss,pubmed_central,stackexchange,arxiv,81,-0.008502575561463816
metric/the_pile_pile_cc_val_loss,pubmed_central,stackexchange,pile_cc,81,0.010830683562585278
metric/the_pile_pile_cc_val_loss,pubmed_central,github,arxiv,81,-0.014636405303552594
metric/the_pile_pile_cc_val_loss,pubmed_central,github,pile_cc,81,-0.012784313988097169
metric/the_pile_pile_cc_val_loss,pubmed_central,arxiv,pile_cc,81,-0.01593504869144917
metric/the_pile_pile_cc_val_loss,pile_cc,wikipedia_en,uspto_backgrounds,68,0.023275459071843325
metric/the_pile_pile_cc_val_loss,pile_cc,wikipedia_en,freelaw,68,0.015664081875643342
metric/the_pile_pile_cc_val_loss,pile_cc,wikipedia_en,stackexchange,68,0.013055852676347554
metric/the_pile_pile_cc_val_loss,pile_cc,wikipedia_en,github,68,-0.0079310981225129
metric/the_pile_pile_cc_val_loss,pile_cc,wikipedia_en,arxiv,68,0.0020437316921659973
metric/the_pile_pile_cc_val_loss,pile_cc,wikipedia_en,pubmed_central,68,0.011093724130486664
metric/the_pile_pile_cc_val_loss,pile_cc,uspto_backgrounds,freelaw,68,0.013738820523294932
metric/the_pile_pile_cc_val_loss,pile_cc,uspto_backgrounds,stackexchange,68,0.0016036780251814195
metric/the_pile_pile_cc_val_loss,pile_cc,uspto_backgrounds,github,68,0.004493591201496858
metric/the_pile_pile_cc_val_loss,pile_cc,uspto_backgrounds,arxiv,68,0.013609977156942572
metric/the_pile_pile_cc_val_loss,pile_cc,uspto_backgrounds,pubmed_central,68,0.011200332696498946
metric/the_pile_pile_cc_val_loss,pile_cc,freelaw,stackexchange,68,0.01572945364431453
metric/the_pile_pile_cc_val_loss,pile_cc,freelaw,github,68,0.0011726109430627966
metric/the_pile_pile_cc_val_loss,pile_cc,freelaw,arxiv,68,-0.0012503206787857866
metric/the_pile_pile_cc_val_loss,pile_cc,freelaw,pubmed_central,68,-0.0012067035482671753
metric/the_pile_pile_cc_val_loss,pile_cc,stackexchange,github,68,0.010813602580234912
metric/the_pile_pile_cc_val_loss,pile_cc,stackexchange,arxiv,68,0.006471777368065956
metric/the_pile_pile_cc_val_loss,pile_cc,stackexchange,pubmed_central,68,-0.004675876339125786
metric/the_pile_pile_cc_val_loss,pile_cc,github,arxiv,68,-0.0012143151411448754
metric/the_pile_pile_cc_val_loss,pile_cc,github,pubmed_central,68,-0.0010238718473009121
metric/the_pile_pile_cc_val_loss,pile_cc,arxiv,pubmed_central,68,0.002157235938737871
metric/the_pile_ubuntu_irc_val_loss,wikipedia_en,uspto_backgrounds,freelaw,49,-0.03786889078483616
metric/the_pile_ubuntu_irc_val_loss,wikipedia_en,uspto_backgrounds,stackexchange,49,-0.03780587466050077
metric/the_pile_ubuntu_irc_val_loss,wikipedia_en,uspto_backgrounds,github,49,-0.03281728474528605
metric/the_pile_ubuntu_irc_val_loss,wikipedia_en,uspto_backgrounds,arxiv,49,-0.03682859918724566
metric/the_pile_ubuntu_irc_val_loss,wikipedia_en,uspto_backgrounds,pubmed_central,49,-0.02095904791194686
metric/the_pile_ubuntu_irc_val_loss,wikipedia_en,uspto_backgrounds,pile_cc,49,-0.024245040823119967
metric/the_pile_ubuntu_irc_val_loss,wikipedia_en,freelaw,stackexchange,49,-0.022719530044884643
metric/the_pile_ubuntu_irc_val_loss,wikipedia_en,freelaw,github,49,-0.016204797772596754
metric/the_pile_ubuntu_irc_val_loss,wikipedia_en,freelaw,arxiv,49,-0.06130140364032434
metric/the_pile_ubuntu_irc_val_loss,wikipedia_en,freelaw,pubmed_central,49,-0.07007923561510938
metric/the_pile_ubuntu_irc_val_loss,wikipedia_en,freelaw,pile_cc,49,-0.04372136864599245
metric/the_pile_ubuntu_irc_val_loss,wikipedia_en,stackexchange,github,49,0.007109616694435138
metric/the_pile_ubuntu_irc_val_loss,wikipedia_en,stackexchange,arxiv,49,-0.03580196414657574
metric/the_pile_ubuntu_irc_val_loss,wikipedia_en,stackexchange,pubmed_central,49,-0.051394685155710704
metric/the_pile_ubuntu_irc_val_loss,wikipedia_en,stackexchange,pile_cc,49,-0.00859278101689824
metric/the_pile_ubuntu_irc_val_loss,wikipedia_en,github,arxiv,49,-0.03214725043401162
metric/the_pile_ubuntu_irc_val_loss,wikipedia_en,github,pubmed_central,49,-0.04402037095990974
metric/the_pile_ubuntu_irc_val_loss,wikipedia_en,github,pile_cc,49,-0.02547608672985802
metric/the_pile_ubuntu_irc_val_loss,wikipedia_en,arxiv,pubmed_central,49,-0.0536490290049998
metric/the_pile_ubuntu_irc_val_loss,wikipedia_en,arxiv,pile_cc,49,-0.048027948427336896
metric/the_pile_ubuntu_irc_val_loss,wikipedia_en,pubmed_central,pile_cc,49,-0.03777048821938705
metric/the_pile_ubuntu_irc_val_loss,uspto_backgrounds,wikipedia_en,freelaw,59,-0.015896162734228416
metric/the_pile_ubuntu_irc_val_loss,uspto_backgrounds,wikipedia_en,stackexchange,59,-0.012559956556202031
metric/the_pile_ubuntu_irc_val_loss,uspto_backgrounds,wikipedia_en,github,59,-0.05417028931554176
metric/the_pile_ubuntu_irc_val_loss,uspto_backgrounds,wikipedia_en,arxiv,59,-0.028443528045994735
metric/the_pile_ubuntu_irc_val_loss,uspto_backgrounds,wikipedia_en,pubmed_central,59,-0.03916413532321869
metric/the_pile_ubuntu_irc_val_loss,uspto_backgrounds,wikipedia_en,pile_cc,59,-0.05254872973571721
metric/the_pile_ubuntu_irc_val_loss,uspto_backgrounds,freelaw,stackexchange,59,-0.0191166367387328
metric/the_pile_ubuntu_irc_val_loss,uspto_backgrounds,freelaw,github,59,-0.019141636816580616
metric/the_pile_ubuntu_irc_val_loss,uspto_backgrounds,freelaw,arxiv,59,-0.06390190148127173
metric/the_pile_ubuntu_irc_val_loss,uspto_backgrounds,freelaw,pubmed_central,59,-0.06008672202172239
metric/the_pile_ubuntu_irc_val_loss,uspto_backgrounds,freelaw,pile_cc,59,-0.04706451906750601
metric/the_pile_ubuntu_irc_val_loss,uspto_backgrounds,stackexchange,github,59,0.001594043446022201
metric/the_pile_ubuntu_irc_val_loss,uspto_backgrounds,stackexchange,arxiv,59,-0.03437560318446577
metric/the_pile_ubuntu_irc_val_loss,uspto_backgrounds,stackexchange,pubmed_central,59,-0.053994273290859714
metric/the_pile_ubuntu_irc_val_loss,uspto_backgrounds,stackexchange,pile_cc,59,-0.012614469414592098
metric/the_pile_ubuntu_irc_val_loss,uspto_backgrounds,github,arxiv,59,-0.029753423730356113
metric/the_pile_ubuntu_irc_val_loss,uspto_backgrounds,github,pubmed_central,59,-0.05313216459018849
metric/the_pile_ubuntu_irc_val_loss,uspto_backgrounds,github,pile_cc,59,-0.029056900624910592
metric/the_pile_ubuntu_irc_val_loss,uspto_backgrounds,arxiv,pubmed_central,59,-0.05938949949207155
metric/the_pile_ubuntu_irc_val_loss,uspto_backgrounds,arxiv,pile_cc,59,-0.04462632765579334
metric/the_pile_ubuntu_irc_val_loss,uspto_backgrounds,pubmed_central,pile_cc,59,-0.058352587158107566
metric/the_pile_ubuntu_irc_val_loss,freelaw,wikipedia_en,uspto_backgrounds,47,0.015469444386008674
metric/the_pile_ubuntu_irc_val_loss,freelaw,wikipedia_en,stackexchange,47,-0.009036468918233837
metric/the_pile_ubuntu_irc_val_loss,freelaw,wikipedia_en,github,47,-0.05212725598549554
metric/the_pile_ubuntu_irc_val_loss,freelaw,wikipedia_en,arxiv,47,-0.01989017086347085
metric/the_pile_ubuntu_irc_val_loss,freelaw,wikipedia_en,pubmed_central,47,-0.0330409155731186
metric/the_pile_ubuntu_irc_val_loss,freelaw,wikipedia_en,pile_cc,47,-0.049855543571441306
metric/the_pile_ubuntu_irc_val_loss,freelaw,uspto_backgrounds,stackexchange,47,-0.026924322737710428
metric/the_pile_ubuntu_irc_val_loss,freelaw,uspto_backgrounds,github,47,-0.029771031406462686
metric/the_pile_ubuntu_irc_val_loss,freelaw,uspto_backgrounds,arxiv,47,-0.023708656704413786
metric/the_pile_ubuntu_irc_val_loss,freelaw,uspto_backgrounds,pubmed_central,47,-0.01121280203729034
metric/the_pile_ubuntu_irc_val_loss,freelaw,uspto_backgrounds,pile_cc,47,-0.015797563680401215
metric/the_pile_ubuntu_irc_val_loss,freelaw,stackexchange,github,47,0.00036114170824763647
metric/the_pile_ubuntu_irc_val_loss,freelaw,stackexchange,arxiv,47,-0.035287555300032934
metric/the_pile_ubuntu_irc_val_loss,freelaw,stackexchange,pubmed_central,47,-0.05693669579138749
metric/the_pile_ubuntu_irc_val_loss,freelaw,stackexchange,pile_cc,47,-0.007160084595332369
metric/the_pile_ubuntu_irc_val_loss,freelaw,github,arxiv,47,-0.029563213654356556
metric/the_pile_ubuntu_irc_val_loss,freelaw,github,pubmed_central,47,-0.059656076315997245
metric/the_pile_ubuntu_irc_val_loss,freelaw,github,pile_cc,47,-0.03226445821723571
metric/the_pile_ubuntu_irc_val_loss,freelaw,arxiv,pubmed_central,47,-0.043299386781691714
metric/the_pile_ubuntu_irc_val_loss,freelaw,arxiv,pile_cc,47,-0.04947471016473166
metric/the_pile_ubuntu_irc_val_loss,freelaw,pubmed_central,pile_cc,47,-0.04581382765999156
metric/the_pile_ubuntu_irc_val_loss,stackexchange,wikipedia_en,uspto_backgrounds,72,0.03480885128885488
metric/the_pile_ubuntu_irc_val_loss,stackexchange,wikipedia_en,freelaw,72,-0.002566757316253628
metric/the_pile_ubuntu_irc_val_loss,stackexchange,wikipedia_en,github,72,-0.043505422865000525
metric/the_pile_ubuntu_irc_val_loss,stackexchange,wikipedia_en,arxiv,72,-0.010905185995658965
metric/the_pile_ubuntu_irc_val_loss,stackexchange,wikipedia_en,pubmed_central,72,-0.018948360768557007
metric/the_pile_ubuntu_irc_val_loss,stackexchange,wikipedia_en,pile_cc,72,-0.03767811538568924
metric/the_pile_ubuntu_irc_val_loss,stackexchange,uspto_backgrounds,freelaw,72,-0.02777082523684819
metric/the_pile_ubuntu_irc_val_loss,stackexchange,uspto_backgrounds,github,72,-0.023237592713441207
metric/the_pile_ubuntu_irc_val_loss,stackexchange,uspto_backgrounds,arxiv,72,-0.0179849372977543
metric/the_pile_ubuntu_irc_val_loss,stackexchange,uspto_backgrounds,pubmed_central,72,-0.0017493213380596925
metric/the_pile_ubuntu_irc_val_loss,stackexchange,uspto_backgrounds,pile_cc,72,-0.013236596497144308
metric/the_pile_ubuntu_irc_val_loss,stackexchange,freelaw,github,72,-0.016845811848410903
metric/the_pile_ubuntu_irc_val_loss,stackexchange,freelaw,arxiv,72,-0.05199194005968863
metric/the_pile_ubuntu_irc_val_loss,stackexchange,freelaw,pubmed_central,72,-0.06129672798975413
metric/the_pile_ubuntu_irc_val_loss,stackexchange,freelaw,pile_cc,72,-0.04895812465732828
metric/the_pile_ubuntu_irc_val_loss,stackexchange,github,arxiv,72,-0.020986215294325636
metric/the_pile_ubuntu_irc_val_loss,stackexchange,github,pubmed_central,72,-0.04125987823014421
metric/the_pile_ubuntu_irc_val_loss,stackexchange,github,pile_cc,72,-0.026900194328189575
metric/the_pile_ubuntu_irc_val_loss,stackexchange,arxiv,pubmed_central,72,-0.04318522444778561
metric/the_pile_ubuntu_irc_val_loss,stackexchange,arxiv,pile_cc,72,-0.03660535469344209
metric/the_pile_ubuntu_irc_val_loss,stackexchange,pubmed_central,pile_cc,72,-0.04333037479882043
metric/the_pile_ubuntu_irc_val_loss,github,wikipedia_en,uspto_backgrounds,77,0.03817640724458862
metric/the_pile_ubuntu_irc_val_loss,github,wikipedia_en,freelaw,77,-0.0024881132429026335
metric/the_pile_ubuntu_irc_val_loss,github,wikipedia_en,stackexchange,77,-6.040835153226026e-05
metric/the_pile_ubuntu_irc_val_loss,github,wikipedia_en,arxiv,77,-0.015262545076864916
metric/the_pile_ubuntu_irc_val_loss,github,wikipedia_en,pubmed_central,77,-0.021914395559544945
metric/the_pile_ubuntu_irc_val_loss,github,wikipedia_en,pile_cc,77,-0.04612271089755113
metric/the_pile_ubuntu_irc_val_loss,github,uspto_backgrounds,freelaw,77,-0.031261148007970536
metric/the_pile_ubuntu_irc_val_loss,github,uspto_backgrounds,stackexchange,77,-0.033733765178914535
metric/the_pile_ubuntu_irc_val_loss,github,uspto_backgrounds,arxiv,77,-0.029166060477785923
metric/the_pile_ubuntu_irc_val_loss,github,uspto_backgrounds,pubmed_central,77,-0.008436258148949778
metric/the_pile_ubuntu_irc_val_loss,github,uspto_backgrounds,pile_cc,77,-0.017560784472514888
metric/the_pile_ubuntu_irc_val_loss,github,freelaw,stackexchange,77,-0.028249692167496628
metric/the_pile_ubuntu_irc_val_loss,github,freelaw,arxiv,77,-0.0649988921141402
metric/the_pile_ubuntu_irc_val_loss,github,freelaw,pubmed_central,77,-0.06147913137422009
metric/the_pile_ubuntu_irc_val_loss,github,freelaw,pile_cc,77,-0.05891579307706083
metric/the_pile_ubuntu_irc_val_loss,github,stackexchange,arxiv,77,-0.04103884887914105
metric/the_pile_ubuntu_irc_val_loss,github,stackexchange,pubmed_central,77,-0.05371385980428753
metric/the_pile_ubuntu_irc_val_loss,github,stackexchange,pile_cc,77,-0.009942109303666801
metric/the_pile_ubuntu_irc_val_loss,github,arxiv,pubmed_central,77,-0.05129731416864052
metric/the_pile_ubuntu_irc_val_loss,github,arxiv,pile_cc,77,-0.05219109040257472
metric/the_pile_ubuntu_irc_val_loss,github,pubmed_central,pile_cc,77,-0.05272301554599273
metric/the_pile_ubuntu_irc_val_loss,arxiv,wikipedia_en,uspto_backgrounds,65,0.03254170840771915
metric/the_pile_ubuntu_irc_val_loss,arxiv,wikipedia_en,freelaw,65,-0.0029019477257642818
metric/the_pile_ubuntu_irc_val_loss,arxiv,wikipedia_en,stackexchange,65,-0.0032370919228221296
metric/the_pile_ubuntu_irc_val_loss,arxiv,wikipedia_en,github,65,-0.04883967403142223
metric/the_pile_ubuntu_irc_val_loss,arxiv,wikipedia_en,pubmed_central,65,-0.029918855552230228
metric/the_pile_ubuntu_irc_val_loss,arxiv,wikipedia_en,pile_cc,65,-0.04286660326618528
metric/the_pile_ubuntu_irc_val_loss,arxiv,uspto_backgrounds,freelaw,65,-0.029860748191242487
metric/the_pile_ubuntu_irc_val_loss,arxiv,uspto_backgrounds,stackexchange,65,-0.025707735701198685
metric/the_pile_ubuntu_irc_val_loss,arxiv,uspto_backgrounds,github,65,-0.027751212278784926
metric/the_pile_ubuntu_irc_val_loss,arxiv,uspto_backgrounds,pubmed_central,65,-0.011611136795455156
metric/the_pile_ubuntu_irc_val_loss,arxiv,uspto_backgrounds,pile_cc,65,-0.017063148335207185
metric/the_pile_ubuntu_irc_val_loss,arxiv,freelaw,stackexchange,65,-0.014308771389640313
metric/the_pile_ubuntu_irc_val_loss,arxiv,freelaw,github,65,-0.01575162878089515
metric/the_pile_ubuntu_irc_val_loss,arxiv,freelaw,pubmed_central,65,-0.06846498164593745
metric/the_pile_ubuntu_irc_val_loss,arxiv,freelaw,pile_cc,65,-0.056431201305422174
metric/the_pile_ubuntu_irc_val_loss,arxiv,stackexchange,github,65,0.0018818827569107091
metric/the_pile_ubuntu_irc_val_loss,arxiv,stackexchange,pubmed_central,65,-0.05498559465724053
metric/the_pile_ubuntu_irc_val_loss,arxiv,stackexchange,pile_cc,65,-0.005078150167284885
metric/the_pile_ubuntu_irc_val_loss,arxiv,github,pubmed_central,65,-0.050807971022265634
metric/the_pile_ubuntu_irc_val_loss,arxiv,github,pile_cc,65,-0.025864738079102632
metric/the_pile_ubuntu_irc_val_loss,arxiv,pubmed_central,pile_cc,65,-0.04682886389367855
metric/the_pile_ubuntu_irc_val_loss,pubmed_central,wikipedia_en,uspto_backgrounds,81,0.02804230184575772
metric/the_pile_ubuntu_irc_val_loss,pubmed_central,wikipedia_en,freelaw,81,-0.0017274933669859688
metric/the_pile_ubuntu_irc_val_loss,pubmed_central,wikipedia_en,stackexchange,81,0.00170230576515543
metric/the_pile_ubuntu_irc_val_loss,pubmed_central,wikipedia_en,github,81,-0.043197513248395825
metric/the_pile_ubuntu_irc_val_loss,pubmed_central,wikipedia_en,arxiv,81,-0.01646238588576744
metric/the_pile_ubuntu_irc_val_loss,pubmed_central,wikipedia_en,pile_cc,81,-0.03549850590976785
metric/the_pile_ubuntu_irc_val_loss,pubmed_central,uspto_backgrounds,freelaw,81,-0.028558670416751433
metric/the_pile_ubuntu_irc_val_loss,pubmed_central,uspto_backgrounds,stackexchange,81,-0.02637344496120785
metric/the_pile_ubuntu_irc_val_loss,pubmed_central,uspto_backgrounds,github,81,-0.026509423618528077
metric/the_pile_ubuntu_irc_val_loss,pubmed_central,uspto_backgrounds,arxiv,81,-0.031322019810838375
metric/the_pile_ubuntu_irc_val_loss,pubmed_central,uspto_backgrounds,pile_cc,81,-0.021501271092543257
metric/the_pile_ubuntu_irc_val_loss,pubmed_central,freelaw,stackexchange,81,-0.012269716331200607
metric/the_pile_ubuntu_irc_val_loss,pubmed_central,freelaw,github,81,-0.014316428874025748
metric/the_pile_ubuntu_irc_val_loss,pubmed_central,freelaw,arxiv,81,-0.054545258524192904
metric/the_pile_ubuntu_irc_val_loss,pubmed_central,freelaw,pile_cc,81,-0.045218501189342786
metric/the_pile_ubuntu_irc_val_loss,pubmed_central,stackexchange,github,81,0.008309294317294779
metric/the_pile_ubuntu_irc_val_loss,pubmed_central,stackexchange,arxiv,81,-0.02940023138009677
metric/the_pile_ubuntu_irc_val_loss,pubmed_central,stackexchange,pile_cc,81,-0.002866763096251277
metric/the_pile_ubuntu_irc_val_loss,pubmed_central,github,arxiv,81,-0.024507171639343166
metric/the_pile_ubuntu_irc_val_loss,pubmed_central,github,pile_cc,81,-0.024739137603956293
metric/the_pile_ubuntu_irc_val_loss,pubmed_central,arxiv,pile_cc,81,-0.046355255482866835
metric/the_pile_ubuntu_irc_val_loss,pile_cc,wikipedia_en,uspto_backgrounds,68,0.03088937285398754
metric/the_pile_ubuntu_irc_val_loss,pile_cc,wikipedia_en,freelaw,68,0.002820731371902745
metric/the_pile_ubuntu_irc_val_loss,pile_cc,wikipedia_en,stackexchange,68,0.00176958961626913
metric/the_pile_ubuntu_irc_val_loss,pile_cc,wikipedia_en,github,68,-0.03803379276970529
metric/the_pile_ubuntu_irc_val_loss,pile_cc,wikipedia_en,arxiv,68,-0.009553888635574891
metric/the_pile_ubuntu_irc_val_loss,pile_cc,wikipedia_en,pubmed_central,68,-0.020423278713701663
metric/the_pile_ubuntu_irc_val_loss,pile_cc,uspto_backgrounds,freelaw,68,-0.02576899141789988
metric/the_pile_ubuntu_irc_val_loss,pile_cc,uspto_backgrounds,stackexchange,68,-0.02325845564373644
metric/the_pile_ubuntu_irc_val_loss,pile_cc,uspto_backgrounds,github,68,-0.021340315590252082
metric/the_pile_ubuntu_irc_val_loss,pile_cc,uspto_backgrounds,arxiv,68,-0.019694917968515746
metric/the_pile_ubuntu_irc_val_loss,pile_cc,uspto_backgrounds,pubmed_central,68,-0.0073849298085064425
metric/the_pile_ubuntu_irc_val_loss,pile_cc,freelaw,stackexchange,68,-0.015693354215431467
metric/the_pile_ubuntu_irc_val_loss,pile_cc,freelaw,github,68,-0.0107747946815416
metric/the_pile_ubuntu_irc_val_loss,pile_cc,freelaw,arxiv,68,-0.055043006580110215
metric/the_pile_ubuntu_irc_val_loss,pile_cc,freelaw,pubmed_central,68,-0.05527795825422932
metric/the_pile_ubuntu_irc_val_loss,pile_cc,stackexchange,github,68,0.009315240899303787
metric/the_pile_ubuntu_irc_val_loss,pile_cc,stackexchange,arxiv,68,-0.02949797029957145
metric/the_pile_ubuntu_irc_val_loss,pile_cc,stackexchange,pubmed_central,68,-0.06117894979044819
metric/the_pile_ubuntu_irc_val_loss,pile_cc,github,arxiv,68,-0.02893236090120539
metric/the_pile_ubuntu_irc_val_loss,pile_cc,github,pubmed_central,68,-0.05298933470274295
metric/the_pile_ubuntu_irc_val_loss,pile_cc,arxiv,pubmed_central,68,-0.05018249061510855
metric/the_pile_hackernews_val_loss,wikipedia_en,uspto_backgrounds,freelaw,49,-0.012941973830396867
metric/the_pile_hackernews_val_loss,wikipedia_en,uspto_backgrounds,stackexchange,49,-0.020679277990511002
metric/the_pile_hackernews_val_loss,wikipedia_en,uspto_backgrounds,github,49,-0.015657330223256462
metric/the_pile_hackernews_val_loss,wikipedia_en,uspto_backgrounds,arxiv,49,-0.008539370450270348
metric/the_pile_hackernews_val_loss,wikipedia_en,uspto_backgrounds,pubmed_central,49,-0.00727045113453539
metric/the_pile_hackernews_val_loss,wikipedia_en,uspto_backgrounds,pile_cc,49,-0.010524134140193013
metric/the_pile_hackernews_val_loss,wikipedia_en,freelaw,stackexchange,49,-0.002517585326433266
metric/the_pile_hackernews_val_loss,wikipedia_en,freelaw,github,49,-0.009046652132213184
metric/the_pile_hackernews_val_loss,wikipedia_en,freelaw,arxiv,49,-0.01819658578719867
metric/the_pile_hackernews_val_loss,wikipedia_en,freelaw,pubmed_central,49,-0.027334815348340355
metric/the_pile_hackernews_val_loss,wikipedia_en,freelaw,pile_cc,49,-0.012623532513545465
metric/the_pile_hackernews_val_loss,wikipedia_en,stackexchange,github,49,0.0064811137676178705
metric/the_pile_hackernews_val_loss,wikipedia_en,stackexchange,arxiv,49,-0.013307071110470236
metric/the_pile_hackernews_val_loss,wikipedia_en,stackexchange,pubmed_central,49,-0.018854612503973186
metric/the_pile_hackernews_val_loss,wikipedia_en,stackexchange,pile_cc,49,0.012464051107314484
metric/the_pile_hackernews_val_loss,wikipedia_en,github,arxiv,49,-0.013008934361541448
metric/the_pile_hackernews_val_loss,wikipedia_en,github,pubmed_central,49,-0.018664045092965008
metric/the_pile_hackernews_val_loss,wikipedia_en,github,pile_cc,49,-0.008200296847263571
metric/the_pile_hackernews_val_loss,wikipedia_en,arxiv,pubmed_central,49,-0.01795389980532375
metric/the_pile_hackernews_val_loss,wikipedia_en,arxiv,pile_cc,49,-0.023226583904393545
metric/the_pile_hackernews_val_loss,wikipedia_en,pubmed_central,pile_cc,49,-0.012208864561141572
metric/the_pile_hackernews_val_loss,uspto_backgrounds,wikipedia_en,freelaw,59,-0.007955755886601697
metric/the_pile_hackernews_val_loss,uspto_backgrounds,wikipedia_en,stackexchange,59,-0.006472227746183971
metric/the_pile_hackernews_val_loss,uspto_backgrounds,wikipedia_en,github,59,-0.028709126684695403
metric/the_pile_hackernews_val_loss,uspto_backgrounds,wikipedia_en,arxiv,59,-0.01471089162176482
metric/the_pile_hackernews_val_loss,uspto_backgrounds,wikipedia_en,pubmed_central,59,-0.00917642824669162
metric/the_pile_hackernews_val_loss,uspto_backgrounds,wikipedia_en,pile_cc,59,-0.009889909090557548
metric/the_pile_hackernews_val_loss,uspto_backgrounds,freelaw,stackexchange,59,-0.0012681439393940628
metric/the_pile_hackernews_val_loss,uspto_backgrounds,freelaw,github,59,-0.01111494517445276
metric/the_pile_hackernews_val_loss,uspto_backgrounds,freelaw,arxiv,59,-0.020853208922174685
metric/the_pile_hackernews_val_loss,uspto_backgrounds,freelaw,pubmed_central,59,-0.023511724229000806
metric/the_pile_hackernews_val_loss,uspto_backgrounds,freelaw,pile_cc,59,-0.013124797407343226
metric/the_pile_hackernews_val_loss,uspto_backgrounds,stackexchange,github,59,0.00386435189600922
metric/the_pile_hackernews_val_loss,uspto_backgrounds,stackexchange,arxiv,59,-0.01378353046139223
metric/the_pile_hackernews_val_loss,uspto_backgrounds,stackexchange,pubmed_central,59,-0.018998377884790894
metric/the_pile_hackernews_val_loss,uspto_backgrounds,stackexchange,pile_cc,59,0.01118625805955086
metric/the_pile_hackernews_val_loss,uspto_backgrounds,github,arxiv,59,-0.013733405638758597
metric/the_pile_hackernews_val_loss,uspto_backgrounds,github,pubmed_central,59,-0.0228714104553581
metric/the_pile_hackernews_val_loss,uspto_backgrounds,github,pile_cc,59,-0.009385877193224354
metric/the_pile_hackernews_val_loss,uspto_backgrounds,arxiv,pubmed_central,59,-0.02122248495382443
metric/the_pile_hackernews_val_loss,uspto_backgrounds,arxiv,pile_cc,59,-0.021288693048447226
metric/the_pile_hackernews_val_loss,uspto_backgrounds,pubmed_central,pile_cc,59,-0.017297796439940286
metric/the_pile_hackernews_val_loss,freelaw,wikipedia_en,uspto_backgrounds,47,0.008141605256284606
metric/the_pile_hackernews_val_loss,freelaw,wikipedia_en,stackexchange,47,-0.005607890101016461
metric/the_pile_hackernews_val_loss,freelaw,wikipedia_en,github,47,-0.02690635481635139
metric/the_pile_hackernews_val_loss,freelaw,wikipedia_en,arxiv,47,-0.009880910365998512
metric/the_pile_hackernews_val_loss,freelaw,wikipedia_en,pubmed_central,47,-0.0040602546622334375
metric/the_pile_hackernews_val_loss,freelaw,wikipedia_en,pile_cc,47,-0.0062071716255001595
metric/the_pile_hackernews_val_loss,freelaw,uspto_backgrounds,stackexchange,47,-0.015577285871640081
metric/the_pile_hackernews_val_loss,freelaw,uspto_backgrounds,github,47,-0.013457377067721104
metric/the_pile_hackernews_val_loss,freelaw,uspto_backgrounds,arxiv,47,-0.004389627796933512
metric/the_pile_hackernews_val_loss,freelaw,uspto_backgrounds,pubmed_central,47,-0.0022221836482844834
metric/the_pile_hackernews_val_loss,freelaw,uspto_backgrounds,pile_cc,47,-0.006205730756280798
metric/the_pile_hackernews_val_loss,freelaw,stackexchange,github,47,0.0026617375053024747
metric/the_pile_hackernews_val_loss,freelaw,stackexchange,arxiv,47,-0.015077877036783219
metric/the_pile_hackernews_val_loss,freelaw,stackexchange,pubmed_central,47,-0.021005050710530906
metric/the_pile_hackernews_val_loss,freelaw,stackexchange,pile_cc,47,0.014330055818858779
metric/the_pile_hackernews_val_loss,freelaw,github,arxiv,47,-0.012433144316673255
metric/the_pile_hackernews_val_loss,freelaw,github,pubmed_central,47,-0.02503274171784505
metric/the_pile_hackernews_val_loss,freelaw,github,pile_cc,47,-0.010340969992596176
metric/the_pile_hackernews_val_loss,freelaw,arxiv,pubmed_central,47,-0.013856885312386621
metric/the_pile_hackernews_val_loss,freelaw,arxiv,pile_cc,47,-0.024680521694151896
metric/the_pile_hackernews_val_loss,freelaw,pubmed_central,pile_cc,47,-0.012410708350971066
metric/the_pile_hackernews_val_loss,stackexchange,wikipedia_en,uspto_backgrounds,72,0.019456111881274385
metric/the_pile_hackernews_val_loss,stackexchange,wikipedia_en,freelaw,72,-0.00030087964910895256
metric/the_pile_hackernews_val_loss,stackexchange,wikipedia_en,github,72,-0.021855092131474727
metric/the_pile_hackernews_val_loss,stackexchange,wikipedia_en,arxiv,72,-0.002352362422861113
metric/the_pile_hackernews_val_loss,stackexchange,wikipedia_en,pubmed_central,72,0.002462026511992504
metric/the_pile_hackernews_val_loss,stackexchange,wikipedia_en,pile_cc,72,-0.00330109280059892
metric/the_pile_hackernews_val_loss,stackexchange,uspto_backgrounds,freelaw,72,-0.005966472007556647
metric/the_pile_hackernews_val_loss,stackexchange,uspto_backgrounds,github,72,-0.00881618040139889
metric/the_pile_hackernews_val_loss,stackexchange,uspto_backgrounds,arxiv,72,0.002283279374366392
metric/the_pile_hackernews_val_loss,stackexchange,uspto_backgrounds,pubmed_central,72,0.004827157568422496
metric/the_pile_hackernews_val_loss,stackexchange,uspto_backgrounds,pile_cc,72,-0.0032605895159747555
metric/the_pile_hackernews_val_loss,stackexchange,freelaw,github,72,-0.009731234537573111
metric/the_pile_hackernews_val_loss,stackexchange,freelaw,arxiv,72,-0.013163400610269722
metric/the_pile_hackernews_val_loss,stackexchange,freelaw,pubmed_central,72,-0.021978491565565146
metric/the_pile_hackernews_val_loss,stackexchange,freelaw,pile_cc,72,-0.013112508118737974
metric/the_pile_hackernews_val_loss,stackexchange,github,arxiv,72,-0.006571716847190206
metric/the_pile_hackernews_val_loss,stackexchange,github,pubmed_central,72,-0.0160698924136802
metric/the_pile_hackernews_val_loss,stackexchange,github,pile_cc,72,-0.008932149529807896
metric/the_pile_hackernews_val_loss,stackexchange,arxiv,pubmed_central,72,-0.01071784613015018
metric/the_pile_hackernews_val_loss,stackexchange,arxiv,pile_cc,72,-0.016629743447662795
metric/the_pile_hackernews_val_loss,stackexchange,pubmed_central,pile_cc,72,-0.010938537989269545
metric/the_pile_hackernews_val_loss,github,wikipedia_en,uspto_backgrounds,77,0.016431522458682873
metric/the_pile_hackernews_val_loss,github,wikipedia_en,freelaw,77,-0.002963757535768723
metric/the_pile_hackernews_val_loss,github,wikipedia_en,stackexchange,77,-0.003940346896627241
metric/the_pile_hackernews_val_loss,github,wikipedia_en,arxiv,77,-0.008723393516685303
metric/the_pile_hackernews_val_loss,github,wikipedia_en,pubmed_central,77,-0.0018346174214070262
metric/the_pile_hackernews_val_loss,github,wikipedia_en,pile_cc,77,-0.004289011191077893
metric/the_pile_hackernews_val_loss,github,uspto_backgrounds,freelaw,77,-0.011001463076677756
metric/the_pile_hackernews_val_loss,github,uspto_backgrounds,stackexchange,77,-0.021952454021061614
metric/the_pile_hackernews_val_loss,github,uspto_backgrounds,arxiv,77,-0.006561921848647609
metric/the_pile_hackernews_val_loss,github,uspto_backgrounds,pubmed_central,77,-0.0028825504902770965
metric/the_pile_hackernews_val_loss,github,uspto_backgrounds,pile_cc,77,-0.00801427792228384
metric/the_pile_hackernews_val_loss,github,freelaw,stackexchange,77,-0.004227447485349873
metric/the_pile_hackernews_val_loss,github,freelaw,arxiv,77,-0.02073134706851674
metric/the_pile_hackernews_val_loss,github,freelaw,pubmed_central,77,-0.024590208061576736
metric/the_pile_hackernews_val_loss,github,freelaw,pile_cc,77,-0.01681051622808978
metric/the_pile_hackernews_val_loss,github,stackexchange,arxiv,77,-0.0182873870349574
metric/the_pile_hackernews_val_loss,github,stackexchange,pubmed_central,77,-0.021468243896254756
metric/the_pile_hackernews_val_loss,github,stackexchange,pile_cc,77,0.014917959469099813
metric/the_pile_hackernews_val_loss,github,arxiv,pubmed_central,77,-0.01820849799474414
metric/the_pile_hackernews_val_loss,github,arxiv,pile_cc,77,-0.02632144710236451
metric/the_pile_hackernews_val_loss,github,pubmed_central,pile_cc,77,-0.016149900749281857
metric/the_pile_hackernews_val_loss,arxiv,wikipedia_en,uspto_backgrounds,65,0.012325487258160437
metric/the_pile_hackernews_val_loss,arxiv,wikipedia_en,freelaw,65,-0.005684662423865424
metric/the_pile_hackernews_val_loss,arxiv,wikipedia_en,stackexchange,65,-0.0048771567527119385
metric/the_pile_hackernews_val_loss,arxiv,wikipedia_en,github,65,-0.029047805365704622
metric/the_pile_hackernews_val_loss,arxiv,wikipedia_en,pubmed_central,65,-0.005476441580134023
metric/the_pile_hackernews_val_loss,arxiv,wikipedia_en,pile_cc,65,-0.005508095803710479
metric/the_pile_hackernews_val_loss,arxiv,uspto_backgrounds,freelaw,65,-0.012790087305785378
metric/the_pile_hackernews_val_loss,arxiv,uspto_backgrounds,stackexchange,65,-0.01728486859470691
metric/the_pile_hackernews_val_loss,arxiv,uspto_backgrounds,github,65,-0.01614791411605948
metric/the_pile_hackernews_val_loss,arxiv,uspto_backgrounds,pubmed_central,65,-0.005530182046737928
metric/the_pile_hackernews_val_loss,arxiv,uspto_backgrounds,pile_cc,65,-0.007874006669594527
metric/the_pile_hackernews_val_loss,arxiv,freelaw,stackexchange,65,-0.0018117295761653689
metric/the_pile_hackernews_val_loss,arxiv,freelaw,github,65,-0.013439246940703324
metric/the_pile_hackernews_val_loss,arxiv,freelaw,pubmed_central,65,-0.02941426901034304
metric/the_pile_hackernews_val_loss,arxiv,freelaw,pile_cc,65,-0.0159764848115358
metric/the_pile_hackernews_val_loss,arxiv,stackexchange,github,65,0.0008227012929772434
metric/the_pile_hackernews_val_loss,arxiv,stackexchange,pubmed_central,65,-0.02211371364581937
metric/the_pile_hackernews_val_loss,arxiv,stackexchange,pile_cc,65,0.011352750417115327
metric/the_pile_hackernews_val_loss,arxiv,github,pubmed_central,65,-0.024705586381097336
metric/the_pile_hackernews_val_loss,arxiv,github,pile_cc,65,-0.009632466715248192
metric/the_pile_hackernews_val_loss,arxiv,pubmed_central,pile_cc,65,-0.013991578890032145
metric/the_pile_hackernews_val_loss,pubmed_central,wikipedia_en,uspto_backgrounds,81,0.009716824117193113
metric/the_pile_hackernews_val_loss,pubmed_central,wikipedia_en,freelaw,81,-0.005343015397734497
metric/the_pile_hackernews_val_loss,pubmed_central,wikipedia_en,stackexchange,81,-0.004270458894810136
metric/the_pile_hackernews_val_loss,pubmed_central,wikipedia_en,github,81,-0.027615444759589148
metric/the_pile_hackernews_val_loss,pubmed_central,wikipedia_en,arxiv,81,-0.011801266435043836
metric/the_pile_hackernews_val_loss,pubmed_central,wikipedia_en,pile_cc,81,-0.0067850269612196
metric/the_pile_hackernews_val_loss,pubmed_central,uspto_backgrounds,freelaw,81,-0.011064321444086908
metric/the_pile_hackernews_val_loss,pubmed_central,uspto_backgrounds,stackexchange,81,-0.01800288347942864
metric/the_pile_hackernews_val_loss,pubmed_central,uspto_backgrounds,github,81,-0.01502611291754601
metric/the_pile_hackernews_val_loss,pubmed_central,uspto_backgrounds,arxiv,81,-0.00808733525778264
metric/the_pile_hackernews_val_loss,pubmed_central,uspto_backgrounds,pile_cc,81,-0.010306397338945682
metric/the_pile_hackernews_val_loss,pubmed_central,freelaw,stackexchange,81,-8.895839496506589e-05
metric/the_pile_hackernews_val_loss,pubmed_central,freelaw,github,81,-0.012114382678969771
metric/the_pile_hackernews_val_loss,pubmed_central,freelaw,arxiv,81,-0.017853042841012353
metric/the_pile_hackernews_val_loss,pubmed_central,freelaw,pile_cc,81,-0.01334010581412817
metric/the_pile_hackernews_val_loss,pubmed_central,stackexchange,github,81,0.0035471611568057846
metric/the_pile_hackernews_val_loss,pubmed_central,stackexchange,arxiv,81,-0.013767935744222533
metric/the_pile_hackernews_val_loss,pubmed_central,stackexchange,pile_cc,81,0.012392601835547724
metric/the_pile_hackernews_val_loss,pubmed_central,github,arxiv,81,-0.012803078046199227
metric/the_pile_hackernews_val_loss,pubmed_central,github,pile_cc,81,-0.00997804992260542
metric/the_pile_hackernews_val_loss,pubmed_central,arxiv,pile_cc,81,-0.02430467224353431
metric/the_pile_hackernews_val_loss,pile_cc,wikipedia_en,uspto_backgrounds,68,0.02047585981974528
metric/the_pile_hackernews_val_loss,pile_cc,wikipedia_en,freelaw,68,0.005772064054055046
metric/the_pile_hackernews_val_loss,pile_cc,wikipedia_en,stackexchange,68,0.0037598084948370553
metric/the_pile_hackernews_val_loss,pile_cc,wikipedia_en,github,68,-0.016314171253160755
metric/the_pile_hackernews_val_loss,pile_cc,wikipedia_en,arxiv,68,0.0017705061949054139
metric/the_pile_hackernews_val_loss,pile_cc,wikipedia_en,pubmed_central,68,0.00578715152220959
metric/the_pile_hackernews_val_loss,pile_cc,uspto_backgrounds,freelaw,68,-0.0008437664628485282
metric/the_pile_hackernews_val_loss,pile_cc,uspto_backgrounds,stackexchange,68,-0.007993855430678275
metric/the_pile_hackernews_val_loss,pile_cc,uspto_backgrounds,github,68,-0.0036142730207466963
metric/the_pile_hackernews_val_loss,pile_cc,uspto_backgrounds,arxiv,68,0.006023467597556381
metric/the_pile_hackernews_val_loss,pile_cc,uspto_backgrounds,pubmed_central,68,0.0062851315227109095
metric/the_pile_hackernews_val_loss,pile_cc,freelaw,stackexchange,68,0.006418954062253157
metric/the_pile_hackernews_val_loss,pile_cc,freelaw,github,68,-0.001744305425653429
metric/the_pile_hackernews_val_loss,pile_cc,freelaw,arxiv,68,-0.007994163430078468
metric/the_pile_hackernews_val_loss,pile_cc,freelaw,pubmed_central,68,-0.014639550760866694
metric/the_pile_hackernews_val_loss,pile_cc,stackexchange,github,68,0.011602862612498589
metric/the_pile_hackernews_val_loss,pile_cc,stackexchange,arxiv,68,-0.0049256601098180515
metric/the_pile_hackernews_val_loss,pile_cc,stackexchange,pubmed_central,68,-0.01680937293753762
metric/the_pile_hackernews_val_loss,pile_cc,github,arxiv,68,-0.0052562548019418264
metric/the_pile_hackernews_val_loss,pile_cc,github,pubmed_central,68,-0.017040741098890946
metric/the_pile_hackernews_val_loss,pile_cc,arxiv,pubmed_central,68,-0.008105019558334784
metric/the_pile_pubmed_abstracts_val_loss,wikipedia_en,uspto_backgrounds,freelaw,49,-0.00719968590315065
metric/the_pile_pubmed_abstracts_val_loss,wikipedia_en,uspto_backgrounds,stackexchange,49,-0.022286524680764266
metric/the_pile_pubmed_abstracts_val_loss,wikipedia_en,uspto_backgrounds,github,49,-0.02549853385139893
metric/the_pile_pubmed_abstracts_val_loss,wikipedia_en,uspto_backgrounds,arxiv,49,-0.005010032046761711
metric/the_pile_pubmed_abstracts_val_loss,wikipedia_en,uspto_backgrounds,pubmed_central,49,0.012671759808930974
metric/the_pile_pubmed_abstracts_val_loss,wikipedia_en,uspto_backgrounds,pile_cc,49,-0.004094889461432246
metric/the_pile_pubmed_abstracts_val_loss,wikipedia_en,freelaw,stackexchange,49,-0.011469023446675518
metric/the_pile_pubmed_abstracts_val_loss,wikipedia_en,freelaw,github,49,-0.014893041400979067
metric/the_pile_pubmed_abstracts_val_loss,wikipedia_en,freelaw,arxiv,49,-0.020582243266180324
metric/the_pile_pubmed_abstracts_val_loss,wikipedia_en,freelaw,pubmed_central,49,-0.028930273315356424
metric/the_pile_pubmed_abstracts_val_loss,wikipedia_en,freelaw,pile_cc,49,-0.018183408345177204
metric/the_pile_pubmed_abstracts_val_loss,wikipedia_en,stackexchange,github,49,-0.007898155944135062
metric/the_pile_pubmed_abstracts_val_loss,wikipedia_en,stackexchange,arxiv,49,-0.014101921188289146
metric/the_pile_pubmed_abstracts_val_loss,wikipedia_en,stackexchange,pubmed_central,49,-0.02451258462349656
metric/the_pile_pubmed_abstracts_val_loss,wikipedia_en,stackexchange,pile_cc,49,-0.02338533184977831
metric/the_pile_pubmed_abstracts_val_loss,wikipedia_en,github,arxiv,49,-0.02462507952017658
metric/the_pile_pubmed_abstracts_val_loss,wikipedia_en,github,pubmed_central,49,-0.02610468132713771
metric/the_pile_pubmed_abstracts_val_loss,wikipedia_en,github,pile_cc,49,-0.030894418754087022
metric/the_pile_pubmed_abstracts_val_loss,wikipedia_en,arxiv,pubmed_central,49,-0.015550897518241616
metric/the_pile_pubmed_abstracts_val_loss,wikipedia_en,arxiv,pile_cc,49,-0.029867450483275264
metric/the_pile_pubmed_abstracts_val_loss,wikipedia_en,pubmed_central,pile_cc,49,0.002118738081728992
metric/the_pile_pubmed_abstracts_val_loss,uspto_backgrounds,wikipedia_en,freelaw,59,0.000222644775055559
metric/the_pile_pubmed_abstracts_val_loss,uspto_backgrounds,wikipedia_en,stackexchange,59,-0.008565216821481848
metric/the_pile_pubmed_abstracts_val_loss,uspto_backgrounds,wikipedia_en,github,59,-0.031692876625715745
metric/the_pile_pubmed_abstracts_val_loss,uspto_backgrounds,wikipedia_en,arxiv,59,-0.005708894455817041
metric/the_pile_pubmed_abstracts_val_loss,uspto_backgrounds,wikipedia_en,pubmed_central,59,0.009789504209246071
metric/the_pile_pubmed_abstracts_val_loss,uspto_backgrounds,wikipedia_en,pile_cc,59,0.004664366409662522
metric/the_pile_pubmed_abstracts_val_loss,uspto_backgrounds,freelaw,stackexchange,59,-0.000995192271413416
metric/the_pile_pubmed_abstracts_val_loss,uspto_backgrounds,freelaw,github,59,-0.006956060167668975
metric/the_pile_pubmed_abstracts_val_loss,uspto_backgrounds,freelaw,arxiv,59,-0.014125307601857345
metric/the_pile_pubmed_abstracts_val_loss,uspto_backgrounds,freelaw,pubmed_central,59,-0.01829462599785053
metric/the_pile_pubmed_abstracts_val_loss,uspto_backgrounds,freelaw,pile_cc,59,-0.008585034135339516
metric/the_pile_pubmed_abstracts_val_loss,uspto_backgrounds,stackexchange,github,59,-0.0005895782885132409
metric/the_pile_pubmed_abstracts_val_loss,uspto_backgrounds,stackexchange,arxiv,59,-0.00536947896721807
metric/the_pile_pubmed_abstracts_val_loss,uspto_backgrounds,stackexchange,pubmed_central,59,-0.018072813103252025
metric/the_pile_pubmed_abstracts_val_loss,uspto_backgrounds,stackexchange,pile_cc,59,-0.010948010114102659
metric/the_pile_pubmed_abstracts_val_loss,uspto_backgrounds,github,arxiv,59,-0.012292085609273275
metric/the_pile_pubmed_abstracts_val_loss,uspto_backgrounds,github,pubmed_central,59,-0.02330856758376831
metric/the_pile_pubmed_abstracts_val_loss,uspto_backgrounds,github,pile_cc,59,-0.014356200822190381
metric/the_pile_pubmed_abstracts_val_loss,uspto_backgrounds,arxiv,pubmed_central,59,-0.01126620165339977
metric/the_pile_pubmed_abstracts_val_loss,uspto_backgrounds,arxiv,pile_cc,59,-0.016438173734793164
metric/the_pile_pubmed_abstracts_val_loss,uspto_backgrounds,pubmed_central,pile_cc,59,0.011076217389690545
metric/the_pile_pubmed_abstracts_val_loss,freelaw,wikipedia_en,uspto_backgrounds,47,0.00290005257444848
metric/the_pile_pubmed_abstracts_val_loss,freelaw,wikipedia_en,stackexchange,47,-0.020733728576368262
metric/the_pile_pubmed_abstracts_val_loss,freelaw,wikipedia_en,github,47,-0.046519071514027115
metric/the_pile_pubmed_abstracts_val_loss,freelaw,wikipedia_en,arxiv,47,-0.01533513706456006
metric/the_pile_pubmed_abstracts_val_loss,freelaw,wikipedia_en,pubmed_central,47,0.007008678323281023
metric/the_pile_pubmed_abstracts_val_loss,freelaw,wikipedia_en,pile_cc,47,-0.004345673979562553
metric/the_pile_pubmed_abstracts_val_loss,freelaw,uspto_backgrounds,stackexchange,47,-0.021591911103121923
metric/the_pile_pubmed_abstracts_val_loss,freelaw,uspto_backgrounds,github,47,-0.027545956355914034
metric/the_pile_pubmed_abstracts_val_loss,freelaw,uspto_backgrounds,arxiv,47,-0.006085400607130688
metric/the_pile_pubmed_abstracts_val_loss,freelaw,uspto_backgrounds,pubmed_central,47,0.013426749519025828
metric/the_pile_pubmed_abstracts_val_loss,freelaw,uspto_backgrounds,pile_cc,47,-0.003835746305626494
metric/the_pile_pubmed_abstracts_val_loss,freelaw,stackexchange,github,47,-0.016749514003112184
metric/the_pile_pubmed_abstracts_val_loss,freelaw,stackexchange,arxiv,47,-0.02014624424782288
metric/the_pile_pubmed_abstracts_val_loss,freelaw,stackexchange,pubmed_central,47,-0.031000342671127216
metric/the_pile_pubmed_abstracts_val_loss,freelaw,stackexchange,pile_cc,47,-0.02785832581928345
metric/the_pile_pubmed_abstracts_val_loss,freelaw,github,arxiv,47,-0.02695619876830528
metric/the_pile_pubmed_abstracts_val_loss,freelaw,github,pubmed_central,47,-0.039183671995540965
metric/the_pile_pubmed_abstracts_val_loss,freelaw,github,pile_cc,47,-0.03793081200258401
metric/the_pile_pubmed_abstracts_val_loss,freelaw,arxiv,pubmed_central,47,-0.014375311753503338
metric/the_pile_pubmed_abstracts_val_loss,freelaw,arxiv,pile_cc,47,-0.03451626859385034
metric/the_pile_pubmed_abstracts_val_loss,freelaw,pubmed_central,pile_cc,47,0.007029653237489882
metric/the_pile_pubmed_abstracts_val_loss,stackexchange,wikipedia_en,uspto_backgrounds,72,0.010572802733060703
metric/the_pile_pubmed_abstracts_val_loss,stackexchange,wikipedia_en,freelaw,72,-0.009896016970332662
metric/the_pile_pubmed_abstracts_val_loss,stackexchange,wikipedia_en,github,72,-0.044140813094429375
metric/the_pile_pubmed_abstracts_val_loss,stackexchange,wikipedia_en,arxiv,72,-0.012698444322316692
metric/the_pile_pubmed_abstracts_val_loss,stackexchange,wikipedia_en,pubmed_central,72,0.00662592910896092
metric/the_pile_pubmed_abstracts_val_loss,stackexchange,wikipedia_en,pile_cc,72,-0.0031088567182901983
metric/the_pile_pubmed_abstracts_val_loss,stackexchange,uspto_backgrounds,freelaw,72,-0.00707774856165053
metric/the_pile_pubmed_abstracts_val_loss,stackexchange,uspto_backgrounds,github,72,-0.027237944305208192
metric/the_pile_pubmed_abstracts_val_loss,stackexchange,uspto_backgrounds,arxiv,72,-0.004924800689211639
metric/the_pile_pubmed_abstracts_val_loss,stackexchange,uspto_backgrounds,pubmed_central,72,0.018417556874335758
metric/the_pile_pubmed_abstracts_val_loss,stackexchange,uspto_backgrounds,pile_cc,72,-0.0013320458982847654
metric/the_pile_pubmed_abstracts_val_loss,stackexchange,freelaw,github,72,-0.024916155176364068
metric/the_pile_pubmed_abstracts_val_loss,stackexchange,freelaw,arxiv,72,-0.02471588832290355
metric/the_pile_pubmed_abstracts_val_loss,stackexchange,freelaw,pubmed_central,72,-0.030813632366027646
metric/the_pile_pubmed_abstracts_val_loss,stackexchange,freelaw,pile_cc,72,-0.022827118665144086
metric/the_pile_pubmed_abstracts_val_loss,stackexchange,github,arxiv,72,-0.023629212000742923
metric/the_pile_pubmed_abstracts_val_loss,stackexchange,github,pubmed_central,72,-0.03227952868943451
metric/the_pile_pubmed_abstracts_val_loss,stackexchange,github,pile_cc,72,-0.0314583058631022
metric/the_pile_pubmed_abstracts_val_loss,stackexchange,arxiv,pubmed_central,72,-0.01692991066709843
metric/the_pile_pubmed_abstracts_val_loss,stackexchange,arxiv,pile_cc,72,-0.02702413089843551
metric/the_pile_pubmed_abstracts_val_loss,stackexchange,pubmed_central,pile_cc,72,0.006969508044047291
metric/the_pile_pubmed_abstracts_val_loss,github,wikipedia_en,uspto_backgrounds,77,0.014629955886847673
metric/the_pile_pubmed_abstracts_val_loss,github,wikipedia_en,freelaw,77,-0.00790614788013804
metric/the_pile_pubmed_abstracts_val_loss,github,wikipedia_en,stackexchange,77,-0.022131068880192038
metric/the_pile_pubmed_abstracts_val_loss,github,wikipedia_en,arxiv,77,-0.012446024495995143
metric/the_pile_pubmed_abstracts_val_loss,github,wikipedia_en,pubmed_central,77,0.008940713718073588
metric/the_pile_pubmed_abstracts_val_loss,github,wikipedia_en,pile_cc,77,0.0020275379474824166
metric/the_pile_pubmed_abstracts_val_loss,github,uspto_backgrounds,freelaw,77,-0.00735319713518617
metric/the_pile_pubmed_abstracts_val_loss,github,uspto_backgrounds,stackexchange,77,-0.027488864090210976
metric/the_pile_pubmed_abstracts_val_loss,github,uspto_backgrounds,arxiv,77,-0.005530843171974276
metric/the_pile_pubmed_abstracts_val_loss,github,uspto_backgrounds,pubmed_central,77,0.010773639363229335
metric/the_pile_pubmed_abstracts_val_loss,github,uspto_backgrounds,pile_cc,77,0.00011227833396821628
metric/the_pile_pubmed_abstracts_val_loss,github,freelaw,stackexchange,77,-0.023151751829012537
metric/the_pile_pubmed_abstracts_val_loss,github,freelaw,arxiv,77,-0.026829390441053334
metric/the_pile_pubmed_abstracts_val_loss,github,freelaw,pubmed_central,77,-0.028852619230512005
metric/the_pile_pubmed_abstracts_val_loss,github,freelaw,pile_cc,77,-0.024299345992086066
metric/the_pile_pubmed_abstracts_val_loss,github,stackexchange,arxiv,77,-0.02347974027387704
metric/the_pile_pubmed_abstracts_val_loss,github,stackexchange,pubmed_central,77,-0.030885916170669592
metric/the_pile_pubmed_abstracts_val_loss,github,stackexchange,pile_cc,77,-0.03143250736840258
metric/the_pile_pubmed_abstracts_val_loss,github,arxiv,pubmed_central,77,-0.018088423015448996
metric/the_pile_pubmed_abstracts_val_loss,github,arxiv,pile_cc,77,-0.03327185146843528
metric/the_pile_pubmed_abstracts_val_loss,github,pubmed_central,pile_cc,77,0.008178506569096598
metric/the_pile_pubmed_abstracts_val_loss,arxiv,wikipedia_en,uspto_backgrounds,65,0.012603032416102878
metric/the_pile_pubmed_abstracts_val_loss,arxiv,wikipedia_en,freelaw,65,-0.007726618045602835
metric/the_pile_pubmed_abstracts_val_loss,arxiv,wikipedia_en,stackexchange,65,-0.017794451742234426
metric/the_pile_pubmed_abstracts_val_loss,arxiv,wikipedia_en,github,65,-0.04488920100035073
metric/the_pile_pubmed_abstracts_val_loss,arxiv,wikipedia_en,pubmed_central,65,0.010023179317673006
metric/the_pile_pubmed_abstracts_val_loss,arxiv,wikipedia_en,pile_cc,65,0.00033450936989304944
metric/the_pile_pubmed_abstracts_val_loss,arxiv,uspto_backgrounds,freelaw,65,-0.005150392415387892
metric/the_pile_pubmed_abstracts_val_loss,arxiv,uspto_backgrounds,stackexchange,65,-0.019722476232115146
metric/the_pile_pubmed_abstracts_val_loss,arxiv,uspto_backgrounds,github,65,-0.024999963340015606
metric/the_pile_pubmed_abstracts_val_loss,arxiv,uspto_backgrounds,pubmed_central,65,0.017286482460855294
metric/the_pile_pubmed_abstracts_val_loss,arxiv,uspto_backgrounds,pile_cc,65,-2.7733892625374342e-05
metric/the_pile_pubmed_abstracts_val_loss,arxiv,freelaw,stackexchange,65,-0.012856255078677383
metric/the_pile_pubmed_abstracts_val_loss,arxiv,freelaw,github,65,-0.02088383840040739
metric/the_pile_pubmed_abstracts_val_loss,arxiv,freelaw,pubmed_central,65,-0.02968135532306451
metric/the_pile_pubmed_abstracts_val_loss,arxiv,freelaw,pile_cc,65,-0.02175699974499751
metric/the_pile_pubmed_abstracts_val_loss,arxiv,stackexchange,github,65,-0.0126152717699579
metric/the_pile_pubmed_abstracts_val_loss,arxiv,stackexchange,pubmed_central,65,-0.02968558759889792
metric/the_pile_pubmed_abstracts_val_loss,arxiv,stackexchange,pile_cc,65,-0.018703179043630877
metric/the_pile_pubmed_abstracts_val_loss,arxiv,github,pubmed_central,65,-0.03372390351118862
metric/the_pile_pubmed_abstracts_val_loss,arxiv,github,pile_cc,65,-0.02765261048895765
metric/the_pile_pubmed_abstracts_val_loss,arxiv,pubmed_central,pile_cc,65,0.009714740346934456
metric/the_pile_pubmed_abstracts_val_loss,pubmed_central,wikipedia_en,uspto_backgrounds,81,0.02231070629040762
metric/the_pile_pubmed_abstracts_val_loss,pubmed_central,wikipedia_en,freelaw,81,0.0073355803893563895
metric/the_pile_pubmed_abstracts_val_loss,pubmed_central,wikipedia_en,stackexchange,81,-0.001711691918533211
metric/the_pile_pubmed_abstracts_val_loss,pubmed_central,wikipedia_en,github,81,-0.02829116731825624
metric/the_pile_pubmed_abstracts_val_loss,pubmed_central,wikipedia_en,arxiv,81,0.0013382528094437781
metric/the_pile_pubmed_abstracts_val_loss,pubmed_central,wikipedia_en,pile_cc,81,0.009647953142333474
metric/the_pile_pubmed_abstracts_val_loss,pubmed_central,uspto_backgrounds,freelaw,81,0.010043404607798378
metric/the_pile_pubmed_abstracts_val_loss,pubmed_central,uspto_backgrounds,stackexchange,81,-0.005533721608487199
metric/the_pile_pubmed_abstracts_val_loss,pubmed_central,uspto_backgrounds,github,81,-0.009502151116212507
metric/the_pile_pubmed_abstracts_val_loss,pubmed_central,uspto_backgrounds,arxiv,81,0.010343493253593909
metric/the_pile_pubmed_abstracts_val_loss,pubmed_central,uspto_backgrounds,pile_cc,81,0.010172410322032616
metric/the_pile_pubmed_abstracts_val_loss,pubmed_central,freelaw,stackexchange,81,0.005861860611081503
metric/the_pile_pubmed_abstracts_val_loss,pubmed_central,freelaw,github,81,-0.00333472610796616
metric/the_pile_pubmed_abstracts_val_loss,pubmed_central,freelaw,arxiv,81,-0.003489523623595445
metric/the_pile_pubmed_abstracts_val_loss,pubmed_central,freelaw,pile_cc,81,-0.004269849721553102
metric/the_pile_pubmed_abstracts_val_loss,pubmed_central,stackexchange,github,81,0.007176367922177462
metric/the_pile_pubmed_abstracts_val_loss,pubmed_central,stackexchange,arxiv,81,0.0011603837657181782
metric/the_pile_pubmed_abstracts_val_loss,pubmed_central,stackexchange,pile_cc,81,-0.006492896047351889
metric/the_pile_pubmed_abstracts_val_loss,pubmed_central,github,arxiv,81,-0.006124449245362714
metric/the_pile_pubmed_abstracts_val_loss,pubmed_central,github,pile_cc,81,-0.015329969612849081
metric/the_pile_pubmed_abstracts_val_loss,pubmed_central,arxiv,pile_cc,81,-0.016116168457300697
metric/the_pile_pubmed_abstracts_val_loss,pile_cc,wikipedia_en,uspto_backgrounds,68,0.012351947010834627
metric/the_pile_pubmed_abstracts_val_loss,pile_cc,wikipedia_en,freelaw,68,-0.002869908967276804
metric/the_pile_pubmed_abstracts_val_loss,pile_cc,wikipedia_en,stackexchange,68,-0.012149404412423945
metric/the_pile_pubmed_abstracts_val_loss,pile_cc,wikipedia_en,github,68,-0.03723164908997839
metric/the_pile_pubmed_abstracts_val_loss,pile_cc,wikipedia_en,arxiv,68,-0.006072369128850961
metric/the_pile_pubmed_abstracts_val_loss,pile_cc,wikipedia_en,pubmed_central,68,0.009927765588727336
metric/the_pile_pubmed_abstracts_val_loss,pile_cc,uspto_backgrounds,freelaw,68,-0.0007383679666177478
metric/the_pile_pubmed_abstracts_val_loss,pile_cc,uspto_backgrounds,stackexchange,68,-0.014337195681682614
metric/the_pile_pubmed_abstracts_val_loss,pile_cc,uspto_backgrounds,github,68,-0.018508895147942718
metric/the_pile_pubmed_abstracts_val_loss,pile_cc,uspto_backgrounds,arxiv,68,0.0023859378880013568
metric/the_pile_pubmed_abstracts_val_loss,pile_cc,uspto_backgrounds,pubmed_central,68,0.02196777189922458
metric/the_pile_pubmed_abstracts_val_loss,pile_cc,freelaw,stackexchange,68,-0.009303854350414828
metric/the_pile_pubmed_abstracts_val_loss,pile_cc,freelaw,github,68,-0.013720945895719169
metric/the_pile_pubmed_abstracts_val_loss,pile_cc,freelaw,arxiv,68,-0.01590470901842725
metric/the_pile_pubmed_abstracts_val_loss,pile_cc,freelaw,pubmed_central,68,-0.024130345112827606
metric/the_pile_pubmed_abstracts_val_loss,pile_cc,stackexchange,github,68,-0.008759363397810941
metric/the_pile_pubmed_abstracts_val_loss,pile_cc,stackexchange,arxiv,68,-0.0094781690431897
metric/the_pile_pubmed_abstracts_val_loss,pile_cc,stackexchange,pubmed_central,68,-0.031388909972765854
metric/the_pile_pubmed_abstracts_val_loss,pile_cc,github,arxiv,68,-0.022873019926006464
metric/the_pile_pubmed_abstracts_val_loss,pile_cc,github,pubmed_central,68,-0.03563241713680522
metric/the_pile_pubmed_abstracts_val_loss,pile_cc,arxiv,pubmed_central,68,-0.01273317524656125
metric/the_pile_uspto_backgrounds_val_loss,wikipedia_en,uspto_backgrounds,freelaw,49,0.0014929224660498038
metric/the_pile_uspto_backgrounds_val_loss,wikipedia_en,uspto_backgrounds,stackexchange,49,-0.009910820257825458
metric/the_pile_uspto_backgrounds_val_loss,wikipedia_en,uspto_backgrounds,github,49,-0.028930539803867644
metric/the_pile_uspto_backgrounds_val_loss,wikipedia_en,uspto_backgrounds,arxiv,49,0.009485163334310827
metric/the_pile_uspto_backgrounds_val_loss,wikipedia_en,uspto_backgrounds,pubmed_central,49,0.017969286509018516
metric/the_pile_uspto_backgrounds_val_loss,wikipedia_en,uspto_backgrounds,pile_cc,49,0.04111814021863337
metric/the_pile_uspto_backgrounds_val_loss,wikipedia_en,freelaw,stackexchange,49,-0.0039825656887723035
metric/the_pile_uspto_backgrounds_val_loss,wikipedia_en,freelaw,github,49,-0.015073910535897806
metric/the_pile_uspto_backgrounds_val_loss,wikipedia_en,freelaw,arxiv,49,-0.01824093111622966
metric/the_pile_uspto_backgrounds_val_loss,wikipedia_en,freelaw,pubmed_central,49,-0.02602065989254491
metric/the_pile_uspto_backgrounds_val_loss,wikipedia_en,freelaw,pile_cc,49,-0.006641843781944498
metric/the_pile_uspto_backgrounds_val_loss,wikipedia_en,stackexchange,github,49,-0.007685314021657318
metric/the_pile_uspto_backgrounds_val_loss,wikipedia_en,stackexchange,arxiv,49,-0.006133246935356555
metric/the_pile_uspto_backgrounds_val_loss,wikipedia_en,stackexchange,pubmed_central,49,-0.010235118938960421
metric/the_pile_uspto_backgrounds_val_loss,wikipedia_en,stackexchange,pile_cc,49,-0.012250520883074269
metric/the_pile_uspto_backgrounds_val_loss,wikipedia_en,github,arxiv,49,-0.024068102067305204
metric/the_pile_uspto_backgrounds_val_loss,wikipedia_en,github,pubmed_central,49,-0.016512013531861002
metric/the_pile_uspto_backgrounds_val_loss,wikipedia_en,github,pile_cc,49,-0.024957748206310696
metric/the_pile_uspto_backgrounds_val_loss,wikipedia_en,arxiv,pubmed_central,49,-0.011076993161092518
metric/the_pile_uspto_backgrounds_val_loss,wikipedia_en,arxiv,pile_cc,49,-0.016202979639260734
metric/the_pile_uspto_backgrounds_val_loss,wikipedia_en,pubmed_central,pile_cc,49,-0.0051074730618492535
metric/the_pile_uspto_backgrounds_val_loss,uspto_backgrounds,wikipedia_en,freelaw,59,0.04212520898568276
metric/the_pile_uspto_backgrounds_val_loss,uspto_backgrounds,wikipedia_en,stackexchange,59,0.032983764188087655
metric/the_pile_uspto_backgrounds_val_loss,uspto_backgrounds,wikipedia_en,github,59,0.01942255807184323
metric/the_pile_uspto_backgrounds_val_loss,uspto_backgrounds,wikipedia_en,arxiv,59,0.031427221014813045
metric/the_pile_uspto_backgrounds_val_loss,uspto_backgrounds,wikipedia_en,pubmed_central,59,0.03158826862835913
metric/the_pile_uspto_backgrounds_val_loss,uspto_backgrounds,wikipedia_en,pile_cc,59,0.03218629318733301
metric/the_pile_uspto_backgrounds_val_loss,uspto_backgrounds,freelaw,stackexchange,59,0.0430956663511536
metric/the_pile_uspto_backgrounds_val_loss,uspto_backgrounds,freelaw,github,59,0.03323093670364939
metric/the_pile_uspto_backgrounds_val_loss,uspto_backgrounds,freelaw,arxiv,59,0.023185785936097235
metric/the_pile_uspto_backgrounds_val_loss,uspto_backgrounds,freelaw,pubmed_central,59,0.02053131558175244
metric/the_pile_uspto_backgrounds_val_loss,uspto_backgrounds,freelaw,pile_cc,59,0.03472792476330193
metric/the_pile_uspto_backgrounds_val_loss,uspto_backgrounds,stackexchange,github,59,0.03990185544218665
metric/the_pile_uspto_backgrounds_val_loss,uspto_backgrounds,stackexchange,arxiv,59,0.037580493396269364
metric/the_pile_uspto_backgrounds_val_loss,uspto_backgrounds,stackexchange,pubmed_central,59,0.032268119313739074
metric/the_pile_uspto_backgrounds_val_loss,uspto_backgrounds,stackexchange,pile_cc,59,0.031056789206813824
metric/the_pile_uspto_backgrounds_val_loss,uspto_backgrounds,github,arxiv,59,0.026534949051168683
metric/the_pile_uspto_backgrounds_val_loss,uspto_backgrounds,github,pubmed_central,59,0.025653495410940676
metric/the_pile_uspto_backgrounds_val_loss,uspto_backgrounds,github,pile_cc,59,0.02541317369035019
metric/the_pile_uspto_backgrounds_val_loss,uspto_backgrounds,arxiv,pubmed_central,59,0.0271209721419928
metric/the_pile_uspto_backgrounds_val_loss,uspto_backgrounds,arxiv,pile_cc,59,0.025132461790905773
metric/the_pile_uspto_backgrounds_val_loss,uspto_backgrounds,pubmed_central,pile_cc,59,0.030261775824837307
metric/the_pile_uspto_backgrounds_val_loss,freelaw,wikipedia_en,uspto_backgrounds,47,0.015401960106627149
metric/the_pile_uspto_backgrounds_val_loss,freelaw,wikipedia_en,stackexchange,47,-0.01616237876808056
metric/the_pile_uspto_backgrounds_val_loss,freelaw,wikipedia_en,github,47,-0.032301900751853
metric/the_pile_uspto_backgrounds_val_loss,freelaw,wikipedia_en,arxiv,47,-0.012299577784414104
metric/the_pile_uspto_backgrounds_val_loss,freelaw,wikipedia_en,pubmed_central,47,-0.011976646324115901
metric/the_pile_uspto_backgrounds_val_loss,freelaw,wikipedia_en,pile_cc,47,-0.012476291860452059
metric/the_pile_uspto_backgrounds_val_loss,freelaw,uspto_backgrounds,stackexchange,47,-0.011426050987266123
metric/the_pile_uspto_backgrounds_val_loss,freelaw,uspto_backgrounds,github,47,-0.02755820413995246
metric/the_pile_uspto_backgrounds_val_loss,freelaw,uspto_backgrounds,arxiv,47,0.007951339855015411
metric/the_pile_uspto_backgrounds_val_loss,freelaw,uspto_backgrounds,pubmed_central,47,0.0183503279503664
metric/the_pile_uspto_backgrounds_val_loss,freelaw,uspto_backgrounds,pile_cc,47,0.03578998751832344
metric/the_pile_uspto_backgrounds_val_loss,freelaw,stackexchange,github,47,-0.014663509663185668
metric/the_pile_uspto_backgrounds_val_loss,freelaw,stackexchange,arxiv,47,-0.011301516818777047
metric/the_pile_uspto_backgrounds_val_loss,freelaw,stackexchange,pubmed_central,47,-0.015810699786007475
metric/the_pile_uspto_backgrounds_val_loss,freelaw,stackexchange,pile_cc,47,-0.01886312792807533
metric/the_pile_uspto_backgrounds_val_loss,freelaw,github,arxiv,47,-0.023957956880082405
metric/the_pile_uspto_backgrounds_val_loss,freelaw,github,pubmed_central,47,-0.0261973966170288
metric/the_pile_uspto_backgrounds_val_loss,freelaw,github,pile_cc,47,-0.032124865132559965
metric/the_pile_uspto_backgrounds_val_loss,freelaw,arxiv,pubmed_central,47,-0.010887585742979369
metric/the_pile_uspto_backgrounds_val_loss,freelaw,arxiv,pile_cc,47,-0.021474394115287093
metric/the_pile_uspto_backgrounds_val_loss,freelaw,pubmed_central,pile_cc,47,-0.008652737286281182
metric/the_pile_uspto_backgrounds_val_loss,stackexchange,wikipedia_en,uspto_backgrounds,72,0.02815151069845377
metric/the_pile_uspto_backgrounds_val_loss,stackexchange,wikipedia_en,freelaw,72,-0.002219447966844602
metric/the_pile_uspto_backgrounds_val_loss,stackexchange,wikipedia_en,github,72,-0.02858776254205818
metric/the_pile_uspto_backgrounds_val_loss,stackexchange,wikipedia_en,arxiv,72,-0.00860318926265307
metric/the_pile_uspto_backgrounds_val_loss,stackexchange,wikipedia_en,pubmed_central,72,-0.008453262235495659
metric/the_pile_uspto_backgrounds_val_loss,stackexchange,wikipedia_en,pile_cc,72,-0.0066090108821707455
metric/the_pile_uspto_backgrounds_val_loss,stackexchange,uspto_backgrounds,freelaw,72,0.006382363964750831
metric/the_pile_uspto_backgrounds_val_loss,stackexchange,uspto_backgrounds,github,72,-0.025842270677880547
metric/the_pile_uspto_backgrounds_val_loss,stackexchange,uspto_backgrounds,arxiv,72,0.01019744860097597
metric/the_pile_uspto_backgrounds_val_loss,stackexchange,uspto_backgrounds,pubmed_central,72,0.023401939121942612
metric/the_pile_uspto_backgrounds_val_loss,stackexchange,uspto_backgrounds,pile_cc,72,0.04308977060665141
metric/the_pile_uspto_backgrounds_val_loss,stackexchange,freelaw,github,72,-0.02109280424217561
metric/the_pile_uspto_backgrounds_val_loss,stackexchange,freelaw,arxiv,72,-0.021168588503889054
metric/the_pile_uspto_backgrounds_val_loss,stackexchange,freelaw,pubmed_central,72,-0.02918633360195792
metric/the_pile_uspto_backgrounds_val_loss,stackexchange,freelaw,pile_cc,72,-0.009195237245580294
metric/the_pile_uspto_backgrounds_val_loss,stackexchange,github,arxiv,72,-0.019436374809810062
metric/the_pile_uspto_backgrounds_val_loss,stackexchange,github,pubmed_central,72,-0.02135413461288323
metric/the_pile_uspto_backgrounds_val_loss,stackexchange,github,pile_cc,72,-0.024036961293806464
metric/the_pile_uspto_backgrounds_val_loss,stackexchange,arxiv,pubmed_central,72,-0.013887710165885895
metric/the_pile_uspto_backgrounds_val_loss,stackexchange,arxiv,pile_cc,72,-0.015464624888817355
metric/the_pile_uspto_backgrounds_val_loss,stackexchange,pubmed_central,pile_cc,72,-0.00765708828497295
metric/the_pile_uspto_backgrounds_val_loss,github,wikipedia_en,uspto_backgrounds,77,0.031368753036098596
metric/the_pile_uspto_backgrounds_val_loss,github,wikipedia_en,freelaw,77,-0.0024635783434074333
metric/the_pile_uspto_backgrounds_val_loss,github,wikipedia_en,stackexchange,77,-0.017666719497334723
metric/the_pile_uspto_backgrounds_val_loss,github,wikipedia_en,arxiv,77,-0.011701718047828921
metric/the_pile_uspto_backgrounds_val_loss,github,wikipedia_en,pubmed_central,77,-0.01067282892605374
metric/the_pile_uspto_backgrounds_val_loss,github,wikipedia_en,pile_cc,77,-0.008107826649006208
metric/the_pile_uspto_backgrounds_val_loss,github,uspto_backgrounds,freelaw,77,0.005043901897606166
metric/the_pile_uspto_backgrounds_val_loss,github,uspto_backgrounds,stackexchange,77,-0.011099924649455152
metric/the_pile_uspto_backgrounds_val_loss,github,uspto_backgrounds,arxiv,77,0.011768662217884234
metric/the_pile_uspto_backgrounds_val_loss,github,uspto_backgrounds,pubmed_central,77,0.014765918174736952
metric/the_pile_uspto_backgrounds_val_loss,github,uspto_backgrounds,pile_cc,77,0.05047136674262719
metric/the_pile_uspto_backgrounds_val_loss,github,freelaw,stackexchange,77,-0.0116398459805983
metric/the_pile_uspto_backgrounds_val_loss,github,freelaw,arxiv,77,-0.024266330896570393
metric/the_pile_uspto_backgrounds_val_loss,github,freelaw,pubmed_central,77,-0.028202178641655622
metric/the_pile_uspto_backgrounds_val_loss,github,freelaw,pile_cc,77,-0.010367349101562156
metric/the_pile_uspto_backgrounds_val_loss,github,stackexchange,arxiv,77,-0.014221082044718567
metric/the_pile_uspto_backgrounds_val_loss,github,stackexchange,pubmed_central,77,-0.017898192973907583
metric/the_pile_uspto_backgrounds_val_loss,github,stackexchange,pile_cc,77,-0.019761511667334496
metric/the_pile_uspto_backgrounds_val_loss,github,arxiv,pubmed_central,77,-0.016412546850675065
metric/the_pile_uspto_backgrounds_val_loss,github,arxiv,pile_cc,77,-0.020508571493567124
metric/the_pile_uspto_backgrounds_val_loss,github,pubmed_central,pile_cc,77,-0.01000432898216457
metric/the_pile_uspto_backgrounds_val_loss,arxiv,wikipedia_en,uspto_backgrounds,65,0.029496795172148017
metric/the_pile_uspto_backgrounds_val_loss,arxiv,wikipedia_en,freelaw,65,-0.0010559672033050988
metric/the_pile_uspto_backgrounds_val_loss,arxiv,wikipedia_en,stackexchange,65,-0.014110736694627495
metric/the_pile_uspto_backgrounds_val_loss,arxiv,wikipedia_en,github,65,-0.03191076760734485
metric/the_pile_uspto_backgrounds_val_loss,arxiv,wikipedia_en,pubmed_central,65,-0.011019292350296207
metric/the_pile_uspto_backgrounds_val_loss,arxiv,wikipedia_en,pile_cc,65,-0.007937022958221322
metric/the_pile_uspto_backgrounds_val_loss,arxiv,uspto_backgrounds,freelaw,65,0.005269671524882701
metric/the_pile_uspto_backgrounds_val_loss,arxiv,uspto_backgrounds,stackexchange,65,-0.010358170543492102
metric/the_pile_uspto_backgrounds_val_loss,arxiv,uspto_backgrounds,github,65,-0.026883159246043772
metric/the_pile_uspto_backgrounds_val_loss,arxiv,uspto_backgrounds,pubmed_central,65,0.02051406554727017
metric/the_pile_uspto_backgrounds_val_loss,arxiv,uspto_backgrounds,pile_cc,65,0.03971783407852467
metric/the_pile_uspto_backgrounds_val_loss,arxiv,freelaw,stackexchange,65,-0.005786430411881036
metric/the_pile_uspto_backgrounds_val_loss,arxiv,freelaw,github,65,-0.01996806213808418
metric/the_pile_uspto_backgrounds_val_loss,arxiv,freelaw,pubmed_central,65,-0.029338373410891943
metric/the_pile_uspto_backgrounds_val_loss,arxiv,freelaw,pile_cc,65,-0.008750689498281288
metric/the_pile_uspto_backgrounds_val_loss,arxiv,stackexchange,github,65,-0.012141361937544327
metric/the_pile_uspto_backgrounds_val_loss,arxiv,stackexchange,pubmed_central,65,-0.015977682244631274
metric/the_pile_uspto_backgrounds_val_loss,arxiv,stackexchange,pile_cc,65,-0.012860558551224371
metric/the_pile_uspto_backgrounds_val_loss,arxiv,github,pubmed_central,65,-0.024198245111395632
metric/the_pile_uspto_backgrounds_val_loss,arxiv,github,pile_cc,65,-0.02438680680879031
metric/the_pile_uspto_backgrounds_val_loss,arxiv,pubmed_central,pile_cc,65,-0.007771678664843257
metric/the_pile_uspto_backgrounds_val_loss,pubmed_central,wikipedia_en,uspto_backgrounds,81,0.02728378007021021
metric/the_pile_uspto_backgrounds_val_loss,pubmed_central,wikipedia_en,freelaw,81,0.0029718198322069363
metric/the_pile_uspto_backgrounds_val_loss,pubmed_central,wikipedia_en,stackexchange,81,-0.00957507496286323
metric/the_pile_uspto_backgrounds_val_loss,pubmed_central,wikipedia_en,github,81,-0.027168201307387937
metric/the_pile_uspto_backgrounds_val_loss,pubmed_central,wikipedia_en,arxiv,81,-0.007788154970510999
metric/the_pile_uspto_backgrounds_val_loss,pubmed_central,wikipedia_en,pile_cc,81,-0.004651204563962975
metric/the_pile_uspto_backgrounds_val_loss,pubmed_central,uspto_backgrounds,freelaw,81,0.006627127377930255
metric/the_pile_uspto_backgrounds_val_loss,pubmed_central,uspto_backgrounds,stackexchange,81,-0.008277648263305815
metric/the_pile_uspto_backgrounds_val_loss,pubmed_central,uspto_backgrounds,github,81,-0.025082117587462392
metric/the_pile_uspto_backgrounds_val_loss,pubmed_central,uspto_backgrounds,arxiv,81,0.013153219210894948
metric/the_pile_uspto_backgrounds_val_loss,pubmed_central,uspto_backgrounds,pile_cc,81,0.04861628023529336
metric/the_pile_uspto_backgrounds_val_loss,pubmed_central,freelaw,stackexchange,81,-0.0012308629278031929
metric/the_pile_uspto_backgrounds_val_loss,pubmed_central,freelaw,github,81,-0.016846720084234216
metric/the_pile_uspto_backgrounds_val_loss,pubmed_central,freelaw,arxiv,81,-0.015555887996287928
metric/the_pile_uspto_backgrounds_val_loss,pubmed_central,freelaw,pile_cc,81,-0.0043571388989533015
metric/the_pile_uspto_backgrounds_val_loss,pubmed_central,stackexchange,github,81,-0.007797964664321295
metric/the_pile_uspto_backgrounds_val_loss,pubmed_central,stackexchange,arxiv,81,-0.0063300780819683464
metric/the_pile_uspto_backgrounds_val_loss,pubmed_central,stackexchange,pile_cc,81,-0.011088314091604773
metric/the_pile_uspto_backgrounds_val_loss,pubmed_central,github,arxiv,81,-0.019686107706774526
metric/the_pile_uspto_backgrounds_val_loss,pubmed_central,github,pile_cc,81,-0.023078303494411256
metric/the_pile_uspto_backgrounds_val_loss,pubmed_central,arxiv,pile_cc,81,-0.016116946561289768
metric/the_pile_uspto_backgrounds_val_loss,pile_cc,wikipedia_en,uspto_backgrounds,68,0.02196782345770386
metric/the_pile_uspto_backgrounds_val_loss,pile_cc,wikipedia_en,freelaw,68,0.0025584573136585706
metric/the_pile_uspto_backgrounds_val_loss,pile_cc,wikipedia_en,stackexchange,68,-0.007363403177261533
metric/the_pile_uspto_backgrounds_val_loss,pile_cc,wikipedia_en,github,68,-0.023818640162309095
metric/the_pile_uspto_backgrounds_val_loss,pile_cc,wikipedia_en,arxiv,68,-0.004354992551391203
metric/the_pile_uspto_backgrounds_val_loss,pile_cc,wikipedia_en,pubmed_central,68,-0.005637339416633658
metric/the_pile_uspto_backgrounds_val_loss,pile_cc,uspto_backgrounds,freelaw,68,0.004063207901238297
metric/the_pile_uspto_backgrounds_val_loss,pile_cc,uspto_backgrounds,stackexchange,68,-0.008936721321584361
metric/the_pile_uspto_backgrounds_val_loss,pile_cc,uspto_backgrounds,github,68,-0.025006187838420457
metric/the_pile_uspto_backgrounds_val_loss,pile_cc,uspto_backgrounds,arxiv,68,0.00910213126761723
metric/the_pile_uspto_backgrounds_val_loss,pile_cc,uspto_backgrounds,pubmed_central,68,0.02404670127609322
metric/the_pile_uspto_backgrounds_val_loss,pile_cc,freelaw,stackexchange,68,-0.0018659214049734493
metric/the_pile_uspto_backgrounds_val_loss,pile_cc,freelaw,github,68,-0.013897622687900166
metric/the_pile_uspto_backgrounds_val_loss,pile_cc,freelaw,arxiv,68,-0.016184220065626705
metric/the_pile_uspto_backgrounds_val_loss,pile_cc,freelaw,pubmed_central,68,-0.02189636645635161
metric/the_pile_uspto_backgrounds_val_loss,pile_cc,stackexchange,github,68,-0.008192183898852463
metric/the_pile_uspto_backgrounds_val_loss,pile_cc,stackexchange,arxiv,68,-0.003410834933607433
metric/the_pile_uspto_backgrounds_val_loss,pile_cc,stackexchange,pubmed_central,68,-0.012458492640950454
metric/the_pile_uspto_backgrounds_val_loss,pile_cc,github,arxiv,68,-0.022820776314753512
metric/the_pile_uspto_backgrounds_val_loss,pile_cc,github,pubmed_central,68,-0.021944694981390594
metric/the_pile_uspto_backgrounds_val_loss,pile_cc,arxiv,pubmed_central,68,-0.009302505149072755
