Model,Average ⬆️,Submission Date,Hub License,Type,#Params (B),rebuilt
0-hero/Matter-0.2-7B-DPO,8.90636130175029,2024-08-05,apache-2.0,"💬 chat models (RLHF, DPO, IFT, ...)",7.242,22.219227313566936
01-ai/Yi-1.5-34B,25.64649419429311,2024-06-12,apache-2.0,🟢 pretrained,34.389,71.46451033243486
01-ai/Yi-1.5-34B-32K,26.72791290850813,2024-06-12,apache-2.0,🟢 pretrained,34.389,73.58490566037736
01-ai/Yi-1.5-34B-Chat,33.35799367075618,2024-06-12,apache-2.0,"💬 chat models (RLHF, DPO, IFT, ...)",34.389,81.95867026055707
01-ai/Yi-1.5-34B-Chat-16K,29.403554842710225,2024-07-15,apache-2.0,"💬 chat models (RLHF, DPO, IFT, ...)",34.389,77.67295597484276
01-ai/Yi-1.5-6B,16.745698054972127,2024-08-10,apache-2.0,🟢 pretrained,6.061,50.314465408805034
01-ai/Yi-1.5-6B-Chat,22.784006289829847,2024-10-22,apache-2.0,"💬 chat models (RLHF, DPO, IFT, ...)",6.061,60.1078167115903
01-ai/Yi-1.5-9B,22.153901514184795,2024-06-12,apache-2.0,🟢 pretrained,8.829,65.9119496855346
01-ai/Yi-1.5-9B-32K,19.809786285875365,2024-06-12,apache-2.0,🟢 pretrained,8.829,58.04132973944295
01-ai/Yi-1.5-9B-Chat,29.530872220260974,2024-06-12,apache-2.0,"💬 chat models (RLHF, DPO, IFT, ...)",8.829,73.45911949685532
01-ai/Yi-1.5-9B-Chat-16K,23.76539234993476,2024-06-12,apache-2.0,"💬 chat models (RLHF, DPO, IFT, ...)",8.829,62.36298292902066
01-ai/Yi-34B,22.373127018936653,2024-06-12,apache-2.0,🟢 pretrained,34.389,63.225516621743026
01-ai/Yi-34B-200K,20.01347533597433,2024-06-12,apache-2.0,🟢 pretrained,34.389,54.44743935309974
01-ai/Yi-34B-Chat,24.226662652803373,2024-06-12,apache-2.0,"💬 chat models (RLHF, DPO, IFT, ...)",34.389,64.16891284815812
01-ai/Yi-6B,13.611617485376058,2024-06-12,apache-2.0,🟢 pretrained,6.061,32.273135669362084
01-ai/Yi-6B-200K,11.99609829883284,2024-06-12,apache-2.0,🟢 pretrained,6.061,36.80143755615454
01-ai/Yi-6B-Chat,14.11765000523676,2024-06-12,apache-2.0,"💬 chat models (RLHF, DPO, IFT, ...)",6.061,34.20485175202156
01-ai/Yi-9B,17.811867367746064,2024-06-12,apache-2.0,🟢 pretrained,8.829,49.883198562443845
01-ai/Yi-9B-200K,17.72955178611439,2024-06-12,apache-2.0,🟢 pretrained,8.829,52.14734950584007
01-ai/Yi-Coder-9B-Chat,16.985989314863886,2024-09-12,apache-2.0,🔶 fine-tuned on domain-specific datasets,8.829,35.265049415992806
1-800-LLMs/Qwen-2.5-14B-Hindi,36.2661770066689,2025-02-06,mit,🔶 fine-tuned on domain-specific datasets,14.77,86.02875112309074
1-800-LLMs/Qwen-2.5-14B-Hindi-Custom-Instruct,31.020777275634742,2025-02-06,apache-2.0,🔶 fine-tuned on domain-specific datasets,14.77,79.74842767295597
1024m/PHI-4-Hindi,27.48785095027712,2025-02-06,mit,🔶 fine-tuned on domain-specific datasets,14.66,78.44564240790658
1024m/QWEN-14B-B100,41.91906679224076,2025-02-06,apache-2.0,🔶 fine-tuned on domain-specific datasets,14.77,71.89577717879604
152334H/miqu-1-70b-sf,29.097407726236643,2024-06-26,,🔶 fine-tuned on domain-specific datasets,68.977,77.1069182389937
1TuanPham/T-VisStar-7B-v0.1,19.14480861089536,2024-09-22,apache-2.0,"💬 chat models (RLHF, DPO, IFT, ...)",7.294,50.41329739442948
1TuanPham/T-VisStar-v0.1,19.14480861089536,2024-09-20,apache-2.0,🔶 fine-tuned on domain-specific datasets,7.294,50.41329739442948
3rd-Degree-Burn/L-3.1-Science-Writer-8B,21.09120798437004,2024-11-19,,🔶 fine-tuned on domain-specific datasets,8.03,50.05390835579515
3rd-Degree-Burn/Llama-3.1-8B-Squareroot,11.223740793316349,2024-10-10,apache-2.0,🤝 base merges and moerges,8.03,25.705300988319856
3rd-Degree-Burn/Llama-3.1-8B-Squareroot-v1,8.037946007988568,2024-11-10,,🤝 base merges and moerges,8.03,20.000000000000004
3rd-Degree-Burn/Llama-Squared-8B,12.434954194134717,2024-10-08,,🔶 fine-tuned on domain-specific datasets,8.03,26.54986522911051
4season/final_model_test_v2,23.086235043644056,2024-06-27,apache-2.0,🔶 fine-tuned on domain-specific datasets,21.421,58.90386343216532
AALF/FuseChat-Llama-3.1-8B-Instruct-preview,28.56857495894073,2024-11-20,apache-2.0,"💬 chat models (RLHF, DPO, IFT, ...)",8.03,59.910152740341424
AALF/FuseChat-Llama-3.1-8B-SFT-preview,29.225292099823264,2024-11-21,,🔶 fine-tuned on domain-specific datasets,8.03,65.33692722371967
AALF/gemma-2-27b-it-SimPO-37K,9.512077380763676,2024-09-05,gemma,"💬 chat models (RLHF, DPO, IFT, ...)",27.227,22.542677448337827
AALF/gemma-2-27b-it-SimPO-37K-100steps,10.246803363324457,2024-09-21,gemma,"💬 chat models (RLHF, DPO, IFT, ...)",27.227,23.80952380952381
AELLM/gemma-2-aeria-infinity-9b,31.919053815912523,2024-10-09,,🤝 base merges and moerges,9.242,64.28571428571429
AELLM/gemma-2-lyco-infinity-9b,30.04985134020671,2024-10-09,,"💬 chat models (RLHF, DPO, IFT, ...)",10.159,61.84186882300089
AGI-0/Art-v0-3B,12.132145545921874,2025-01-19,other,🔶 fine-tuned on domain-specific datasets,3.086,36.18149146451034
AGI-0/Artificium-llama3.1-8B-001,19.491817924739056,2024-09-08,unknown,🔶 fine-tuned on domain-specific datasets,8.03,42.46181491464511
AGI-0/smartllama3.1-8B-001,20.42455207766212,2024-11-25,unknown,🔶 fine-tuned on domain-specific datasets,8.03,56.95417789757412
AI-MO/NuminaMath-7B-CoT,16.118457218023075,2024-09-10,apache-2.0,🔶 fine-tuned on domain-specific datasets,6.91,29.937106918238992
AI-MO/NuminaMath-7B-TIR,14.182289143173431,2024-07-11,apache-2.0,🔶 fine-tuned on domain-specific datasets,6.91,24.159928122192273
AI-Sweden-Models/Llama-3-8B-instruct,14.343669671742774,2024-06-27,llama3,🔶 fine-tuned on domain-specific datasets,8.03,35.16621743036837
AI-Sweden-Models/gpt-sw3-40b,4.872902485288683,2024-06-26,other,🟢 pretrained,39.927,12.255166217430368
AI4free/Dhanishtha,11.247711953182252,2025-02-19,apache-2.0,🟩 continuously pretrained,1.777,29.64061096136567
AI4free/t2,11.33461581083953,2025-02-27,,🤝 base merges and moerges,7.613,29.424977538185086
AIDC-AI/Marco-o1,27.639223265636087,2025-01-31,apache-2.0,"💬 chat models (RLHF, DPO, IFT, ...)",7.616,55.87601078167116
Aashraf995/Creative-7B-nerd,29.97819251596781,2024-12-13,apache-2.0,🤝 base merges and moerges,7.616,78.61635220125787
Aashraf995/Gemma-Evo-10B,34.32632733409121,2024-12-13,apache-2.0,🤝 base merges and moerges,10.159,85.07637017070978
Aashraf995/Qwen-Evo-7B,30.275058582706105,2024-12-13,apache-2.0,🤝 base merges and moerges,7.616,79.1464510332435
Aashraf995/QwenStock-14B,37.13002133952593,2024-12-13,apache-2.0,🤝 base merges and moerges,14.766,88.77807726864332
AbacusResearch/Jallabi-34B,26.18608192071653,2024-06-27,apache-2.0,🤝 base merges and moerges,34.389,70.27852650494161
Ahdoot/StructuredThinker-v0.3-MoreStructure,23.924082152035727,2025-01-01,,🤝 base merges and moerges,3.397,59.40700808625338
Ahdoot/Test_StealthThinker,22.06904758264274,2025-01-05,mit,🔶 fine-tuned on domain-specific datasets,3.086,57.16082659478886
AicoresSecurity/Cybernet-Sec-3B-R1-V0,20.584200054790823,2025-02-26,,🔶 fine-tuned on domain-specific datasets,3.213,40.20664869721474
AicoresSecurity/Cybernet-Sec-3B-R1-V0-Coder,22.930540293017284,2025-02-26,,🔶 fine-tuned on domain-specific datasets,3.213,46.41509433962265
AicoresSecurity/Cybernet-Sec-3B-R1-V1,19.9979903395144,2025-03-07,,🔶 fine-tuned on domain-specific datasets,3.213,38.966756513926335
AicoresSecurity/Cybernet-Sec-3B-R1-V1.1,22.6434068109946,2025-03-07,,🔶 fine-tuned on domain-specific datasets,3.213,46.720575022461816
Alepach/notHumpback-M0,5.137220097878128,2025-01-17,apache-2.0,"💬 chat models (RLHF, DPO, IFT, ...)",3.213,12.2911051212938
Alepach/notHumpback-M1,4.779297887614574,2025-01-17,apache-2.0,"💬 chat models (RLHF, DPO, IFT, ...)",3.213,10.233602875112307
Alepach/notHumpback-M1-v2,5.206724746715221,2025-01-19,,"💬 chat models (RLHF, DPO, IFT, ...)",3.213,11.536388140161726
Alibaba-NLP/gte-Qwen2-7B-instruct,13.834176058521932,2024-08-05,apache-2.0,🔶 fine-tuned on domain-specific datasets,7.613,26.010781671159027
Alsebay/Qwen2.5-7B-test-novelist,27.172849099811742,2024-12-12,apache-2.0,🔶 fine-tuned on domain-specific datasets,7.616,68.63432165318957
Amaorynho/BBAI2006,3.4638352160730896,2025-02-27,,🤝 base merges and moerges,1.09,7.583108715184188
Amaorynho/BBAI270V4,4.549298117195413,2025-02-26,,🤝 base merges and moerges,7.616,8.194070080862534
Amaorynho/BBAIIFEV1,30.577013862416408,2025-03-01,,🤝 base merges and moerges,8.03,75.46271338724169
Amaorynho/BBAI_375,3.4638352160730896,2025-02-27,,🤝 base merges and moerges,1.09,7.583108715184188
Amu/t1-1.5B,12.141383312461109,2025-03-08,mit,🔶 fine-tuned on domain-specific datasets,1.777,26.064690026954178
Amu/t1-3B,11.160895171582572,2025-03-13,mit,"💬 chat models (RLHF, DPO, IFT, ...)",3.397,26.109613656783466
ArliAI/ArliAI-RPMax-12B-v1.1,20.976339912086196,2024-09-05,apache-2.0,🔶 fine-tuned on domain-specific datasets,12.248,46.3611859838275
ArliAI/Llama-3.1-8B-ArliAI-RPMax-v1.1,23.942143268323218,2024-09-19,llama3,🔶 fine-tuned on domain-specific datasets,8.03,51.868823000898466
Arthur-LAGACHERIE/Precis-1B-Instruct,8.848710962428209,2025-01-19,llama3.2,🔶 fine-tuned on domain-specific datasets,1.236,18.62533692722372
Artples/L-MChat-7b,21.238493444242582,2024-07-07,apache-2.0,🤝 base merges and moerges,7.242,53.42318059299191
Artples/L-MChat-Small,15.23132798262929,2024-07-07,mit,🤝 base merges and moerges,2.78,30.799640610961365
Aryanne/QwentileSwap,43.91650770857709,2025-02-05,apache-2.0,🤝 base merges and moerges,32.764,94.42946990116802
Aryanne/SHBA,29.875548231649606,2025-01-11,,🤝 base merges and moerges,8.03,72.73135669362084
Aryanne/SuperHeart,25.55719928277682,2024-09-23,llama3.1,🤝 base merges and moerges,8.03,68.08625336927223
AtAndDev/Qwen2.5-1.5B-continuous-learnt,16.518524239214223,2024-10-13,,🔶 fine-tuned on domain-specific datasets,1.544,36.307277628032345
AtAndDev/Qwen2.5-1.5B-continuous-learnt,17.483555890459094,2024-10-18,,"💬 chat models (RLHF, DPO, IFT, ...)",1.544,36.307277628032345
Ateron/Glowing-Forest-12B,22.612024614962053,2025-03-06,,🤝 base merges and moerges,12.248,65.66936208445642
Ateron/Lotus-Magpic,25.49856357813722,2025-03-05,,🤝 base merges and moerges,12.248,64.78885893980232
Ateron/Way_of_MagPicaro,20.630569141650984,2025-03-05,,🤝 base merges and moerges,12.248,61.97663971248877
AuraIndustries/Aura-4B,16.063480369846303,2024-12-13,apache-2.0,"💬 chat models (RLHF, DPO, IFT, ...)",4.513,39.65858041329739
AuraIndustries/Aura-8B,27.363297533889394,2024-12-10,apache-2.0,"💬 chat models (RLHF, DPO, IFT, ...)",8.03,63.513027852650495
AuraIndustries/Aura-MoE-2x4B,16.79797839924053,2024-12-14,,"💬 chat models (RLHF, DPO, IFT, ...)",7.231,39.26325247079964
AuraIndustries/Aura-MoE-2x4B-v2,17.515881576703762,2024-12-15,,"💬 chat models (RLHF, DPO, IFT, ...)",7.231,41.75202156334232
Aurel9/testmerge-7b,20.96930213435916,2024-11-16,,🤝 base merges and moerges,7.242,57.4932614555256
Ayush-Singh/Llama1B-sft-2,3.169322945076769,2025-02-05,,🔶 fine-tuned on domain-specific datasets,1.236,6.361185983827493
Azure99/Blossom-V6-14B,32.80581546858162,2025-01-30,apache-2.0,"💬 chat models (RLHF, DPO, IFT, ...)",14.77,56.14555256064689
Azure99/Blossom-V6-7B,31.04565038906736,2025-01-30,apache-2.0,"💬 chat models (RLHF, DPO, IFT, ...)",7.616,64.60017969451931
Azure99/blossom-v5-32b,27.724659940062114,2024-09-21,apache-2.0,"💬 chat models (RLHF, DPO, IFT, ...)",32.512,66.85534591194968
Azure99/blossom-v5-llama3-8b,14.598962808998438,2024-09-21,apache-2.0,"💬 chat models (RLHF, DPO, IFT, ...)",8.03,31.428571428571427
Azure99/blossom-v5.1-34b,30.298681690900175,2024-07-27,apache-2.0,"💬 chat models (RLHF, DPO, IFT, ...)",34.389,69.82030548068283
Azure99/blossom-v5.1-9b,26.470194407631528,2024-07-24,apache-2.0,"💬 chat models (RLHF, DPO, IFT, ...)",8.829,65.56154537286612
BAAI/Gemma2-9B-IT-Simpo-Infinity-Preference,22.607935619579848,2024-09-05,,🔶 fine-tuned on domain-specific datasets,9.242,54.159928122192284
BAAI/Infinity-Instruct-3M-0613-Llama3-70B,35.578242909223654,2024-06-28,apache-2.0,🔶 fine-tuned on domain-specific datasets,70.554,84.77987421383646
BAAI/Infinity-Instruct-3M-0613-Mistral-7B,22.29353000800769,2024-06-27,apache-2.0,🔶 fine-tuned on domain-specific datasets,7.242,56.63971248876909
BAAI/Infinity-Instruct-3M-0625-Llama3-70B,36.91009196843762,2024-08-30,apache-2.0,🔶 fine-tuned on domain-specific datasets,70.554,87.26864330637915
BAAI/Infinity-Instruct-3M-0625-Llama3-8B,22.06253195877917,2024-07-13,apache-2.0,"💬 chat models (RLHF, DPO, IFT, ...)",8.03,45.77717879604672
BAAI/Infinity-Instruct-3M-0625-Mistral-7B,22.843425216048672,2024-08-05,apache-2.0,🔶 fine-tuned on domain-specific datasets,7.242,55.57053009883198
BAAI/Infinity-Instruct-3M-0625-Qwen2-7B,26.199808011295485,2024-08-05,apache-2.0,🔶 fine-tuned on domain-specific datasets,7.616,60.880503144654085
BAAI/Infinity-Instruct-3M-0625-Yi-1.5-9B,28.14496041142372,2024-08-05,apache-2.0,🔶 fine-tuned on domain-specific datasets,8.829,76.66666666666666
BAAI/Infinity-Instruct-7M-0729-Llama3_1-8B,23.447423677135685,2024-08-05,llama3.1,🔶 fine-tuned on domain-specific datasets,8.03,51.16801437556154
BAAI/Infinity-Instruct-7M-0729-mistral-7B,23.21644934658775,2024-08-05,apache-2.0,🔶 fine-tuned on domain-specific datasets,7.242,52.785265049416
BAAI/Infinity-Instruct-7M-Gen-Llama3_1-70B,37.48445364047765,2024-09-26,llama3.1,🔶 fine-tuned on domain-specific datasets,70.554,88.96675651392631
BAAI/Infinity-Instruct-7M-Gen-Llama3_1-8B,23.447423677135685,2024-08-29,llama3.1,🔶 fine-tuned on domain-specific datasets,8.03,51.16801437556154
BAAI/Infinity-Instruct-7M-Gen-mistral-7B,23.191053766563783,2024-08-29,apache-2.0,🔶 fine-tuned on domain-specific datasets,7.242,52.76729559748428
BAAI/OPI-Llama-3.1-8B-Instruct,8.531604396997649,2024-09-21,llama3.1,🔶 fine-tuned on domain-specific datasets,8.03,17.951482479784364
BEE-spoke-data/Meta-Llama-3-8Bee,14.657811877680324,2024-07-04,llama3,🔶 fine-tuned on domain-specific datasets,8.03,38.29290206648697
BEE-spoke-data/smol_llama-101M-GQA,4.019599868138451,2024-07-06,apache-2.0,🟢 pretrained,0.101,9.973045822102426
BEE-spoke-data/smol_llama-220M-GQA,6.577800964187134,2024-06-26,apache-2.0,🟢 pretrained,0.218,16.864330637915543
BEE-spoke-data/smol_llama-220M-GQA-fineweb_edu,6.629850832257909,2024-06-26,apache-2.0,🟩 continuously pretrained,0.218,19.69451931716083
BEE-spoke-data/smol_llama-220M-openhermes,4.938005238605682,2024-09-21,apache-2.0,"💬 chat models (RLHF, DPO, IFT, ...)",0.218,14.106019766397123
BEE-spoke-data/tFINE-900m-e16-d32-flan,4.597533011984676,2024-09-13,apache-2.0,🔶 fine-tuned on domain-specific datasets,0.887,10.188679245283017
BEE-spoke-data/tFINE-900m-e16-d32-flan-infinity-instruct-7m-T2T_en-1024,5.999886320692095,2024-09-14,apache-2.0,🔶 fine-tuned on domain-specific datasets,0.887,19.78436657681941
BEE-spoke-data/tFINE-900m-e16-d32-instruct_2e,5.908138429401099,2024-09-22,apache-2.0,🔶 fine-tuned on domain-specific datasets,0.887,18.751123090745732
BEE-spoke-data/tFINE-900m-instruct-orpo,3.69630792495429,2024-09-23,apache-2.0,"💬 chat models (RLHF, DPO, IFT, ...)",0.887,8.481581311769991
BSC-LT/salamandra-7b,5.704911444345451,2024-11-22,apache-2.0,🟢 pretrained,7.768,15.570530098831986
BSC-LT/salamandra-7b-instruct,10.181243697003833,2024-11-22,apache-2.0,🟢 pretrained,7.768,27.169811320754718
Ba2han/Llama-Phi-3_DoRA,25.4698950011544,2024-06-26,mit,🔶 fine-tuned on domain-specific datasets,3.821,67.16082659478886
Baptiste-HUVELLE-10/LeTriomphant2.2_ECE_iLAB,41.30426754456703,2025-02-28,apache-2.0,🤝 base merges and moerges,72.706,90.86253369272237
BenevolenceMessiah/Qwen2.5-72B-2x-Instruct-TIES-v1.0,42.26732013588396,2024-11-24,,🤝 base merges and moerges,72.7,80.04492362982928
BenevolenceMessiah/Yi-Coder-9B-Chat-Instruct-TIES-MoE-v1.0,15.07109165755061,2024-09-22,apache-2.0,🤝 base merges and moerges,28.309,36.909254267744835
BlackBeenie/Bloslain-8B-v0.2,23.803914231544336,2024-11-19,,🤝 base merges and moerges,8.03,61.419586702605564
BlackBeenie/Llama-3.1-8B-OpenO1-SFT-v0.1,21.4004099666704,2024-12-29,apache-2.0,🔶 fine-tuned on domain-specific datasets,8.03,45.462713387241685
BlackBeenie/Llama-3.1-8B-pythonic-passthrough-merge,7.3995789368526035,2024-11-06,,🤝 base merges and moerges,20.245,20.745732255166217
BlackBeenie/Neos-Gemma-2-9b,25.475663495967385,2024-11-11,apache-2.0,"💬 chat models (RLHF, DPO, IFT, ...)",9.242,62.60557053009883
BlackBeenie/Neos-Llama-3.1-8B,19.51217705998031,2024-11-12,apache-2.0,"💬 chat models (RLHF, DPO, IFT, ...)",8.03,43.863432165318955
BlackBeenie/Neos-Llama-3.1-base,3.968794754491314,2024-11-11,,"💬 chat models (RLHF, DPO, IFT, ...)",4.65,6.460017969451933
BlackBeenie/Neos-Phi-3-14B-v0.1,27.032306783654636,2024-11-27,apache-2.0,"💬 chat models (RLHF, DPO, IFT, ...)",13.96,69.50584007187781
BlackBeenie/llama-3-luminous-merged,21.618577268829103,2024-10-11,,🤝 base merges and moerges,8.03,57.268643306379154
BlackBeenie/llama-3.1-8B-Galore-openassistant-guanaco,18.37421537036845,2024-10-19,,🔶 fine-tuned on domain-specific datasets,8.03,52.79424977538185
Bllossom/llama-3.2-Korean-Bllossom-AICA-5B,19.01285199149148,2024-12-16,llama3.2,🔶 fine-tuned on domain-specific datasets,5.199,45.45372866127583
BoltMonkey/DreadMix,28.76173172145654,2024-10-13,,🤝 base merges and moerges,8.03,69.80233602875113
BoltMonkey/NeuralDaredevil-SuperNova-Lite-7B-DARETIES-abliterated,27.776634015071924,2024-10-10,llama3.1,🤝 base merges and moerges,8.03,53.944294699011685
BoltMonkey/NeuralDaredevil-SuperNova-Lite-7B-DARETIES-abliterated,21.345510590269537,2024-10-01,llama3.1,🔶 fine-tuned on domain-specific datasets,8.03,53.944294699011685
BoltMonkey/SuperNeuralDreadDevil-8b,27.11105496878025,2024-10-13,,🤝 base merges and moerges,8.03,63.53998203054807
BrainWave-ML/llama3.2-3B-maths-orpo,5.07608283209792,2024-10-24,apache-2.0,🔶 fine-tuned on domain-specific datasets,3.0,11.024258760107815
BramVanroy/GEITje-7B-ultra,11.02289881921654,2024-10-28,cc-by-nc-4.0,"💬 chat models (RLHF, DPO, IFT, ...)",7.242,21.9047619047619
BramVanroy/fietje-2,9.140300477810824,2024-10-28,mit,🟩 continuously pretrained,2.78,20.188679245283016
BramVanroy/fietje-2-chat,10.615455210257904,2024-10-28,mit,"💬 chat models (RLHF, DPO, IFT, ...)",2.775,20.071877807726864
BramVanroy/fietje-2-instruct,10.48571837435655,2024-10-28,mit,"💬 chat models (RLHF, DPO, IFT, ...)",2.775,18.265947888589398
CYFRAGOVPL/Llama-PLLuM-8B-base,14.51887667865397,2025-02-28,llama3.1,🟩 continuously pretrained,8.03,37.03504043126685
CYFRAGOVPL/Llama-PLLuM-8B-chat,14.61481701543444,2025-02-28,llama3.1,"💬 chat models (RLHF, DPO, IFT, ...)",8.03,36.38814016172507
CYFRAGOVPL/PLLuM-12B-base,14.667469455106152,2025-02-28,apache-2.0,🟩 continuously pretrained,12.248,39.97304582210242
CYFRAGOVPL/PLLuM-12B-chat,15.34838688249824,2025-02-28,apache-2.0,"💬 chat models (RLHF, DPO, IFT, ...)",12.248,34.330637915543576
CYFRAGOVPL/PLLuM-12B-nc-base,11.421222164941392,2025-02-28,cc-by-nc-4.0,🟩 continuously pretrained,12.248,26.657681940700805
CYFRAGOVPL/PLLuM-12B-nc-chat,14.598342751082509,2025-02-28,cc-by-nc-4.0,"💬 chat models (RLHF, DPO, IFT, ...)",12.248,40.13477088948787
CarrotAI/Llama-3.2-Rabbit-Ko-3B-Instruct,23.50945092474288,2024-12-20,llama3.2,"💬 chat models (RLHF, DPO, IFT, ...)",3.213,39.721473495058405
CarrotAI/Llama-3.2-Rabbit-Ko-3B-Instruct-2412,20.301755342918195,2024-12-19,llama3.2,"💬 chat models (RLHF, DPO, IFT, ...)",3.213,50.062893081761004
Casual-Autopsy/L3-Umbral-Mind-RP-v2.0-8B,25.899338809216697,2024-07-02,llama3,🤝 base merges and moerges,8.03,57.61904761904761
CausalLM/14B,17.235580154596317,2024-06-12,wtfpl,🔶 fine-tuned on domain-specific datasets,14.0,45.732255166217435
CausalLM/34b-beta,23.29783304542188,2024-06-26,gpl-3.0,🔶 fine-tuned on domain-specific datasets,34.389,59.649595687331534
CausalLM/preview-1-hf,16.706753161023286,2025-01-26,,🔶 fine-tuned on domain-specific datasets,9.543,33.53099730458221
Changgil/K2S3-14b-v0.2,15.275784761251336,2024-06-27,cc-by-nc-4.0,🔶 fine-tuned on domain-specific datasets,14.352,37.96945193171609
Changgil/K2S3-v0.1,14.839283995827836,2024-06-27,cc-by-nc-4.0,🔶 fine-tuned on domain-specific datasets,14.352,35.73225516621743
ClaudioItaly/Albacus,20.505574062384014,2024-09-08,mit,🤝 base merges and moerges,8.987,49.30817610062893
ClaudioItaly/Book-Gut12B,23.39409811229197,2024-09-17,mit,🤝 base merges and moerges,12.248,65.1392632524708
ClaudioItaly/Evolutionstory-7B-v2.2,20.810835332574907,2024-09-01,mit,🤝 base merges and moerges,7.242,50.20664869721473
ClaudioItaly/intelligence-cod-rag-7b-v3,31.836966345244434,2024-12-02,mit,🔶 fine-tuned on domain-specific datasets,7.616,63.18957771787961
CohereForAI/aya-23-35B,24.755408446939654,2024-06-12,cc-by-nc-4.0,"💬 chat models (RLHF, DPO, IFT, ...)",34.981,58.75112309074573
CohereForAI/aya-23-8B,16.010983148168723,2024-06-12,cc-by-nc-4.0,"💬 chat models (RLHF, DPO, IFT, ...)",8.028,37.133872416891286
CohereForAI/aya-expanse-32b,29.71851012657705,2024-10-24,cc-by-nc-4.0,"💬 chat models (RLHF, DPO, IFT, ...)",32.296,71.23090745732256
CohereForAI/aya-expanse-8b,22.406573697993498,2024-10-24,cc-by-nc-4.0,"💬 chat models (RLHF, DPO, IFT, ...)",8.028,51.36567834681042
CohereForAI/c4ai-command-r-plus,30.936070612618508,2024-06-13,cc-by-nc-4.0,"💬 chat models (RLHF, DPO, IFT, ...)",103.811,76.92722371967655
CohereForAI/c4ai-command-r-plus-08-2024,33.647474595578004,2024-09-19,cc-by-nc-4.0,"💬 chat models (RLHF, DPO, IFT, ...)",103.811,83.80053908355795
CohereForAI/c4ai-command-r-v01,25.929031834951832,2024-06-13,cc-by-nc-4.0,"💬 chat models (RLHF, DPO, IFT, ...)",34.981,60.017969451931705
CohereForAI/c4ai-command-r7b-12-2024,31.61752928799648,2024-12-20,cc-by-nc-4.0,"💬 chat models (RLHF, DPO, IFT, ...)",8.028,73.59389038634322
Columbia-NLP/LION-Gemma-2b-dpo-v1.0,11.483994762243412,2024-07-04,,"💬 chat models (RLHF, DPO, IFT, ...)",2.506,30.808625336927225
Columbia-NLP/LION-Gemma-2b-dpo-v1.0,11.26209259662469,2024-07-04,,"💬 chat models (RLHF, DPO, IFT, ...)",2.506,30.808625336927225
Columbia-NLP/LION-Gemma-2b-odpo-v1.0,11.897378852943028,2024-07-13,,"💬 chat models (RLHF, DPO, IFT, ...)",2.506,31.743036837376465
Columbia-NLP/LION-Gemma-2b-sft-v1.0,12.60325045021582,2024-07-04,,"💬 chat models (RLHF, DPO, IFT, ...)",2.506,31.922731356693628
Columbia-NLP/LION-LLaMA-3-8b-dpo-v1.0,21.78540431507501,2024-07-04,,"💬 chat models (RLHF, DPO, IFT, ...)",8.03,51.91374663072775
Columbia-NLP/LION-LLaMA-3-8b-odpo-v1.0,19.85320809199725,2024-07-04,,"💬 chat models (RLHF, DPO, IFT, ...)",8.03,48.16711590296496
Columbia-NLP/LION-LLaMA-3-8b-sft-v1.0,20.74886229970928,2024-07-04,,"💬 chat models (RLHF, DPO, IFT, ...)",8.03,53.54896675651393
CombinHorizon/Josiefied-abliteratedV4-Qwen2.5-14B-Inst-BaseMerge-TIES,41.765081012881176,2024-12-07,apache-2.0,🤝 base merges and moerges,14.77,72.65947888589398
CombinHorizon/Rombos-Qwen2.5-7B-Inst-BaseMerge-TIES,35.36673047341537,2024-10-29,apache-2.0,🤝 base merges and moerges,7.616,59.94609164420485
CombinHorizon/YiSM-blossom5.1-34B-SLERP,31.37993020523676,2024-08-27,apache-2.0,🤝 base merges and moerges,34.389,80.92542677448338
CombinHorizon/huihui-ai-abliterated-Qwen2.5-32B-Inst-BaseMerge-TIES,45.6578470977455,2024-12-07,apache-2.0,🤝 base merges and moerges,32.764,76.12758310871519
CombinHorizon/huihui-ai-abliteratedV2-Qwen2.5-14B-Inst-BaseMerge-TIES,41.46621085774212,2024-12-07,apache-2.0,🤝 base merges and moerges,14.77,71.49146451033243
CombinHorizon/zetasepic-abliteratedV2-Qwen2.5-32B-Inst-BaseMerge-TIES,46.76362120574333,2024-12-20,apache-2.0,🤝 base merges and moerges,32.764,78.84097035040432
ContactDoctor/Bio-Medical-3B-CoT-012025,18.73071055946323,2025-01-15,other,🔶 fine-tuned on domain-specific datasets,3.085,41.44654088050315
ContactDoctor/Bio-Medical-Llama-3-8B,19.91745266981443,2024-12-24,other,🔶 fine-tuned on domain-specific datasets,4.015,51.18598382749327
CoolSpring/Qwen2-0.5B-Abyme,4.999994251217356,2024-09-04,apache-2.0,"💬 chat models (RLHF, DPO, IFT, ...)",0.494,11.752021563342318
CoolSpring/Qwen2-0.5B-Abyme-merge2,6.320258162859158,2024-07-27,apache-2.0,🤝 base merges and moerges,0.63,16.127583108715186
CoolSpring/Qwen2-0.5B-Abyme-merge3,6.8201960830112,2024-07-27,apache-2.0,🤝 base merges and moerges,0.63,16.316262353998205
Corianas/Neural-Mistral-7B,18.200438567718397,2024-12-06,apache-2.0,"💬 chat models (RLHF, DPO, IFT, ...)",7.242,40.35040431266846
Corianas/Quokka_2.7b,4.995249580966088,2024-12-05,apache-2.0,🔶 fine-tuned on domain-specific datasets,2.786,14.150943396226415
Corianas/llama-3-reactor,13.99546972704566,2024-07-23,apache-2.0,🔶 fine-tuned on domain-specific datasets,,38.265947888589395
CortexLM/btlm-7b-base-v0.2,8.920254930681883,2024-06-26,mit,🟢 pretrained,6.885,20.799640610961365
Cran-May/SCE-2-24B,31.951539780759408,2025-02-04,,"💬 chat models (RLHF, DPO, IFT, ...)",23.572,82.02156334231806
Cran-May/SCE-3-24B,30.620429636223,2025-02-04,,"💬 chat models (RLHF, DPO, IFT, ...)",23.572,79.95507637017072
Cran-May/T.E-8.1,35.699515240521414,2024-09-29,cc-by-nc-sa-4.0,"💬 chat models (RLHF, DPO, IFT, ...)",7.616,74.83378256963164
Cran-May/merge_model_20250308_2,40.25753367174487,2025-03-08,,🤝 base merges and moerges,14.766,92.06648697214736
Cran-May/merge_model_20250308_3,33.22959855955027,2025-03-08,,🤝 base merges and moerges,14.766,81.32075471698114
Cran-May/merge_model_20250308_4,37.569693940140574,2025-03-08,,🤝 base merges and moerges,14.766,88.29290206648697
Cran-May/tempmotacilla-cinerea-0308,43.6405549503723,2025-03-09,,"💬 chat models (RLHF, DPO, IFT, ...)",14.766,90.30548068283917
CreitinGameplays/Llama-3.1-8B-R1-v0.1,10.034841772545372,2025-03-10,mit,🔶 fine-tuned on domain-specific datasets,8.03,27.358490566037734
CultriX/Qwen2.5-14B-Broca,37.92450077102951,2024-12-23,,🤝 base merges and moerges,14.766,89.7663971248877
CultriX/Qwen2.5-14B-BrocaV9,39.25874716685152,2025-01-10,,🤝 base merges and moerges,14.766,89.35309973045821
CultriX/Qwen2.5-14B-Brocav3,39.84683205575066,2024-12-23,,🤝 base merges and moerges,14.766,90.23360287511231
CultriX/Qwen2.5-14B-Brocav6,39.840730335689976,2024-12-23,,🤝 base merges and moerges,14.766,89.98203054806827
CultriX/Qwen2.5-14B-Brocav7,39.61737991043984,2024-12-23,,🔶 fine-tuned on domain-specific datasets,14.766,90.05390835579514
CultriX/Qwen2.5-14B-Emerged,37.95214334488745,2024-12-19,,🤝 base merges and moerges,14.766,88.96675651392633
CultriX/Qwen2.5-14B-Emergedv3,38.65629185173199,2024-12-21,,🤝 base merges and moerges,14.766,86.58580413297395
CultriX/Qwen2.5-14B-FinalMerge,32.23626965408581,2024-12-23,,🤝 base merges and moerges,14.766,76.12758310871519
CultriX/Qwen2.5-14B-Hyper,37.76193504060264,2025-01-19,,🤝 base merges and moerges,14.766,89.5058400718778
CultriX/Qwen2.5-14B-HyperMarck-dl,39.89416756441815,2025-02-16,apache-2.0,🤝 base merges and moerges,14.766,87.45732255166216
CultriX/Qwen2.5-14B-Hyperionv3,39.76212059640138,2025-01-19,,🤝 base merges and moerges,14.766,90.97933513027853
CultriX/Qwen2.5-14B-Hyperionv4,37.67001853618524,2025-01-19,,🤝 base merges and moerges,14.766,89.4878706199461
CultriX/Qwen2.5-14B-Hyperionv5,39.72496970046036,2025-01-19,,🤝 base merges and moerges,14.766,90.13477088948787
CultriX/Qwen2.5-14B-MegaMerge-pt2,38.79652976123104,2024-10-25,,🤝 base merges and moerges,14.766,89.29919137466308
CultriX/Qwen2.5-14B-MergeStock,38.74423639967271,2024-10-24,,🤝 base merges and moerges,14.766,88.79604672057503
CultriX/Qwen2.5-14B-ReasoningMerge,40.64588590091172,2025-02-18,apache-2.0,🤝 base merges and moerges,14.766,89.97304582210242
CultriX/Qwen2.5-14B-Ultimav2,38.835600416037856,2025-02-05,apache-2.0,🤝 base merges and moerges,14.766,90.97933513027851
CultriX/Qwen2.5-14B-Unity,38.29922923584618,2024-12-21,,🤝 base merges and moerges,14.766,83.56693620844564
CultriX/Qwen2.5-14B-Wernicke,37.94335063991926,2024-10-22,apache-2.0,🤝 base merges and moerges,14.77,88.95777178796047
CultriX/Qwen2.5-14B-Wernicke-SFT,33.549511791224056,2024-11-17,apache-2.0,🔶 fine-tuned on domain-specific datasets,14.77,76.90026954177897
CultriX/Qwen2.5-14B-Wernicke-SLERP,36.5436519453458,2024-10-25,,🤝 base merges and moerges,14.491,75.0943396226415
CultriX/Qwen2.5-14B-Wernickev3,38.38114202702078,2024-12-19,,🤝 base merges and moerges,14.766,89.31716082659479
CultriX/Qwen2.5-14B-partialmergept1,39.10871735916122,2025-01-19,,🤝 base merges and moerges,14.766,86.45103324348608
CultriX/Qwenfinity-2.5-14B,32.322008098684286,2024-12-23,,🤝 base merges and moerges,14.766,77.13387241689128
CultriX/Qwestion-14B,38.54922603408469,2024-11-23,,🤝 base merges and moerges,14.766,89.43396226415096
CultriX/SeQwence-14B,36.886272868734814,2024-11-20,apache-2.0,🔶 fine-tuned on domain-specific datasets,14.766,87.8167115902965
CultriX/SeQwence-14B-EvolMerge,38.018640895247245,2024-11-27,apache-2.0,🤝 base merges and moerges,14.766,89.7214734950584
CultriX/SeQwence-14B-EvolMergev1,38.4634621004166,2024-11-27,,🤝 base merges and moerges,14.766,88.58939802336029
CultriX/SeQwence-14B-v5,37.60854208566567,2024-11-18,,🤝 base merges and moerges,14.766,89.43396226415095
CultriX/SeQwence-14Bv1,38.625628460880606,2024-11-27,apache-2.0,🤝 base merges and moerges,14.766,89.37106918238995
CultriX/SeQwence-14Bv2,38.74007503457753,2024-12-08,,🤝 base merges and moerges,14.766,85.74123989218329
CultriX/SeQwence-14Bv3,38.665815540663296,2024-11-27,,🤝 base merges and moerges,14.766,86.01976639712488
DRXD1000/Atlas-7B,8.78657746420255,2024-12-10,apache-2.0,🔶 fine-tuned on domain-specific datasets,7.768,17.28661275831087
DRXD1000/Phoenix-7B,12.420154178714036,2024-12-11,apache-2.0,🔶 fine-tuned on domain-specific datasets,7.242,28.706199460916444
DUAL-GPO/zephyr-7b-ipo-0k-15k-i1,15.492947659683166,2024-09-22,,"💬 chat models (RLHF, DPO, IFT, ...)",14.483,41.95867026055705
DZgas/GIGABATEMAN-7B,20.47146897335566,2024-09-15,,🤝 base merges and moerges,7.242,52.93800539083557
Daemontatox/AetherDrake-SFT,22.91796073644076,2024-12-25,apache-2.0,🔶 fine-tuned on domain-specific datasets,8.03,59.80233602875112
Daemontatox/AetherSett,31.420122512312307,2024-12-30,apache-2.0,🔶 fine-tuned on domain-specific datasets,7.616,77.6190476190476
Daemontatox/AetherTOT,23.178825097337903,2024-12-28,apache-2.0,🔶 fine-tuned on domain-specific datasets,10.67,63.05480682839174
Daemontatox/AetherTOT,22.874708418571885,2024-12-28,apache-2.0,🌸 multimodal,10.67,63.05480682839174
Daemontatox/AetherUncensored,18.37486391721989,2025-01-09,,🔶 fine-tuned on domain-specific datasets,8.03,40.60197663971248
Daemontatox/Cogito-MIS,11.081961864729385,2025-02-18,,🔶 fine-tuned on domain-specific datasets,23.572,29.39802336028751
Daemontatox/CogitoDistil,17.180474194347855,2025-01-22,,🔶 fine-tuned on domain-specific datasets,7.616,31.82389937106918
Daemontatox/CogitoZ,39.383291042826805,2025-02-13,apache-2.0,🔶 fine-tuned on domain-specific datasets,32.764,88.3108715184187
Daemontatox/CogitoZ14,34.383430079600444,2025-01-07,,🔶 fine-tuned on domain-specific datasets,14.77,75.22012578616352
Daemontatox/DocumentCogito,24.220439046588428,2025-01-16,apache-2.0,🌸 multimodal,10.67,63.27942497753818
Daemontatox/DocumentCogito,29.10815605844729,2025-03-09,apache-2.0,🌸 multimodal,10.67,63.27942497753818
Daemontatox/Llama3.3-70B-CogniLink,42.77471354959223,2025-03-02,apache-2.0,🔶 fine-tuned on domain-specific datasets,70.554,93.36927223719677
Daemontatox/Llama_cot,27.115741618463783,2025-03-09,,🌸 multimodal,10.67,60.35040431266846
Daemontatox/MawaredT1,29.23129822157277,2025-01-02,apache-2.0,🔶 fine-tuned on domain-specific datasets,7.616,73.44115004492363
Daemontatox/Mini_QwQ,30.832499483820992,2025-01-16,,🔶 fine-tuned on domain-specific datasets,7.616,76.00179694519316
Daemontatox/NemoR,18.07399800099431,2024-12-31,,🔶 fine-tuned on domain-specific datasets,6.124,50.044923629829285
Daemontatox/PathFinderAI2.0,36.25665231066442,2025-01-21,apache-2.0,🔶 fine-tuned on domain-specific datasets,32.764,88.40970350404312
Daemontatox/PathFinderAi3.0,40.45869427281298,2025-01-21,apache-2.0,🔶 fine-tuned on domain-specific datasets,32.764,89.79335130278527
Daemontatox/PathfinderAI,38.13131352504058,2024-12-25,apache-2.0,🔶 fine-tuned on domain-specific datasets,32.764,87.7717879604672
Daemontatox/PathfinderAI,36.54876805856116,2024-12-30,apache-2.0,🔶 fine-tuned on domain-specific datasets,32.764,87.7717879604672
Daemontatox/Phi-4-COT,26.128818323637788,2025-01-11,,🔶 fine-tuned on domain-specific datasets,14.66,72.20125786163521
Daemontatox/PixelParse_AI,22.92506088584278,2024-12-29,apache-2.0,🌸 multimodal,10.67,61.74303683737645
Daemontatox/RA2.0,23.232562711526068,2025-01-01,,🔶 fine-tuned on domain-specific datasets,7.616,55.9119496855346
Daemontatox/RA_Reasoner,29.20800259079704,2024-12-25,apache-2.0,🔶 fine-tuned on domain-specific datasets,10.306,72.97394429469902
Daemontatox/RA_Reasoner2.0,29.039667218867848,2024-12-29,apache-2.0,🔶 fine-tuned on domain-specific datasets,10.306,71.81491464510333
Daemontatox/ReasonTest,25.858232794071,2024-12-31,,🔶 fine-tuned on domain-specific datasets,3.808,69.96406109613656
Daemontatox/Research_PathfinderAI,9.365878628802648,2025-02-21,,🔶 fine-tuned on domain-specific datasets,1.777,21.79694519317161
Daemontatox/SphinX,29.87478015820759,2024-12-31,apache-2.0,🔶 fine-tuned on domain-specific datasets,7.616,74.6900269541779
Daemontatox/Sphinx2.0,37.69418546772203,2024-12-30,apache-2.0,🔶 fine-tuned on domain-specific datasets,14.77,69.937106918239
Daemontatox/TinySphinx,8.167167127412911,2024-12-31,,🔶 fine-tuned on domain-specific datasets,0.247,19.69451931716083
Daemontatox/TinySphinx2.0,7.583926718324835,2024-12-31,,🔶 fine-tuned on domain-specific datasets,0.247,20.566037735849054
Daemontatox/Zirel-7B-Math,30.97662500003112,2025-02-28,apache-2.0,🔶 fine-tuned on domain-specific datasets,7.616,80.80862533692722
Daemontatox/Zirel_1.5,14.243506396749902,2025-03-04,apache-2.0,🔶 fine-tuned on domain-specific datasets,1.544,33.88140161725068
Daemontatox/mini-Cogito-R1,11.629717650498437,2025-02-22,apache-2.0,🔶 fine-tuned on domain-specific datasets,1.777,32.94699011680144
Daemontatox/mini_Pathfinder,19.872595162464076,2025-01-20,,🔶 fine-tuned on domain-specific datasets,7.616,37.16981132075472
Dampfinchen/Llama-3.1-8B-Ultra-Instruct,30.159277021889157,2024-08-26,llama3,🤝 base merges and moerges,8.03,67.17879604672058
Danielbrdz/Barcenas-10b,31.870970597687855,2025-01-06,apache-2.0,🔶 fine-tuned on domain-specific datasets,10.306,78.81401617250674
Danielbrdz/Barcenas-14b-Phi-3-medium-ORPO,31.88950498581046,2024-08-13,mit,"💬 chat models (RLHF, DPO, IFT, ...)",13.96,79.8472596585804
Danielbrdz/Barcenas-14b-phi-4,28.746056207730017,2025-01-26,mit,🔶 fine-tuned on domain-specific datasets,14.66,78.56244384546271
Danielbrdz/Barcenas-14b-phi-4-v2,31.447866315089907,2025-02-05,mit,🔶 fine-tuned on domain-specific datasets,14.66,80.2785265049416
Danielbrdz/Barcenas-3b-GRPO,20.5654768779582,2025-02-08,llama3.2,🔶 fine-tuned on domain-specific datasets,3.213,46.60377358490566
Danielbrdz/Barcenas-Llama3-8b-ORPO,26.51900505359198,2024-06-29,other,"💬 chat models (RLHF, DPO, IFT, ...)",8.03,64.79784366576818
Danielbrdz/Barcenas-R1-Qwen-1.5b,15.138858570183295,2025-01-26,mit,🔶 fine-tuned on domain-specific datasets,1.777,39.721473495058405
Dans-DiscountModels/12b-mn-dans-reasoning-test-2,15.564777531713789,2025-03-07,,🔶 fine-tuned on domain-specific datasets,12.248,37.03504043126684
Dans-DiscountModels/12b-mn-dans-reasoning-test-3,19.13127211265294,2025-03-10,,🔶 fine-tuned on domain-specific datasets,12.248,46.81940700808625
Dans-DiscountModels/Dans-Instruct-CoreCurriculum-12b-ChatML,13.542857676063695,2024-09-04,apache-2.0,🔶 fine-tuned on domain-specific datasets,12.248,47.906558849955076
Dans-DiscountModels/Dans-Instruct-Mix-8b-ChatML,13.521356471467334,2024-09-14,,🔶 fine-tuned on domain-specific datasets,8.03,38.16711590296495
Dans-DiscountModels/Dans-Instruct-Mix-8b-ChatML-V0.1.0,13.074906766382025,2024-09-20,,🔶 fine-tuned on domain-specific datasets,8.03,36.00179694519317
Dans-DiscountModels/Dans-Instruct-Mix-8b-ChatML-V0.1.1,13.349347006636378,2024-09-23,,🔶 fine-tuned on domain-specific datasets,8.03,36.720575022461816
Dans-DiscountModels/Dans-Instruct-Mix-8b-ChatML-V0.2.0,19.08185593143887,2024-09-30,,🔶 fine-tuned on domain-specific datasets,8.03,42.04851752021563
Dans-DiscountModels/Mistral-7b-v0.3-Test-E0.7,19.169864255303853,2024-11-15,,🔶 fine-tuned on domain-specific datasets,7.0,45.53459119496855
Dans-DiscountModels/mistral-7b-test-merged,22.073339331094918,2024-11-30,apache-2.0,🔶 fine-tuned on domain-specific datasets,7.0,47.82569631626236
Darkknight535/OpenCrystal-12B-L3,20.685476383122637,2024-08-26,,🤝 base merges and moerges,11.52,52.16531895777179
DavidAU/DeepHermes-3-Llama-3-8B-Preview-16.5B-Brainstorm,18.4525815482333,2025-03-10,,🔶 fine-tuned on domain-specific datasets,16.537,49.748427672955984
DavidAU/DeepSeek-BlackRoot-R1-Distill-Llama-3.1-8B,19.075555358413183,2025-03-10,,🔶 fine-tuned on domain-specific datasets,8.03,53.9802336028751
DavidAU/DeepSeek-Grand-Horror-SMB-R1-Distill-Llama-3.1-16B,14.762746148661485,2025-03-10,,🔶 fine-tuned on domain-specific datasets,15.664,43.19856244384546
DavidAU/DeepSeek-MOE-4X8B-R1-Distill-Llama-3.1-Deep-Thinker-Uncensored-24B,20.033732738998072,2025-03-10,,🔶 fine-tuned on domain-specific datasets,24.942,56.66666666666666
DavidAU/DeepSeek-MOE-4X8B-R1-Distill-Llama-3.1-Mad-Scientist-24B,18.80531524670597,2025-03-10,,🔶 fine-tuned on domain-specific datasets,24.942,54.034141958670254
DavidAU/DeepSeek-R1-Distill-Qwen-25.5B-Brainstorm,35.28187768500508,2025-03-10,,🔶 fine-tuned on domain-specific datasets,25.506,83.1266846361186
DavidAU/DeepSeek-V2-Grand-Horror-SMB-R1-Distill-Llama-3.1-Uncensored-16.5B,15.169195541253533,2025-03-10,,🔶 fine-tuned on domain-specific datasets,16.537,42.6325247079964
DavidAU/DeepThought-MOE-8X3B-R1-Llama-3.2-Reasoning-18B,16.128174383829172,2025-03-10,,🔶 fine-tuned on domain-specific datasets,18.405,37.708894878706204
DavidAU/Gemma-The-Writer-9B,20.57119536629256,2025-01-11,,🤝 base merges and moerges,10.159,52.79424977538185
DavidAU/Gemma-The-Writer-DEADLINE-10B,21.6766411356942,2025-01-11,,🤝 base merges and moerges,10.952,57.78077268643306
DavidAU/Gemma-The-Writer-J.GutenBerg-10B,22.350742726448782,2025-01-11,,🤝 base merges and moerges,10.034,61.221922731356685
DavidAU/Gemma-The-Writer-Mighty-Sword-9B,32.033823768599724,2025-01-11,,🤝 base merges and moerges,10.159,66.7475292003594
DavidAU/Gemma-The-Writer-N-Restless-Quill-10B-Uncensored,31.67934579653929,2025-01-11,,🤝 base merges and moerges,10.034,66.26235399820305
DavidAU/L3-DARKEST-PLANET-16.5B,24.265056044870743,2025-01-11,,🤝 base merges and moerges,16.537,56.486972147349505
DavidAU/L3-Dark-Planet-8B,20.469184056256054,2024-09-12,,🔶 fine-tuned on domain-specific datasets,8.03,50.38634321653189
DavidAU/L3-Jamet-12.2B-MK.V-Blackroot-Instruct,17.857043217965458,2024-09-04,,🔶 fine-tuned on domain-specific datasets,12.174,42.86612758310872
DavidAU/L3-Lumimaid-12.2B-v0.1-OAS-Instruct,17.831555665481403,2024-09-12,,🔶 fine-tuned on domain-specific datasets,12.174,44.07008086253369
DavidAU/L3-SMB-Instruct-12.2B-F32,18.90163889043809,2024-09-12,,🔶 fine-tuned on domain-specific datasets,12.174,45.54357592093441
DavidAU/L3-Stheno-Maid-Blackroot-Grand-HORROR-16B,17.197491298716887,2024-09-04,,🔶 fine-tuned on domain-specific datasets,16.537,39.81132075471698
DavidAU/L3-Stheno-v3.2-12.2B-Instruct,18.73968028525321,2024-09-12,,🔶 fine-tuned on domain-specific datasets,12.174,45.39083557951483
DavidAU/L3.1-Dark-Planet-SpinFire-Uncensored-8B,24.710302269160096,2025-01-11,,🤝 base merges and moerges,8.03,53.77358490566038
DavidAU/L3.1-MOE-2X8B-Deepseek-DeepHermes-e32-uncensored-abliterated-13.7B,19.615401464984767,2025-03-10,,🔶 fine-tuned on domain-specific datasets,13.668,50.15274034141958
DavidAU/Qwen2.5-MOE-2X1.5B-DeepSeek-Uncensored-Censored-4B,5.120376565217631,2025-03-10,,🔶 fine-tuned on domain-specific datasets,4.089,15.148247978436657
DavidAU/Qwen2.5-MOE-2X7B-DeepSeek-Abliterated-Censored-19B,13.021728019791546,2025-03-10,,🔶 fine-tuned on domain-specific datasets,19.022,36.486972147349505
DavidAU/Qwen2.5-MOE-6x1.5B-DeepSeek-Reasoning-e32,6.418592963200898,2025-03-10,,🔶 fine-tuned on domain-specific datasets,8.714,16.78346810422282
Davidsv/SUONG-1,5.32234226282347,2025-02-14,,🤝 base merges and moerges,2.879,9.389038634321652
DavieLion/Llama-3.2-1B-SPIN-iter0,3.6238167467938993,2024-12-29,llama3.2,🔶 fine-tuned on domain-specific datasets,1.236,7.834681042228212
DavieLion/Llama-3.2-1B-SPIN-iter0,3.985688359677067,2024-12-29,llama3.2,🔶 fine-tuned on domain-specific datasets,1.236,7.834681042228212
DavieLion/Llama-3.2-1B-SPIN-iter1,3.7519748574168585,2024-12-29,llama3.2,🔶 fine-tuned on domain-specific datasets,1.236,8.526504941599281
DavieLion/Llama-3.2-1B-SPIN-iter2,3.658145708347315,2024-12-29,llama3.2,🔶 fine-tuned on domain-specific datasets,1.236,8.005390835579513
DavieLion/Llama-3.2-1B-SPIN-iter3,3.593140598286666,2024-12-29,llama3.2,🔶 fine-tuned on domain-specific datasets,1.236,7.286612758310872
DavieLion/Llama-3.2-1B-SPIN-iter3,3.6136899611836006,2024-12-29,llama3.2,🔶 fine-tuned on domain-specific datasets,1.236,7.286612758310872
DavieLion/Lllma-3.2-1B,3.932331961262434,2024-12-27,llama3.2,🔶 fine-tuned on domain-specific datasets,1.236,7.825696316262352
DebateLabKIT/Llama-3.1-Argunaut-1-8B-SFT,24.113556306971883,2025-01-02,llama3.1,🔶 fine-tuned on domain-specific datasets,8.03,59.038634321653184
Deci/DeciLM-7B,15.023477940437225,2024-06-12,apache-2.0,🟢 pretrained,7.044,42.94699011680144
Deci/DeciLM-7B-instruct,17.470092220993035,2024-06-12,apache-2.0,"💬 chat models (RLHF, DPO, IFT, ...)",7.044,40.64690026954179
DeepAutoAI/Explore_Llama-3.1-8B-Inst,28.926700693431915,2024-10-09,apache-2.0,🤝 base merges and moerges,8.03,63.737646001796946
DeepAutoAI/Explore_Llama-3.2-1B-Inst,13.897376870733368,2024-10-09,apache-2.0,🤝 base merges and moerges,1.236,28.724168912848164
DeepAutoAI/Explore_Llama-3.2-1B-Inst_v0,13.359085066778022,2024-10-08,,🤝 base merges and moerges,1.236,27.84366576819407
DeepAutoAI/Explore_Llama-3.2-1B-Inst_v1,10.921433609301348,2024-10-08,apache-2.0,🤝 base merges and moerges,1.236,22.407906558849955
DeepAutoAI/Explore_Llama-3.2-1B-Inst_v1.1,14.311829325717667,2024-10-17,apache-2.0,🤝 base merges and moerges,1.236,23.746630727762806
DeepAutoAI/causal_gpt2,6.032059300937514,2024-10-17,,🤝 base merges and moerges,0.124,19.901168014375557
DeepAutoAI/d2nwg_Llama-3.1-8B-Instruct-v0.0,29.33896549450444,2024-09-10,,🤝 base merges and moerges,8.03,65.17520215633424
DeepAutoAI/d2nwg_causal_gpt2,6.305441322097188,2024-10-18,,🤝 base merges and moerges,0.124,20.224618149146455
DeepAutoAI/d2nwg_causal_gpt2_v1,6.419565742614277,2024-10-19,,🤝 base merges and moerges,0.124,20.20664869721473
DeepAutoAI/ldm_soup_Llama-3.1-8B-Inst,29.85905810866196,2024-10-09,apache-2.0,🤝 base merges and moerges,8.03,67.27762803234502
DeepAutoAI/ldm_soup_Llama-3.1-8B-Instruct-v0.0,29.73524433069372,2024-09-15,,🤝 base merges and moerges,8.03,66.35220125786164
DeepAutoAI/ldm_soup_Llama-3.1-8B-Instruct-v0.1,29.73524433069372,2024-09-16,,🤝 base merges and moerges,8.03,66.35220125786164
DeepMount00/Lexora-Lite-3B,24.888387400166817,2024-10-20,,🔶 fine-tuned on domain-specific datasets,3.086,51.74303683737646
DeepMount00/Lexora-Lite-3B_v2,22.690213091300453,2025-02-25,,🔶 fine-tuned on domain-specific datasets,3.086,51.25786163522014
DeepMount00/Lexora-Medium-7B,25.83719802694387,2024-09-24,apache-2.0,🔶 fine-tuned on domain-specific datasets,7.616,66.91823899371069
DeepMount00/Llama-3-8b-Ita,26.7968164089867,2024-06-27,llama3,🔶 fine-tuned on domain-specific datasets,8.03,65.40880503144653
DeepMount00/Llama-3.1-8b-Ita,26.26573192518462,,,❓ other,0.0,70.75471698113206
DeepMount00/Llama-3.1-Distilled,29.631398468956544,2024-10-25,llama3,🔶 fine-tuned on domain-specific datasets,8.03,68.0952380952381
DeepMount00/Qwen2-1.5B-Ita,16.83176132950784,2025-02-28,apache-2.0,🔶 fine-tuned on domain-specific datasets,1.544,36.702605570530096
DeepMount00/Qwen2-1.5B-Ita_v2,17.07000871129109,2025-03-06,apache-2.0,🔶 fine-tuned on domain-specific datasets,1.544,37.69092542677448
DeepMount00/Qwen2-1.5B-Ita_v3,16.948513223691304,2025-03-06,apache-2.0,🔶 fine-tuned on domain-specific datasets,1.544,36.99011680143756
DeepMount00/Qwen2-1.5B-Ita_v5,17.023240512569227,2025-03-10,apache-2.0,🔶 fine-tuned on domain-specific datasets,1.544,34.88769092542678
DeepMount00/Qwen2-1.5B-Ita_v6,14.577672072316156,2025-03-10,,🤝 base merges and moerges,1.497,38.095238095238095
DeepMount00/Qwen2.5-7B-Instruct-MathCoder,4.39690970265251,2024-10-24,,🔶 fine-tuned on domain-specific datasets,7.616,12.353998203054807
DeepMount00/mergekit-ties-okvgjfz,4.39690970265251,2024-10-24,,🔶 fine-tuned on domain-specific datasets,7.616,12.353998203054807
Delta-Vector/Baldur-8B,24.191735720120548,2024-10-06,,🔶 fine-tuned on domain-specific datasets,8.0,64.69901168014376
Delta-Vector/Control-8B,25.058025917312307,2024-11-25,,🔶 fine-tuned on domain-specific datasets,8.03,67.38544474393531
Delta-Vector/Control-8B-V1.1,24.632508988415825,2024-11-25,,🔶 fine-tuned on domain-specific datasets,8.03,64.88769092542678
Delta-Vector/Darkens-8B,18.937415404374317,2024-10-06,,🔶 fine-tuned on domain-specific datasets,8.414,55.17520215633424
Delta-Vector/Henbane-7b-attempt2,23.813949980028717,2024-10-11,apache-2.0,🔶 fine-tuned on domain-specific datasets,7.0,59.38903863432166
Delta-Vector/Odin-9B,24.977112692219293,2024-10-06,,🔶 fine-tuned on domain-specific datasets,9.242,71.47349505840072
Delta-Vector/Tor-8B,18.406879108800087,2024-10-06,,🔶 fine-tuned on domain-specific datasets,8.414,53.82749326145553
DevQuasar/DevQuasar-R1-Uncensored-Llama-8B,26.432648640760963,2025-02-09,mit,🤝 base merges and moerges,8.03,70.08984725965858
Dongwei/DeepSeek-R1-Distill-Qwen-7B-GRPO,14.996461674248115,2025-02-05,,"💬 chat models (RLHF, DPO, IFT, ...)",7.616,27.978436657681943
DoppelReflEx/L3-8B-R1-WolfCore,23.481232873269377,2025-02-28,cc-by-nc-4.0,🤝 base merges and moerges,8.03,66.29829290206649
DoppelReflEx/L3-8B-R1-WolfCore-V1.5-test,22.363618284395272,2025-03-01,,🤝 base merges and moerges,8.03,59.02066486972147
DoppelReflEx/L3-8B-WolfCore,21.170086506168307,2025-02-28,,🤝 base merges and moerges,8.03,57.061994609164415
DoppelReflEx/MN-12B-FoxFrame-test,23.221061750775235,2025-02-06,,🤝 base merges and moerges,12.248,61.419586702605564
DoppelReflEx/MN-12B-FoxFrame2-test,23.639728527998752,2025-02-08,cc-by-nc-4.0,🤝 base merges and moerges,12.248,65.26504941599282
DoppelReflEx/MN-12B-FoxFrame3-test,23.94718793396009,2025-02-08,cc-by-nc-4.0,🤝 base merges and moerges,12.248,64.78885893980232
DoppelReflEx/MN-12B-Kakigori,21.69773317205639,2025-01-29,cc-by-nc-4.0,🤝 base merges and moerges,12.248,60.08984725965858
DoppelReflEx/MN-12B-LilithFrame,21.321059817195124,2025-01-29,,🔶 fine-tuned on domain-specific datasets,12.248,51.48247978436659
DoppelReflEx/MN-12B-LilithFrame,20.022540131471107,2025-01-29,,🤝 base merges and moerges,12.248,51.48247978436659
DoppelReflEx/MN-12B-LilithFrame-Experiment-2,21.002090295792478,2025-01-29,,🤝 base merges and moerges,12.248,51.141060197663975
DoppelReflEx/MN-12B-LilithFrame-Experiment-3,23.13928263244864,2025-01-29,,🤝 base merges and moerges,12.248,62.524707996406114
DoppelReflEx/MN-12B-LilithFrame-Experiment-4,23.52862068050267,2025-01-30,cc-by-nc-4.0,🤝 base merges and moerges,12.248,65.56154537286612
DoppelReflEx/MN-12B-Mimicore-GreenSnake,25.0150134402288,2025-01-27,cc-by-nc-4.0,🤝 base merges and moerges,12.248,68.30188679245283
DoppelReflEx/MN-12B-Mimicore-Nocturne,24.06630184974314,2025-03-09,cc-by-nc-4.0,🤝 base merges and moerges,12.248,67.61006289308176
DoppelReflEx/MN-12B-Mimicore-Orochi,24.65222284950452,2025-01-28,cc-by-nc-4.0,🤝 base merges and moerges,12.248,66.82839173405212
DoppelReflEx/MN-12B-Mimicore-Orochi-v2-Experiment,19.804010674590824,2025-01-28,,🤝 base merges and moerges,12.248,51.07816711590297
DoppelReflEx/MN-12B-Mimicore-Orochi-v3-Experiment,22.641023288108883,2025-01-28,,🤝 base merges and moerges,12.248,57.90655884995507
DoppelReflEx/MN-12B-Mimicore-Orochi-v4-Experiment,23.57577520136853,2025-01-28,,🤝 base merges and moerges,12.248,63.98023360287512
DoppelReflEx/MN-12B-Mimicore-WhiteSnake,25.05856000855185,2025-01-27,cc-by-nc-4.0,🤝 base merges and moerges,12.248,69.25426774483378
DoppelReflEx/MN-12B-Mimicore-WhiteSnake-v2-Experiment-1,18.86667946331972,2025-01-29,,🤝 base merges and moerges,12.248,42.51572327044025
DoppelReflEx/MN-12B-Mimicore-WhiteSnake-v2-Experiment-2,19.42254252989416,2025-01-29,,🤝 base merges and moerges,12.248,52.42587601078167
DoppelReflEx/MN-12B-Mimicore-WhiteSnake-v2-Experiment-3,19.601520651982582,2025-01-29,,🤝 base merges and moerges,12.248,42.77628032345013
DoppelReflEx/MN-12B-Mimicore-WhiteSnake-v2-Experiment-4,21.794341198490542,2025-01-29,cc-by-nc-4.0,🤝 base merges and moerges,12.248,52.42587601078167
DoppelReflEx/MN-12B-Unleashed-Twilight,22.56427237998545,2025-02-10,,🤝 base merges and moerges,12.248,65.44474393530997
DoppelReflEx/MN-12B-WolFrame,22.07871968405737,2025-02-01,cc-by-nc-4.0,🤝 base merges and moerges,12.248,55.15723270440252
DoppelReflEx/MiniusLight-24B,26.210340083042343,2025-03-04,cc-by-nc-4.0,🤝 base merges and moerges,23.572,72.39892183288408
DoppelReflEx/MiniusLight-24B-test,20.83721280671412,2025-03-04,,🤝 base merges and moerges,23.572,59.685534591194966
DoppelReflEx/MiniusLight-24B-v1b-test,32.3748943419153,2025-03-04,,🤝 base merges and moerges,23.572,83.02785265049415
DoppelReflEx/MiniusLight-24B-v1c-test,34.40831757695809,2025-03-04,cc-by-nc-4.0,🤝 base merges and moerges,23.572,85.72327044025157
DoppelReflEx/MiniusLight-24B-v1d-test,34.681949426054764,2025-03-07,cc-by-nc-4.0,🤝 base merges and moerges,23.572,86.10961365678347
DreadPoor/Again-8B-Model_Stock,26.00238758465348,2024-12-17,,🤝 base merges and moerges,4.015,61.7969451931716
DreadPoor/Alita99-8B-LINEAR,29.392264436250034,2024-11-26,apache-2.0,🤝 base merges and moerges,8.03,74.33962264150944
DreadPoor/AnotherTest,19.50517112101721,2025-01-29,,🤝 base merges and moerges,8.03,49.299191374663074
DreadPoor/Aspire-8B-model_stock,28.611281691142512,2024-09-17,cc-by-nc-4.0,🤝 base merges and moerges,8.03,70.44025157232704
DreadPoor/Aspire_1.3-8B_model-stock,28.38880221155723,2024-11-01,,🤝 base merges and moerges,8.03,68.93980233602875
DreadPoor/Aspire_V2-8B-Model_Stock,29.023157905941588,2025-01-20,,🤝 base merges and moerges,8.03,68.53548966756514
DreadPoor/Aspire_V2.1-8B-Model_Stock,28.738387280035045,2025-01-20,,🤝 base merges and moerges,8.03,70.85354896675652
DreadPoor/Aspire_V2_ALT-8B-Model_Stock,29.05989321843224,2025-01-20,,🤝 base merges and moerges,8.03,69.69451931716083
DreadPoor/Aspire_V2_ALT_ROW-8B-Model_Stock,29.05989321843224,2025-01-20,,🤝 base merges and moerges,8.03,69.69451931716083
DreadPoor/Aspire_V3-8B-Model_Stock,25.135023019694938,2025-01-21,,🤝 base merges and moerges,8.03,63.41419586702606
DreadPoor/Aspire_V4-8B-Model_Stock,29.36906658031589,2025-01-22,,🤝 base merges and moerges,8.03,67.75381850853549
DreadPoor/Aspire_V4_ALT-8B-Model_Stock,29.003526021452984,2025-01-22,,🤝 base merges and moerges,8.03,68.63432165318957
DreadPoor/Asymmetric_Linearity-8B-Model_Stock,29.34813164491316,2024-12-20,,🤝 base merges and moerges,4.015,73.8993710691824
DreadPoor/Aurora_faustus-8B-LINEAR,29.619908170064097,2024-09-26,apache-2.0,🤝 base merges and moerges,8.03,73.06379155435759
DreadPoor/Aurora_faustus-8B-LORABLATED,29.127203730886404,2024-09-29,,🤝 base merges and moerges,8.03,70.82659478885894
DreadPoor/Aurora_faustus-8B-LORABLATED_ALT,29.00968134721205,2024-09-29,,🤝 base merges and moerges,8.03,70.20664869721473
DreadPoor/Autumn_Dawn-8B-LINEAR,29.605469000443268,2025-02-01,,🤝 base merges and moerges,8.03,72.30907457322552
DreadPoor/BaeZel-8B-LINEAR,30.34681191186813,2024-11-08,apache-2.0,🤝 base merges and moerges,8.03,76.43306379155436
DreadPoor/BaeZel-8B-Model_Stock,30.021263046626203,2024-12-29,,🤝 base merges and moerges,8.03,75.0943396226415
DreadPoor/BaeZel_V2-8B-Model_Stock,30.020772741913536,2025-01-28,,🤝 base merges and moerges,8.03,73.27942497753818
DreadPoor/BaeZel_V2_ALT-8B-Model_Stock,30.020772741913536,2025-01-28,,🤝 base merges and moerges,8.03,73.27942497753818
DreadPoor/BaeZel_V3-8B-Model_Stock,30.71919480994485,2025-01-09,,🤝 base merges and moerges,8.03,76.60377358490565
DreadPoor/Blunt_Edge-8B-SLERP,29.67747863443424,2025-01-18,,🤝 base merges and moerges,8.03,73.6388140161725
DreadPoor/BulkUp,3.7903724081838015,2025-01-27,,🤝 base merges and moerges,8.03,6.442048517520216
DreadPoor/Cadence-8B-LINEAR,29.577499098320445,2025-02-25,,🤝 base merges and moerges,8.03,72.66846361185983
DreadPoor/Caelid-8B-Model_Stock,28.396110525383506,2025-01-14,,🤝 base merges and moerges,8.03,69.7035040431267
DreadPoor/Casuar-9B-Model_Stock,33.631173922201846,2024-12-21,apache-2.0,🤝 base merges and moerges,9.242,81.72506738544475
DreadPoor/Condensed_Milk-8B-Model_Stock,30.083171334394155,2024-11-27,,🤝 base merges and moerges,8.03,75.33692722371968
DreadPoor/CoolerCoder-8B-LINEAR,19.437537566560177,2024-11-20,,🤝 base merges and moerges,8.03,47.933513027852655
DreadPoor/Damasteel-8B-LINEAR,28.97747867481607,2024-11-01,,🤝 base merges and moerges,8.03,71.15902964959568
DreadPoor/Dearly_Beloved-8B-TIES,26.286760418026628,2024-11-22,,🤝 base merges and moerges,8.03,61.87780772686434
DreadPoor/Decayed-8B-LINEAR,29.71154213470467,2025-02-25,,🤝 base merges and moerges,8.03,73.67475292003593
DreadPoor/Derivative-8B-Model_Stock,30.10114939087056,2025-01-03,apache-2.0,🤝 base merges and moerges,8.03,75.28301886792454
DreadPoor/Derivative_V2-8B-Model_Stock,29.613500365543217,2025-01-07,,🤝 base merges and moerges,8.03,73.04582210242589
DreadPoor/Derivative_V2_ALT-8B-Model_Stock,30.17823315705989,2025-01-07,,🤝 base merges and moerges,8.03,74.40251572327044
DreadPoor/Derivative_V3-8B-Model_Stock,26.93055889710345,2025-01-08,,🤝 base merges and moerges,8.03,63.93530997304582
DreadPoor/Elusive_Dragon_Heart-8B-LINEAR,28.65682513548015,2024-12-18,,🤝 base merges and moerges,4.015,70.92542677448338
DreadPoor/Emu_Eggs-9B-Model_Stock,32.68321529929168,2024-10-18,,🤝 base merges and moerges,9.242,78.89487870619946
DreadPoor/Eunoia_Vespera-8B-LINEAR,28.956332369127026,2024-09-22,,🤝 base merges and moerges,8.03,72.0575022461815
DreadPoor/Fu_sion_HA-8B-SLERP,29.95901160445741,2025-01-17,,🤝 base merges and moerges,8.03,74.56424079065587
DreadPoor/HOT_STINKING_GARBAGE,21.584573242489597,2025-02-03,,🤝 base merges and moerges,8.03,51.99460916442048
DreadPoor/H_the_eighth-8B-LINEAR,30.18954140441448,2025-03-06,,🤝 base merges and moerges,8.03,75.14824797843666
DreadPoor/Happy_New_Year-8B-Model_Stock,29.722378273097977,2024-12-31,,🤝 base merges and moerges,8.03,74.06109613656783
DreadPoor/Heart_Stolen-8B-Model_Stock,29.41103592529093,2024-09-10,cc-by-nc-4.0,🤝 base merges and moerges,8.03,72.92902066486971
DreadPoor/Heart_Stolen-ALT-8B-Model_Stock,27.8678381845889,2024-09-11,,🤝 base merges and moerges,8.03,67.11590296495956
DreadPoor/Here_We_Go_Again-8B-SLERP,30.129656228309155,2024-12-31,,🤝 base merges and moerges,4.015,75.45372866127585
DreadPoor/Howdy-8B-LINEAR,29.644826479517462,2025-01-16,,🤝 base merges and moerges,8.03,72.85714285714286
DreadPoor/Incidental-8B-Model_Stock,29.5682894801915,2025-01-13,,🤝 base merges and moerges,8.03,73.58490566037736
DreadPoor/Irina-8B-model_stock,25.34985665112922,2024-08-30,,🤝 base merges and moerges,8.03,58.61635220125786
DreadPoor/Kindling-8B-Model_Stock,29.66229791748307,2025-01-26,,🤝 base merges and moerges,8.03,72.93800539083558
DreadPoor/L3.1-BaeZel-8B-Della,26.25567172776485,2024-11-15,,🤝 base merges and moerges,8.03,71.23090745732256
DreadPoor/Laughing_Stock-8B-Model_Stock,28.21250433678697,2025-01-27,,🤝 base merges and moerges,8.03,67.88858939802336
DreadPoor/Lava_Lamp-8B-SLERP,29.154893020196575,2025-01-18,,🤝 base merges and moerges,8.03,71.9496855345912
DreadPoor/LemonP-8B-Model_Stock,30.052497237216315,2025-01-19,apache-2.0,🤝 base merges and moerges,8.03,72.83018867924528
DreadPoor/Lydia_of_Whiterun-8B-LINEAR,30.10503527354818,2025-02-26,,🤝 base merges and moerges,8.03,75.17520215633424
DreadPoor/Matryoshka-8B-LINEAR,29.825025523646488,2024-12-02,,🤝 base merges and moerges,8.03,75.85804132973945
DreadPoor/Mercury_In_Retrograde-8b-Model-Stock,29.2612899751994,2024-12-03,,🤝 base merges and moerges,8.03,73.47708894878706
DreadPoor/Minthy-8B-Model_Stock,30.05298886932508,2025-01-26,,🤝 base merges and moerges,8.03,72.785265049416
DreadPoor/Minthy_ALT-8B-Model_Stock,28.422530280387416,2025-01-26,,🤝 base merges and moerges,8.03,70.91644204851751
DreadPoor/Minthy_V2-8B-Model_Stock,28.428890431570498,2025-01-26,,🤝 base merges and moerges,8.03,69.75741239892183
DreadPoor/Minus_Penus-8B-Model_Stock,29.14247782385972,2025-03-07,,🤝 base merges and moerges,8.03,70.18867924528301
DreadPoor/Morphing-8B-Model_Stock,29.281274084097088,2025-01-14,,🤝 base merges and moerges,8.03,69.6136567834681
DreadPoor/Not_Even_My_Final_Form-8B-Model_Stock,29.473061853716462,2025-01-14,,🤝 base merges and moerges,8.03,70.97933513027853
DreadPoor/Nother_One-8B-Model_Stock,26.07727131376096,2025-01-19,,🤝 base merges and moerges,8.03,59.67654986522911
DreadPoor/Noxis-8B-LINEAR,29.287317950959928,2025-03-13,,🤝 base merges and moerges,8.03,73.09973045822103
DreadPoor/Nullsworn-12B-LINEAR,23.778140361939588,2025-03-10,,🤝 base merges and moerges,12.248,65.38185085354897
DreadPoor/Nwah-8B-Model_Stock,29.720182729588192,2025-02-26,,🤝 base merges and moerges,8.03,72.02156334231806
DreadPoor/ONeil-model_stock-8B,26.935908369361425,2024-07-15,cc-by-nc-4.0,🤝 base merges and moerges,8.03,67.44833782569631
DreadPoor/Oh_Boy-8B-LINEAR,29.675174242254258,2025-01-29,,🤝 base merges and moerges,8.03,72.37196765498653
DreadPoor/OrangeJ-8B-Model_Stock,30.2188791324389,2025-01-21,,🤝 base merges and moerges,8.03,71.82389937106919
DreadPoor/Promissum_Mane-8B-LINEAR,29.099649072440133,2024-09-30,,🤝 base merges and moerges,8.03,72.14734950584007
DreadPoor/Promissum_Mane-8B-LINEAR-lorablated,28.82332716689665,2024-09-30,,🤝 base merges and moerges,8.03,70.82659478885893
DreadPoor/RPMash-8B-Model_Stock,21.700898440005755,2025-01-22,,🤝 base merges and moerges,8.03,55.25606469002695
DreadPoor/RPMash_V3-8B-Model_Stock,25.785089599589032,2025-01-25,,🤝 base merges and moerges,8.03,59.613656783468095
DreadPoor/Rusted_Gold-8B-LINEAR,29.31884390292816,2025-03-07,,🤝 base merges and moerges,8.03,71.15902964959568
DreadPoor/Rusted_Platinum-8B-LINEAR,27.83034980109748,2025-03-06,,🤝 base merges and moerges,8.03,63.55795148247978
DreadPoor/Rusted_Platinum-8B-Model_Stock,20.303818181145747,2025-03-06,,🤝 base merges and moerges,8.03,47.45732255166217
DreadPoor/Sellen-8B-model_stock,26.387643367541383,2024-08-27,,🤝 base merges and moerges,8.03,58.0503144654088
DreadPoor/Something-8B-Model_Stock,25.93310010934314,2025-01-15,,🤝 base merges and moerges,8.03,70.22461814914645
DreadPoor/Spring_Dusk-8B-SCE,26.661455778534272,2025-02-02,,🤝 base merges and moerges,8.03,65.85804132973944
DreadPoor/Summer_Dawn-8B-SCE,27.707526796543544,2025-02-02,,🤝 base merges and moerges,8.03,68.12219227313567
DreadPoor/Summer_Dusk-8B-TIES,25.70113735165475,2025-02-05,,🤝 base merges and moerges,8.03,69.12848158131176
DreadPoor/Summer_Rain-8B-SCE,25.516588284918253,2025-02-02,,🤝 base merges and moerges,8.03,66.32524707996406
DreadPoor/Summer_Rain-8B-TIES,25.49119270489429,2025-02-02,,🤝 base merges and moerges,8.03,66.27133872416891
DreadPoor/Sun-8B-Model_Stock,30.080714550686334,2025-01-27,,🤝 base merges and moerges,8.03,71.35669362084457
DreadPoor/Sweetened_Condensed_Milk-8B-Model_Stock,29.56115847933121,2024-11-27,,🤝 base merges and moerges,8.03,71.89577717879607
DreadPoor/TEST02-Ignore,24.97786899148115,2025-02-05,,🤝 base merges and moerges,8.03,61.6711590296496
DreadPoor/TEST03-ignore,28.440777656618568,2025-02-05,,🤝 base merges and moerges,8.03,71.35669362084457
DreadPoor/TEST06-ignore,27.721454908565875,2025-02-07,,🤝 base merges and moerges,8.03,66.93620844564241
DreadPoor/TEST07-ignore,29.498717642655507,2025-02-07,,🤝 base merges and moerges,8.03,73.22551662174304
DreadPoor/TEST08-ignore,29.66477204531803,2025-02-07,,🤝 base merges and moerges,8.03,73.31536388140162
DreadPoor/Trinas_Nectar-8B-model_stock,27.522454161375844,2024-08-27,cc-by-nc-4.0,🤝 base merges and moerges,8.03,63.360287511230894
DreadPoor/UNTESTED-VENN_1.2-8B-Model_Stock,25.474742716103357,2024-12-27,,🤝 base merges and moerges,4.015,70.69182389937106
DreadPoor/VENN_1.2-8B-Model_Stock,28.85327338885053,2024-12-28,,🤝 base merges and moerges,4.015,70.48517520215634
DreadPoor/WIP-Acacia-8B-Model_Stock,26.72381960950896,2024-11-28,,🤝 base merges and moerges,8.03,68.35579514824798
DreadPoor/WIP_Damascus-8B-TIES,24.97055556390754,2024-10-29,,🤝 base merges and moerges,8.03,65.67834681042228
DreadPoor/Wannabe-8B-Model_Stock,29.111295234622,2025-01-28,,🤝 base merges and moerges,8.03,70.72776280323451
DreadPoor/What_A_Thrill-8B-Model_Stock,28.00959961323061,2025-01-16,,🤝 base merges and moerges,8.03,66.49595687331536
DreadPoor/Winter-8B-SCE,29.224572446583664,2025-02-02,,🤝 base merges and moerges,8.03,69.85624438454629
DreadPoor/Winter_Dawn-8B-TIES,26.79784991005577,2025-02-01,,🤝 base merges and moerges,8.03,70.8176100628931
DreadPoor/Winter_Dusk-8B-TIES,24.11123263157222,2025-02-01,,🤝 base merges and moerges,8.03,54.159928122192284
DreadPoor/Winter_Night-8B-Model_Stock,27.21635948101721,2025-02-07,,🤝 base merges and moerges,8.03,63.64779874213836
DreadPoor/Yafune-8B-Model_Stock,30.104766282389747,2025-02-12,,🤝 base merges and moerges,8.03,75.79514824797843
DreadPoor/Yearn_V3-8B-Model_Stock,28.95670005151148,2025-01-25,,🤝 base merges and moerges,8.03,68.11320754716981
DreadPoor/ZEUS-8B-V17-Abliterated_ALT,26.25054546511405,2025-01-18,,🤝 base merges and moerges,8.03,68.69721473495059
DreadPoor/Zelus-8B-Model_Stock,29.7413869053032,2025-01-15,apache-2.0,🤝 base merges and moerges,8.03,73.38724168912847
DreadPoor/Zelus_V2-8B-Model_Stock,30.16449183127745,2025-01-15,,🤝 base merges and moerges,8.03,71.90476190476191
DreadPoor/felix_dies-mistral-7B-model_stock,18.13959245219531,2024-09-30,,🤝 base merges and moerges,7.242,50.42228212039532
DreadPoor/hakuchido-8B-MODEL_STOCK,29.346239826870143,2025-02-27,,🤝 base merges and moerges,8.03,71.14106019766396
DreadPoor/ichor-8B-Model_Stock,23.325804130424327,2025-03-03,,🤝 base merges and moerges,8.03,62.075471698113205
DreadPoor/ichor_1.1-8B-Model_Stock,30.01706630636859,2025-03-06,,🤝 base merges and moerges,8.03,72.33602875112308
DreadPoor/inexpertus-8B-Model_Stock,29.70787002354444,2025-03-07,,🤝 base merges and moerges,8.03,72.10242587601078
DreadPoor/inexpertus_1.1-8B-LINEAR,29.60954761227837,2025-03-07,,🤝 base merges and moerges,8.03,72.55166217430367
DreadPoor/inexpertus_1.2-8B-LINEAR,28.786491464394853,2025-03-08,,🤝 base merges and moerges,8.03,70.00898472596586
DreadPoor/mergekit-nuslerp-nqzkedi,30.29630220229005,2025-01-29,,🤝 base merges and moerges,8.03,74.429469901168
DreadPoor/remember_to_breathe-8b-Model-Stock,28.25652417725776,2024-12-06,,🤝 base merges and moerges,8.03,69.06558849955077
DreadPoor/test,24.952990701638598,2025-01-28,,🤝 base merges and moerges,8.03,62.129380053908356
DreadPoor/test_ALT,24.265670200166756,2025-01-28,,🤝 base merges and moerges,8.03,59.955076370170715
DreadPoor/tests_pending-do_not_use_yet,29.64145994849537,2025-02-04,,🤝 base merges and moerges,8.03,69.94609164420486
EVA-UNIT-01/EVA-Qwen2.5-14B-v0.2,33.81260628765727,2024-12-26,apache-2.0,🔶 fine-tuned on domain-specific datasets,14.77,84.18688230008985
EVA-UNIT-01/EVA-Qwen2.5-72B-v0.2,44.22159602545703,2024-11-27,other,🔶 fine-tuned on domain-specific datasets,72.706,94.48337825696315
Edgerunners/meta-llama-3-8b-instruct-hf-ortho-baukit-34fail-3000total-bf16,23.44886681186292,2025-01-30,cc-by-nc-4.0,🔶 fine-tuned on domain-specific datasets,8.03,45.71428571428571
EleutherAI/gpt-j-6b,6.570411768928537,2024-08-19,apache-2.0,🟢 pretrained,6.0,16.163522012578614
EleutherAI/gpt-neo-1.3B,5.391090848825532,2024-06-12,mit,🟢 pretrained,1.366,15.058400718778078
EleutherAI/gpt-neo-125m,4.407321907614049,2024-08-10,mit,🟢 pretrained,0.15,10.664869721473496
EleutherAI/gpt-neo-2.7B,6.431047800987447,2024-06-12,mit,🟢 pretrained,2.718,17.151841868823002
EleutherAI/gpt-neox-20b,6.1165221524743325,2024-06-09,apache-2.0,🟢 pretrained,20.739,15.345911949685535
EleutherAI/pythia-1.4b,6.008531439497028,2025-01-28,apache-2.0,🟢 pretrained,1.515,14.707996406109617
EleutherAI/pythia-12b,6.059841492942702,2024-06-12,apache-2.0,🟢 pretrained,12.0,14.49236298292902
EleutherAI/pythia-160m,5.730394616916023,2024-06-09,apache-2.0,🟢 pretrained,0.213,18.436657681940698
EleutherAI/pythia-1b,5.07026822083096,2025-01-27,apache-2.0,🟢 pretrained,1.079,11.168014375561546
EleutherAI/pythia-2.8b,5.554946281603011,2024-06-12,apache-2.0,🟢 pretrained,2.909,12.902066486972148
EleutherAI/pythia-410m,5.227072311484412,2024-06-09,apache-2.0,🟢 pretrained,0.506,12.92902066486972
EleutherAI/pythia-6.9b,5.966546774741993,2024-06-12,apache-2.0,🟢 pretrained,6.9,13.647798742138365
Enno-Ai/EnnoAi-Pro-French-Llama-3-8B-v0.4,15.68446940398294,2024-06-30,creativeml-openrail-m,"💬 chat models (RLHF, DPO, IFT, ...)",8.031,36.19047619047619
Enno-Ai/EnnoAi-Pro-Llama-3-8B,12.51454591188142,2024-07-08,creativeml-openrail-m,"💬 chat models (RLHF, DPO, IFT, ...)",8.031,31.14106019766397
Enno-Ai/EnnoAi-Pro-Llama-3-8B-v0.3,18.128287498482543,2024-06-26,creativeml-openrail-m,🔶 fine-tuned on domain-specific datasets,8.03,43.24348607367476
Enno-Ai/EnnoAi-Pro-Llama-3.1-8B-v0.9,15.575099921155848,2024-09-06,apache-2.0,🔶 fine-tuned on domain-specific datasets,8.03,34.41150044923631
EnnoAi/EnnoAi-Pro-Llama-3.1-8B-v1.0,15.600495501179813,2024-09-06,apache-2.0,🔶 fine-tuned on domain-specific datasets,8.03,30.33243486073675
Epiculous/Azure_Dusk-v0.2,14.239648971826766,2024-09-14,apache-2.0,🔶 fine-tuned on domain-specific datasets,12.248,31.491464510332435
Epiculous/Crimson_Dawn-v0.2,15.085950749805088,2024-09-05,apache-2.0,🔶 fine-tuned on domain-specific datasets,12.248,39.8292902066487
Epiculous/NovaSpark,25.253737990368,2024-10-20,apache-2.0,🔶 fine-tuned on domain-specific datasets,8.03,59.82030548068285
Epiculous/Violet_Twilight-v0.2,18.55277348742638,2024-09-16,apache-2.0,🤝 base merges and moerges,12.248,43.36927223719677
EpistemeAI/Alpaca-Llama3.1-8B,13.985046352420849,2024-08-13,apache-2.0,🔶 fine-tuned on domain-specific datasets,8.0,32.506738544474395
EpistemeAI/Athena-gemma-2-2b-it,14.54609172912029,2024-09-06,apache-2.0,🔶 fine-tuned on domain-specific datasets,2.0,39.67654986522911
EpistemeAI/Athena-gemma-2-2b-it-Philos,15.663946300399497,2024-09-05,apache-2.0,🔶 fine-tuned on domain-specific datasets,2.0,42.36298292902067
EpistemeAI/Athene-codegemma-2-7b-it-alpaca-v1.3,17.314021588433324,2024-09-06,apache-2.0,🔶 fine-tuned on domain-specific datasets,7.0,46.28930817610063
EpistemeAI/DeepPhi-3.5-mini-instruct,3.46432918593773,2025-02-28,mit,🔶 fine-tuned on domain-specific datasets,3.821,8.068283917340521
EpistemeAI/DeepThinkers-Phi4,39.40710857221479,2025-03-01,mit,🔶 fine-tuned on domain-specific datasets,14.66,83.21653189577717
EpistemeAI/FineLlama3.1-8B-Instruct,11.239255981586004,2024-08-10,,🔶 fine-tuned on domain-specific datasets,14.483,27.663971248876912
EpistemeAI/Fireball-12B,15.534531353358348,2024-08-21,apache-2.0,🔶 fine-tuned on domain-specific datasets,12.248,40.053908355795144
EpistemeAI/Fireball-12B-v1.13a-philosophers,14.466040850876617,2024-09-03,apache-2.0,🔶 fine-tuned on domain-specific datasets,12.0,43.61185983827493
EpistemeAI/Fireball-Alpaca-Llama-3.1-8B-Philos-DPO-200,21.12991448262953,2024-09-16,apache-2.0,"💬 chat models (RLHF, DPO, IFT, ...)",8.0,53.41419586702605
EpistemeAI/Fireball-Alpaca-Llama3.1.07-8B-Philos-Math-KTO-beta,25.242227896928764,2024-09-14,apache-2.0,"💬 chat models (RLHF, DPO, IFT, ...)",8.0,53.71069182389937
EpistemeAI/Fireball-Alpaca-Llama3.1.08-8B-Philos-C-R2,22.550476627240737,2024-09-14,apache-2.0,🔶 fine-tuned on domain-specific datasets,8.0,58.948787061994615
EpistemeAI/Fireball-Meta-Llama-3.1-8B-Instruct-0.001-128K-auto,21.567361907712467,2024-11-15,apache-2.0,🔶 fine-tuned on domain-specific datasets,8.0,56.963162623539986
EpistemeAI/Fireball-Meta-Llama-3.1-8B-Instruct-Agent-0.003-128K,20.62716790652169,2024-10-05,apache-2.0,🔶 fine-tuned on domain-specific datasets,8.0,50.92542677448337
EpistemeAI/Fireball-Meta-Llama-3.1-8B-Instruct-Agent-0.003-128K-code,23.934713958118284,2024-10-05,apache-2.0,🔶 fine-tuned on domain-specific datasets,8.0,57.753818508535495
EpistemeAI/Fireball-Meta-Llama-3.1-8B-Instruct-Agent-0.003-128K-code-ds,23.14416546279052,2024-10-15,llama3.1,🔶 fine-tuned on domain-specific datasets,8.0,47.03504043126685
EpistemeAI/Fireball-Meta-Llama-3.1-8B-Instruct-Agent-0.003-128K-code-ds-auto,23.74994070118673,2024-10-29,apache-2.0,🔶 fine-tuned on domain-specific datasets,8.03,51.60826594788859
EpistemeAI/Fireball-Meta-Llama-3.1-8B-Instruct-Agent-0.003-128K-code-ds-auto,23.627287074905905,2024-11-27,apache-2.0,🔶 fine-tuned on domain-specific datasets,8.03,51.60826594788859
EpistemeAI/Fireball-Meta-Llama-3.1-8B-Instruct-Agent-0.004-128K-code-COT,20.857427405175983,2024-10-11,apache-2.0,🔶 fine-tuned on domain-specific datasets,8.0,51.08715184186882
EpistemeAI/Fireball-Meta-Llama-3.1-8B-Instruct-Agent-0.004-128K-code-ds-auto,23.874258540372427,2024-11-14,apache-2.0,🔶 fine-tuned on domain-specific datasets,8.0,44.21383647798742
EpistemeAI/Fireball-Meta-Llama-3.1-8B-Instruct-Math,20.55792899003061,2024-09-23,apache-2.0,🔶 fine-tuned on domain-specific datasets,8.03,48.05031446540881
EpistemeAI/Fireball-Meta-Llama-3.2-8B-Instruct-agent-003-128k-code-DPO,21.29356141520376,2024-10-09,apache-2.0,"💬 chat models (RLHF, DPO, IFT, ...)",8.0,53.728661275831094
EpistemeAI/Fireball-Mistral-Nemo-Base-2407-v1-DPO2,15.339340300308171,2024-08-19,apache-2.0,🔶 fine-tuned on domain-specific datasets,12.248,41.27583108715184
EpistemeAI/Fireball-R1-Llama-3.1-8B,14.729862999540122,2025-02-12,llama3.1,🔶 fine-tuned on domain-specific datasets,8.03,29.676549865229106
EpistemeAI/Llama-3.2-3B-Agent007-Coder,18.91456180890705,2024-10-08,apache-2.0,🔶 fine-tuned on domain-specific datasets,3.0,38.85893980233603
EpistemeAI/Mistral-Nemo-Instruct-12B-Philosophy-Math,16.60399677564458,2024-09-26,apache-2.0,🔶 fine-tuned on domain-specific datasets,12.248,55.265049415992806
EpistemeAI/OpenReasoner-Llama-3.2-3B-rs1.0,22.93957882205128,2025-02-15,llama3.2,🔶 fine-tuned on domain-specific datasets,3.213,46.64869721473495
EpistemeAI/Polypsyche-Llama-3.1-8B-Instruct-Agent-0.003-128K-code-ds-auto-Empathy,23.321646038971995,2024-12-13,apache-2.0,🔶 fine-tuned on domain-specific datasets,8.0,46.442048517520206
EpistemeAI/Polypsyche-Llama-3.1-8B-Instruct-Agent-0.003-128K-code-ds-auto-Logic,23.204900560269166,2024-12-20,apache-2.0,🔶 fine-tuned on domain-specific datasets,8.03,47.241689128481575
EpistemeAI/Polypsyche-Llama-3.1-8B-Instruct-Agent-0.003-128K-code-ds-auto-divergent,23.02725584049078,2024-12-20,apache-2.0,🔶 fine-tuned on domain-specific datasets,8.03,45.094339622641506
EpistemeAI/Reasoning-Llama-3.1-CoT-RE1-NMT,19.208175433660585,2025-01-29,apache-2.0,🔶 fine-tuned on domain-specific datasets,8.03,36.567834681042235
EpistemeAI/Reasoning-Llama-3.1-CoT-RE1-NMT-V2-ORPO,21.331579969605,2025-01-31,apache-2.0,🔶 fine-tuned on domain-specific datasets,8.03,55.19317160826594
EpistemeAI/Reasoning-Llama-3.2-1B-Instruct-v1.2,9.508931658156024,2025-02-04,apache-2.0,🔶 fine-tuned on domain-specific datasets,1.236,22.389937106918236
EpistemeAI/Reasoning-Llama-3.2-1B-Instruct-v1.3,8.170098865797046,2025-02-05,apache-2.0,🔶 fine-tuned on domain-specific datasets,1.236,19.649595687331537
EpistemeAI/Reasoning-Llama-3.2-3B-Math-Instruct-RE1,17.78003203358188,2025-02-04,,🔶 fine-tuned on domain-specific datasets,3.213,37.46630727762803
EpistemeAI/Reasoning-Llama-3.2-3B-Math-Instruct-RE1-ORPO,23.430640115437427,2025-02-04,apache-2.0,🔶 fine-tuned on domain-specific datasets,3.213,47.762803234501334
EpistemeAI/ReasoningCore-3B-T1_1,23.49247452002092,2025-02-06,apache-2.0,🔶 fine-tuned on domain-specific datasets,3.213,48.957771787960475
EpistemeAI2/Athene-codegemma-2-7b-it-alpaca-v1.2,15.718390848250491,2024-08-26,apache-2.0,🔶 fine-tuned on domain-specific datasets,7.0,38.76909254267744
EpistemeAI2/Fireball-12B-v1.2,15.200286583835773,2024-08-28,apache-2.0,🔶 fine-tuned on domain-specific datasets,12.0,44.24977538185086
EpistemeAI2/Fireball-Alpaca-Llama3.1-8B-Philos,22.551673578610224,2024-08-29,apache-2.0,🔶 fine-tuned on domain-specific datasets,8.0,58.634321653189566
EpistemeAI2/Fireball-Alpaca-Llama3.1.01-8B-Philos,21.567143968773337,2024-09-03,apache-2.0,🔶 fine-tuned on domain-specific datasets,8.0,57.133872416891286
EpistemeAI2/Fireball-Alpaca-Llama3.1.03-8B-Philos,20.274573357917856,2024-09-04,apache-2.0,🔶 fine-tuned on domain-specific datasets,8.0,53.24348607367475
EpistemeAI2/Fireball-Alpaca-Llama3.1.04-8B-Philos,21.094517497325704,2024-09-05,apache-2.0,🔶 fine-tuned on domain-specific datasets,8.0,55.660377358490564
EpistemeAI2/Fireball-Alpaca-Llama3.1.06-8B-Philos-dpo,21.86763175289908,2024-09-09,apache-2.0,"💬 chat models (RLHF, DPO, IFT, ...)",8.0,54.39353099730459
EpistemeAI2/Fireball-Alpaca-Llama3.1.07-8B-Philos-Math,21.97087003498899,2024-09-10,apache-2.0,🔶 fine-tuned on domain-specific datasets,8.0,55.91194968553458
EpistemeAI2/Fireball-Alpaca-Llama3.1.08-8B-C-R1-KTO-Reflection,20.89462493481088,2024-09-16,apache-2.0,"💬 chat models (RLHF, DPO, IFT, ...)",8.0,54.52830188679246
EpistemeAI2/Fireball-Alpaca-Llama3.1.08-8B-Philos-C-R1,22.51118824548196,2024-09-13,apache-2.0,🔶 fine-tuned on domain-specific datasets,8.0,56.47798742138366
EpistemeAI2/Fireball-Llama-3.1-8B-Philos-Reflection,20.37672090429901,2024-09-17,apache-2.0,🔶 fine-tuned on domain-specific datasets,8.0,53.40521114106019
EpistemeAI2/Fireball-MathMistral-Nemo-Base-2407-v2dpo,11.369982746356044,2024-08-24,apache-2.0,"💬 chat models (RLHF, DPO, IFT, ...)",11.58,28.742138364779873
EpistemeAI2/Fireball-Meta-Llama-3.1-8B-Instruct-Agent-0.003-128K-code-math,22.72795730229104,2024-10-12,apache-2.0,🔶 fine-tuned on domain-specific datasets,8.0,53.21653189577719
EpistemeAI2/Fireball-Meta-Llama-3.1-8B-Instruct-Agent-0.005-128K-code-COT,21.037758831912942,2024-10-11,apache-2.0,🔶 fine-tuned on domain-specific datasets,8.0,53.683737646001795
EpistemeAI2/Fireball-Phi-3-medium-4k-inst-Philos,29.67636693004503,2024-09-20,apache-2.0,"💬 chat models (RLHF, DPO, IFT, ...)",13.96,73.97124887690926
Eric111/CatunaMayo,21.27397881040676,2024-07-03,apache-2.0,🔶 fine-tuned on domain-specific datasets,7.242,57.8167115902965
Eric111/CatunaMayo-DPO,21.292884967568227,2024-06-27,apache-2.0,🔶 fine-tuned on domain-specific datasets,7.242,57.19676549865229
Etherll/Chocolatine-3B-Instruct-DPO-Revised-Ties,24.981820729952236,2024-10-28,,🔶 fine-tuned on domain-specific datasets,3.821,71.51841868823
Etherll/Chocolatine-3B-Instruct-DPO-Revised-Ties-v2,25.0072163099762,2024-10-29,,🔶 fine-tuned on domain-specific datasets,3.821,71.5363881401617
Etherll/Herplete-LLM-Llama-3.1-8b,19.58870802333299,2024-08-29,,🔶 fine-tuned on domain-specific datasets,8.03,66.20844564240791
Etherll/Herplete-LLM-Llama-3.1-8b,26.260139418825688,2024-10-18,,🔶 fine-tuned on domain-specific datasets,8.03,66.20844564240791
Etherll/Herplete-LLM-Llama-3.1-8b-Ties,26.53329128692283,2024-10-17,,🔶 fine-tuned on domain-specific datasets,8.03,66.58580413297396
Etherll/Qwen2.5-7B-della-test,35.81656745139639,2024-11-14,,🤝 base merges and moerges,7.616,77.68194070080864
Etherll/Qwen2.5-Coder-7B-Instruct-Ties,26.513720070911543,2024-10-28,,🔶 fine-tuned on domain-specific datasets,7.616,68.14914645103323
Etherll/Replete-LLM-V3-Llama-3.1-8b,21.70431724543067,2024-08-26,,🔶 fine-tuned on domain-specific datasets,8.03,46.657681940700805
Etherll/SuperHermes,26.91930524281158,2024-10-27,,🔶 fine-tuned on domain-specific datasets,8.03,72.82120395327941
Eurdem/Defne-llama3.1-8B,25.120605411030212,2024-08-14,llama3.1,🔶 fine-tuned on domain-specific datasets,8.03,64.52830188679246
FINGU-AI/L3-8B,28.91453457774598,2025-01-18,llama3.1,🤝 base merges and moerges,8.03,63.42318059299191
FINGU-AI/Phi-4-RRStock,26.41539412271864,2025-02-05,mit,🤝 base merges and moerges,6.652,69.49685534591195
FINGU-AI/Q-Small-3B,16.89041454501282,2025-01-21,apache-2.0,🤝 base merges and moerges,3.086,40.04492362982929
FINGU-AI/QwQ-Buddy-32B-Alpha,35.1782720586928,2025-02-05,mit,🤝 base merges and moerges,19.662,84.80682839173404
FINGU-AI/RomboUltima-32B,44.731545333278405,2025-02-02,mit,🤝 base merges and moerges,17.645,94.177897574124
FallenMerick/Chewy-Lemon-Cookie-11B,22.043725653783596,2024-06-27,cc-by-4.0,🤝 base merges and moerges,10.732,56.0377358490566
Felladrin/Llama-160M-Chat-v1,4.201766115349323,2024-07-23,apache-2.0,"💬 chat models (RLHF, DPO, IFT, ...)",0.162,10.467205750224618
Felladrin/Minueza-32M-UltraChat,3.924255988180698,2024-07-23,apache-2.0,"💬 chat models (RLHF, DPO, IFT, ...)",0.033,11.0062893081761
FlofloB/100k_fineweb_continued_pretraining_Qwen2.5-0.5B-Instruct_Unsloth_merged_16bit,8.550830451075553,2024-11-29,apache-2.0,🟩 continuously pretrained,0.5,22.470799640610963
FlofloB/10k_continued_pretraining_Phi-3-mini-4k-instruct_Unsloth_merged_16bit,24.04356389387962,2024-11-22,apache-2.0,🟩 continuously pretrained,16.0,63.33333333333333
FlofloB/10k_continued_pretraining_Qwen2.5-0.5B-Instruct_Unsloth_merged_16bit,8.363924265648496,2024-11-25,apache-2.0,🟩 continuously pretrained,0.5,19.82030548068284
FlofloB/40k_continued_pretraining_Qwen2.5-0.5B-Instruct_Unsloth_merged_16bit,8.381580312764262,2024-11-25,apache-2.0,🟩 continuously pretrained,0.5,18.39173405211141
FlofloB/83k_continued_pretraining_Qwen2.5-0.5B-Instruct_Unsloth_merged_16bit,8.427461121141809,2024-11-26,apache-2.0,🟩 continuously pretrained,0.5,22.578616352201262
FlofloB/smollm2-135M_pretrained_1000k_fineweb,4.20780841481479,2025-01-14,apache-2.0,🟢 pretrained,0.135,11.958670260557053
FlofloB/smollm2-135M_pretrained_1000k_fineweb_uncovai_human_removed,4.06134991308063,2025-01-27,apache-2.0,🟢 pretrained,0.135,10.296495956873315
FlofloB/smollm2-135M_pretrained_1000k_fineweb_uncovai_selected,5.055842764583344,2025-01-12,apache-2.0,🟢 pretrained,0.135,17.358490566037734
FlofloB/smollm2-135M_pretrained_1200k_fineweb,4.188312239003598,2025-01-12,apache-2.0,🟢 pretrained,0.135,12.43486073674753
FlofloB/smollm2-135M_pretrained_1200k_fineweb_uncovai_human_removed,4.280291147523802,2025-01-27,apache-2.0,🟢 pretrained,0.135,12.560646900269543
FlofloB/smollm2-135M_pretrained_1200k_fineweb_uncovai_selected,4.03050468089069,2025-01-14,apache-2.0,🟢 pretrained,0.135,12.138364779874216
FlofloB/smollm2-135M_pretrained_1400k_fineweb,4.992957353487976,2025-01-13,apache-2.0,🟢 pretrained,0.135,15.309973045822103
FlofloB/smollm2-135M_pretrained_1400k_fineweb_uncovai_human_removed,5.063032045008573,2025-01-28,apache-2.0,🟢 pretrained,0.135,15.363881401617249
FlofloB/smollm2-135M_pretrained_1400k_fineweb_uncovai_selected,4.624639622707802,2025-01-13,apache-2.0,🟢 pretrained,0.135,14.81581311769991
FlofloB/smollm2-135M_pretrained_200k_fineweb_uncovai_human_removed,3.8819679158721776,2025-01-17,apache-2.0,🟢 pretrained,0.135,10.035938903863432
FlofloB/smollm2-135M_pretrained_200k_fineweb_uncovai_selected,3.4920262751647098,2025-01-08,apache-2.0,🟢 pretrained,0.135,9.883198562443845
FlofloB/smollm2-135M_pretrained_400k_fineweb,4.224944649553536,2025-01-10,apache-2.0,🟢 pretrained,0.135,13.000898472596587
FlofloB/smollm2-135M_pretrained_400k_fineweb_uncovai_human_removed,4.710926533341115,2025-01-18,apache-2.0,🟢 pretrained,0.135,13.656783468104225
FlofloB/smollm2-135M_pretrained_400k_fineweb_uncovai_selected,4.38733089603933,2025-01-09,apache-2.0,🟢 pretrained,0.135,12.596585804132973
FlofloB/smollm2-135M_pretrained_600k_fineweb,4.886739290130319,2025-01-11,apache-2.0,🟢 pretrained,0.135,14.663072776280325
FlofloB/smollm2-135M_pretrained_600k_fineweb_uncovai_human_removed,4.644401741390064,2025-01-19,apache-2.0,🟢 pretrained,0.135,14.699011680143755
FlofloB/smollm2-135M_pretrained_600k_fineweb_uncovai_selected,4.657606376854525,2025-01-09,apache-2.0,🟢 pretrained,0.135,14.654088050314465
FlofloB/smollm2-135M_pretrained_800k_fineweb,4.17450578103981,2025-01-14,apache-2.0,🟢 pretrained,0.135,11.27583108715184
FlofloB/smollm2-135M_pretrained_800k_fineweb_uncovai_human_removed,5.03254333671229,2025-01-19,apache-2.0,🟢 pretrained,0.135,14.743935309973047
FlofloB/smollm2-135M_pretrained_800k_fineweb_uncovai_selected,4.118739390912178,2025-01-14,apache-2.0,🟢 pretrained,0.135,12.632524707996403
FlofloB/smollm2_pretrained_200k_fineweb,4.00559929596115,2025-01-08,apache-2.0,🟢 pretrained,0.135,10.566037735849058
FlofloB/test_continued_pretraining_Phi-3-mini-4k-instruct_Unsloth_merged_16bit,24.48570245546706,2024-11-21,apache-2.0,🟩 continuously pretrained,16.0,65.34591194968554
FuJhen/ft-openhermes-25-mistral-7b-irca-dpo-pairs,20.395988185954646,2024-09-12,apache-2.0,"💬 chat models (RLHF, DPO, IFT, ...)",14.483,43.43216531895777
FuJhen/mistral-instruct-7B-DPO,19.02953078213065,2024-09-12,apache-2.0,"💬 chat models (RLHF, DPO, IFT, ...)",14.496,43.00988319856244
FuJhen/mistral_7b_v0.1_structedData_e2e,10.909311048443838,2024-09-13,apache-2.0,🔶 fine-tuned on domain-specific datasets,7.0,25.91194968553459
FuJhen/mistral_7b_v0.1_structedData_viggo,12.440582510781873,2024-09-13,apache-2.0,🔶 fine-tuned on domain-specific datasets,14.483,31.491464510332435
FuseAI/FuseChat-7B-v2.0,20.14636743747765,2024-11-21,apache-2.0,🔶 fine-tuned on domain-specific datasets,7.242,55.72327044025157
FuseAI/FuseChat-Llama-3.1-8B-Instruct,28.59550964455965,2025-01-07,apache-2.0,"💬 chat models (RLHF, DPO, IFT, ...)",8.03,59.97304582210242
FuseAI/FuseChat-Llama-3.2-3B-Instruct,25.746913825686644,2025-02-08,,🔶 fine-tuned on domain-specific datasets,3.213,57.91554357592092
FuseAI/FuseChat-Qwen-2.5-7B-Instruct,31.40771569311038,2024-12-21,,🔶 fine-tuned on domain-specific datasets,7.616,69.34411500449235
GalrionSoftworks/MN-LooseCannon-12B-v1,22.12442725339166,2024-09-05,,🤝 base merges and moerges,12.248,54.78885893980233
GalrionSoftworks/MagnusIntellectus-12B-v1,21.773295532025813,2024-09-05,apache-2.0,🤝 base merges and moerges,12.248,56.77448337825697
GenVRadmin/AryaBhatta-GemmaOrca-2-Merged,14.006450277637631,2025-02-06,mit,🔶 fine-tuned on domain-specific datasets,8.538,36.28032345013477
GenVRadmin/AryaBhatta-GemmaOrca-Merged,11.99472750549792,2025-02-06,mit,🔶 fine-tuned on domain-specific datasets,8.538,23.593890386343215
GenVRadmin/AryaBhatta-GemmaUltra-Merged,13.28281509458921,2025-02-06,mit,🔶 fine-tuned on domain-specific datasets,8.538,35.39083557951483
GenVRadmin/llama38bGenZ_Vikas-Merged,16.09338316937527,2025-02-06,mit,🔶 fine-tuned on domain-specific datasets,8.03,45.938903863432174
GoToCompany/gemma2-9b-cpt-sahabatai-v1-instruct,32.46826016178984,2024-11-20,gemma,🔶 fine-tuned on domain-specific datasets,9.242,82.74034141958671
GoToCompany/llama3-8b-cpt-sahabatai-v1-instruct,23.05939902243402,2024-11-20,llama3,🔶 fine-tuned on domain-specific datasets,8.03,56.118598382749326
Goekdeniz-Guelmez/Josiefied-Qwen2.5-0.5B-Instruct-abliterated-v1,9.768236092545305,2024-11-18,apache-2.0,🔶 fine-tuned on domain-specific datasets,0.63,24.03414195867026
Goekdeniz-Guelmez/Josiefied-Qwen2.5-0.5B-Instruct-abliterated-v1,8.415919404386559,2024-11-18,apache-2.0,🔶 fine-tuned on domain-specific datasets,0.63,24.03414195867026
Goekdeniz-Guelmez/Josiefied-Qwen2.5-1.5B-Instruct-abliterated-v1,18.44117473256343,2024-09-28,apache-2.0,"💬 chat models (RLHF, DPO, IFT, ...)",1.777,29.020664869721475
Goekdeniz-Guelmez/Josiefied-Qwen2.5-1.5B-Instruct-abliterated-v2,15.56674922027016,2024-09-28,apache-2.0,"💬 chat models (RLHF, DPO, IFT, ...)",1.544,26.388140161725065
Goekdeniz-Guelmez/Josiefied-Qwen2.5-1.5B-Instruct-abliterated-v3,15.592787360948462,2024-09-28,apache-2.0,"💬 chat models (RLHF, DPO, IFT, ...)",1.544,25.489667565139268
Goekdeniz-Guelmez/Josiefied-Qwen2.5-14B-Instruct-abliterated-v4,42.550065874753976,2024-10-23,apache-2.0,🔶 fine-tuned on domain-specific datasets,14.77,89.39802336028751
Goekdeniz-Guelmez/Josiefied-Qwen2.5-7B-Instruct-abliterated-v2,35.31663337889917,2024-10-08,apache-2.0,"💬 chat models (RLHF, DPO, IFT, ...)",7.616,78.63432165318959
Goekdeniz-Guelmez/j.o.s.i.e.v4o-1.5b-dpo-stage1-v1,15.07804770111701,2024-10-08,apache-2.0,🔶 fine-tuned on domain-specific datasets,1.544,32.31805929919137
Goekdeniz-Guelmez/josie-3b-v6.0,24.746540779866937,2025-01-07,apache-2.0,🔶 fine-tuned on domain-specific datasets,3.086,55.27403414195867
Goekdeniz-Guelmez/josie-7b-v6.0,32.374168071296964,2025-01-07,apache-2.0,🔶 fine-tuned on domain-specific datasets,7.616,69.73944294699011
Goekdeniz-Guelmez/josie-7b-v6.0-step2000,26.97043751712353,2024-12-11,apache-2.0,"💬 chat models (RLHF, DPO, IFT, ...)",7.616,74.21383647798741
Goekdeniz-Guelmez/josie-7b-v6.0-step2000,33.83292639490552,2024-12-11,apache-2.0,"💬 chat models (RLHF, DPO, IFT, ...)",7.616,74.21383647798741
GreenNode/GreenNode-small-9B-it,31.194506347689323,2024-10-14,,🟩 continuously pretrained,9.242,77.54716981132076
GritLM/GritLM-7B-KTO,19.2358949114183,2024-08-04,apache-2.0,"💬 chat models (RLHF, DPO, IFT, ...)",7.242,42.72237196765498
GritLM/GritLM-8x7B-KTO,26.2413047085506,2024-08-04,apache-2.0,"💬 chat models (RLHF, DPO, IFT, ...)",46.703,66.08265947888589
Groq/Llama-3-Groq-8B-Tool-Use,21.44560137489326,2025-01-01,llama3,🔶 fine-tuned on domain-specific datasets,8.03,44.26774483378257
Gryphe/Pantheon-RP-1.0-8b-Llama-3,16.87312240356046,2024-06-27,apache-2.0,🔶 fine-tuned on domain-specific datasets,8.03,40.30548068283917
Gryphe/Pantheon-RP-1.5-12b-Nemo,21.32374664039768,2024-08-04,apache-2.0,🔶 fine-tuned on domain-specific datasets,12.248,52.99191374663073
Gryphe/Pantheon-RP-1.6-12b-Nemo,20.56659922855925,2024-08-31,apache-2.0,🔶 fine-tuned on domain-specific datasets,12.248,51.9047619047619
Gryphe/Pantheon-RP-1.6-12b-Nemo-KTO,21.558598525492474,2024-08-31,apache-2.0,🔶 fine-tuned on domain-specific datasets,12.248,56.0826594788859
Gryphe/Pantheon-RP-Pure-1.6.2-22b-Small,28.138635196099436,2024-10-15,other,🔶 fine-tuned on domain-specific datasets,22.247,69.35309973045821
Gunulhona/Gemma-Ko-Merge,29.044658369613117,2024-10-23,,"💬 chat models (RLHF, DPO, IFT, ...)",10.159,62.32704402515723
Gunulhona/Gemma-Ko-Merge-PEFT,18.16949453226467,2024-10-17,,🔶 fine-tuned on domain-specific datasets,20.318,43.827493261455515
Gunulhona/Gemma-Ko-Merge-PEFT,18.06624017039761,2024-10-23,,"💬 chat models (RLHF, DPO, IFT, ...)",20.318,43.827493261455515
HPAI-BSC/Llama3-Aloe-8B-Alpha,20.23044725696465,2024-10-29,cc-by-nc-4.0,🔶 fine-tuned on domain-specific datasets,8.03,46.40610961365679
HPAI-BSC/Llama3.1-Aloe-Beta-8B,26.524195182673974,2024-11-07,llama3.1,🔶 fine-tuned on domain-specific datasets,8.03,64.34860736747528
HPAI-BSC/Qwen2.5-Aloe-Beta-7B,27.826720985708487,2024-12-17,apache-2.0,🔶 fine-tuned on domain-specific datasets,7.616,60.79964061096136
Hastagaras/Llama-3.1-Jamet-8B-MK.I,25.42380601749484,2024-11-18,llama3.1,🔶 fine-tuned on domain-specific datasets,8.03,54.168912848158136
Hastagaras/Zabuza-8B-Llama-3.1,19.92582695678787,2024-11-05,llama3.1,🤝 base merges and moerges,8.03,37.493261455525605
HelpingAI/Cipher-20B,26.97600761673777,2024-12-14,other,🔶 fine-tuned on domain-specific datasets,20.551,66.09164420485175
HelpingAI/Priya-10B,14.14328407509064,2024-12-18,other,🟩 continuously pretrained,10.211,29.631626235399818
HelpingAI/Priya-3B,13.429592166190526,2024-12-14,other,🟩 continuously pretrained,2.81,28.104222821203955
HeraiHench/Double-Down-Qwen-Math-7B,4.309785575689419,2025-01-30,,🤝 base merges and moerges,7.616,12.11141060197664
HeraiHench/Marge-Qwen-Math-7B,4.083812323812456,2025-01-30,,🤝 base merges and moerges,7.616,11.60826594788859
HeraiHench/Phi-4-slerp-ReasoningRP-14B,8.51238737192275,2025-01-29,,🤝 base merges and moerges,9.207,20.745732255166217
HiroseKoichi/Llama-Salad-4x8B-V3,24.922701724199342,2024-06-26,llama3,🤝 base merges and moerges,24.942,57.78975741239892
HoangHa/Pensez-Llama3.1-8B,19.04804643436893,2025-02-19,llama3.1,🔶 fine-tuned on domain-specific datasets,8.03,43.21653189577718
HuggingFaceH4/zephyr-7b-beta,17.792237227370464,2024-06-12,mit,"💬 chat models (RLHF, DPO, IFT, ...)",7.242,41.18598382749326
HuggingFaceH4/zephyr-orpo-141b-A35b-v0.1,34.125963384670946,2024-06-12,apache-2.0,"💬 chat models (RLHF, DPO, IFT, ...)",140.621,85.1572327044025
HuggingFaceTB/SmolLM-1.7B,5.576455936269043,2024-07-18,apache-2.0,🟢 pretrained,1.71,12.273135669362084
HuggingFaceTB/SmolLM-1.7B-Instruct,5.490688803655309,2024-07-18,apache-2.0,"💬 chat models (RLHF, DPO, IFT, ...)",1.71,13.764600179694519
HuggingFaceTB/SmolLM-135M,6.951489892134872,2024-07-18,apache-2.0,🟢 pretrained,0.13,22.30008984725966
HuggingFaceTB/SmolLM-135M-Instruct,3.652287650202965,2024-10-12,apache-2.0,"💬 chat models (RLHF, DPO, IFT, ...)",0.135,11.527403414195868
HuggingFaceTB/SmolLM-360M,6.260888857386585,2024-07-18,apache-2.0,🟢 pretrained,0.36,19.613656783468105
HuggingFaceTB/SmolLM-360M-Instruct,5.0088989557053685,2024-08-20,apache-2.0,"💬 chat models (RLHF, DPO, IFT, ...)",0.362,13.21653189577718
HuggingFaceTB/SmolLM2-1.7B,9.5836210417532,2024-11-06,apache-2.0,🟢 pretrained,1.71,25.30098831985625
HuggingFaceTB/SmolLM2-1.7B-Instruct,15.02227766709556,2024-11-06,apache-2.0,"💬 chat models (RLHF, DPO, IFT, ...)",1.711,35.11230907457323
HuggingFaceTB/SmolLM2-135M-Instruct,6.467364720358819,2024-11-06,apache-2.0,"💬 chat models (RLHF, DPO, IFT, ...)",0.135,12.129380053908354
HuggingFaceTB/SmolLM2-135M-Instruct,3.2065969565576755,2024-11-14,apache-2.0,🔶 fine-tuned on domain-specific datasets,0.135,12.129380053908354
HuggingFaceTB/SmolLM2-360M,6.251282350517303,2024-11-06,apache-2.0,🟢 pretrained,0.36,17.520215633423177
HuggingFaceTB/SmolLM2-360M-Instruct,3.1000195398620374,2024-11-14,apache-2.0,🔶 fine-tuned on domain-specific datasets,0.362,16.486972147349505
HuggingFaceTB/SmolLM2-360M-Instruct,8.139566424375877,2024-11-06,apache-2.0,"💬 chat models (RLHF, DPO, IFT, ...)",0.36,16.486972147349505
HumanLLMs/Humanish-LLama3-8B-Instruct,22.678203747779094,2024-10-05,llama3,"💬 chat models (RLHF, DPO, IFT, ...)",8.03,46.77448337825697
HumanLLMs/Humanish-Mistral-Nemo-Instruct-2407,23.888067848972184,2024-10-06,apache-2.0,"💬 chat models (RLHF, DPO, IFT, ...)",12.248,54.40251572327045
HumanLLMs/Humanish-Qwen2.5-7B-Instruct,34.99870743015318,2024-10-05,apache-2.0,"💬 chat models (RLHF, DPO, IFT, ...)",7.616,73.6657681940701
IDEA-CCNL/Ziya-LLaMA-13B-v1,3.9064248386004095,2024-06-12,gpl-3.0,🔶 fine-tuned on domain-specific datasets,13.0,9.290206648697213
INSAIT-Institute/BgGPT-Gemma-2-27B-IT-v1.0,1.6780628068086922,2024-12-15,gemma,🟩 continuously pretrained,27.227,9.209344115004491
IlyaGusev/gemma-2-2b-it-abliterated,16.705746365531194,2025-01-07,gemma,"💬 chat models (RLHF, DPO, IFT, ...)",2.614,36.981132075471706
IlyaGusev/gemma-2-9b-it-abliterated,31.294229585782904,2025-01-07,gemma,"💬 chat models (RLHF, DPO, IFT, ...)",9.242,76.50494159928122
Infinirc/Infinirc-Llama3-8B-2G-Release-v1.0,13.16266165602399,2024-09-29,llama3,🔶 fine-tuned on domain-specific datasets,8.03,40.799640610961376
Intel/neural-chat-7b-v3,18.069527284193285,2024-06-12,apache-2.0,🔶 fine-tuned on domain-specific datasets,7.0,49.514824797843666
Intel/neural-chat-7b-v3-1,21.06792676095294,2024-06-12,apache-2.0,🔶 fine-tuned on domain-specific datasets,7.242,53.66576819407008
Intel/neural-chat-7b-v3-2,21.471411168582197,2024-06-12,apache-2.0,🔶 fine-tuned on domain-specific datasets,7.0,55.26504941599282
IntervitensInc/internlm2_5-20b-llamafied,29.216880819026148,2024-11-11,apache-2.0,🟢 pretrained,19.861,75.87601078167117
Invalid-Null/PeiYangMe-0.5,3.4273672940352,2024-12-28,apache-2.0,🔶 fine-tuned on domain-specific datasets,6.061,8.12219227313567
Invalid-Null/PeiYangMe-0.7,4.397279528582866,2024-12-28,apache-2.0,🔶 fine-tuned on domain-specific datasets,6.061,11.59029649595687
Isaak-Carter/JOSIEv4o-8b-stage1-v4,15.66808216767364,2024-08-03,apache-2.0,"💬 chat models (RLHF, DPO, IFT, ...)",8.03,39.45193171608266
Isaak-Carter/JOSIEv4o-8b-stage1-v4,15.419272249038904,2024-08-03,apache-2.0,🔶 fine-tuned on domain-specific datasets,8.03,39.45193171608266
Isaak-Carter/Josiefied-Qwen2.5-7B-Instruct-abliterated,35.06474762506518,2024-09-21,,🔶 fine-tuned on domain-specific datasets,7.616,60.655884995507634
Isaak-Carter/Josiefied-Qwen2.5-7B-Instruct-abliterated-v2,35.685532582369234,2024-09-21,apache-2.0,🔶 fine-tuned on domain-specific datasets,7.616,78.8679245283019
J-LAB/Thynk_orpo,17.263933728919593,2024-10-14,,🔶 fine-tuned on domain-specific datasets,3.086,50.67385444743936
JackFram/llama-160m,4.738129846796396,2024-11-30,apache-2.0,🟢 pretrained,0.162,13.836477987421384
JackFram/llama-68m,4.963339700174584,2024-11-30,apache-2.0,🟢 pretrained,0.068,14.150943396226415
Jacoby746/Casual-Magnum-34B,23.79792072114355,2024-10-23,apache-2.0,🔶 fine-tuned on domain-specific datasets,34.389,65.10332434860737
Jacoby746/Inf-Silent-Kunoichi-v0.1-2x7B,20.186181285193417,2024-09-20,apache-2.0,🤝 base merges and moerges,12.879,53.75561545372866
Jacoby746/Inf-Silent-Kunoichi-v0.2-2x7B,20.01822829916165,2024-09-21,apache-2.0,🤝 base merges and moerges,12.879,55.2021563342318
Jacoby746/Proto-Athena-4x7B,19.77557762348212,2024-09-21,apache-2.0,🤝 base merges and moerges,24.154,53.83647798742138
Jacoby746/Proto-Athena-v0.2-4x7B,19.345307494794017,2024-09-21,apache-2.0,🤝 base merges and moerges,24.154,52.695417789757414
Jacoby746/Proto-Harpy-Blazing-Light-v0.1-2x7B,22.48121361701981,2024-09-30,,🤝 base merges and moerges,12.879,59.29020664869722
Jacoby746/Proto-Harpy-Spark-v0.1-7B,19.84999990070571,2024-09-30,apache-2.0,🤝 base merges and moerges,7.242,53.55795148247978
JayHyeon/Qwen-0.5B-DPO-1epoch,7.385732750247261,2024-12-26,mit,🔶 fine-tuned on domain-specific datasets,0.494,17.053009883198563
JayHyeon/Qwen-0.5B-DPO-5epoch,7.198583184761694,2024-12-26,mit,🔶 fine-tuned on domain-specific datasets,0.494,14.618149146451035
JayHyeon/Qwen-0.5B-IRPO-1epoch,7.031892544703613,2024-12-26,mit,🔶 fine-tuned on domain-specific datasets,0.494,13.890386343216532
JayHyeon/Qwen-0.5B-IRPO-5epoch,6.9234686409529,2024-12-26,mit,🔶 fine-tuned on domain-specific datasets,0.494,14.429469901168016
JayHyeon/Qwen-0.5B-eDPO-1epoch,7.280997177732158,2024-12-26,mit,🔶 fine-tuned on domain-specific datasets,0.494,16.199460916442046
JayHyeon/Qwen-0.5B-eDPO-5epoch,6.72779460682018,2024-12-26,mit,🔶 fine-tuned on domain-specific datasets,0.494,12.89308176100629
JayHyeon/Qwen2.5-0.5B-Instruct-SFT,8.158039000338244,2024-12-26,mit,🔶 fine-tuned on domain-specific datasets,0.63,24.159928122192273
JayHyeon/Qwen2.5-0.5B-Instruct-SFT-DPO-1epoch_v1,8.15078478555964,2024-12-26,mit,🔶 fine-tuned on domain-specific datasets,0.494,22.66846361185984
JayHyeon/Qwen2.5-0.5B-Instruct-SFT-IRPO-1epoch_v1,8.319017359475316,2024-12-26,mit,🔶 fine-tuned on domain-specific datasets,0.494,25.76819407008087
JayHyeon/Qwen2.5-0.5B-Instruct-SFT-MDPO-1epoch_v1,7.896219502136105,2024-12-26,mit,🔶 fine-tuned on domain-specific datasets,0.494,20.395327942497754
JayHyeon/Qwen2.5-0.5B-SFT,6.611058734039895,2024-12-27,mit,🔶 fine-tuned on domain-specific datasets,0.63,20.12578616352201
JayHyeon/Qwen2.5-0.5B-SFT-1e-4,5.941930910286053,2024-12-28,mit,🔶 fine-tuned on domain-specific datasets,0.63,11.671159029649596
JayHyeon/Qwen2.5-0.5B-SFT-1e-4-2ep,6.345325435592133,2024-12-29,,🔶 fine-tuned on domain-specific datasets,0.63,14.411500449236295
JayHyeon/Qwen2.5-0.5B-SFT-1e-4-3ep,6.469032763498576,2024-12-29,mit,🔶 fine-tuned on domain-specific datasets,0.63,13.261455525606468
JayHyeon/Qwen2.5-0.5B-SFT-1e-4-5ep,5.890344422168456,2024-12-29,,🔶 fine-tuned on domain-specific datasets,0.63,13.306379155435758
JayHyeon/Qwen2.5-0.5B-SFT-1e-5,6.664256620538701,2024-12-28,mit,🔶 fine-tuned on domain-specific datasets,0.63,19.59568733153639
JayHyeon/Qwen2.5-0.5B-SFT-1e-5-2ep,7.003091729061743,2024-12-29,,🔶 fine-tuned on domain-specific datasets,0.63,16.41509433962264
JayHyeon/Qwen2.5-0.5B-SFT-1e-5-3ep,7.740340198303553,2024-12-29,mit,🔶 fine-tuned on domain-specific datasets,0.63,17.48427672955975
JayHyeon/Qwen2.5-0.5B-SFT-1e-5-5ep,7.8890047643086625,2024-12-29,,🔶 fine-tuned on domain-specific datasets,0.63,23.48607367475292
JayHyeon/Qwen2.5-0.5B-SFT-2e-4,5.555176381236881,2024-12-28,mit,🔶 fine-tuned on domain-specific datasets,0.63,10.008984725965858
JayHyeon/Qwen2.5-0.5B-SFT-2e-4-2ep,5.51830189312826,2024-12-29,,🔶 fine-tuned on domain-specific datasets,0.63,9.532794249775382
JayHyeon/Qwen2.5-0.5B-SFT-2e-4-3ep,5.465283047679917,2024-12-29,mit,🔶 fine-tuned on domain-specific datasets,0.63,12.05750224618149
JayHyeon/Qwen2.5-0.5B-SFT-2e-4-5ep,6.087118748270012,2024-12-29,,🔶 fine-tuned on domain-specific datasets,0.63,17.19676549865229
JayHyeon/Qwen2.5-0.5B-SFT-2e-5,6.9691100972452,2024-12-28,mit,🔶 fine-tuned on domain-specific datasets,0.63,20.575022461814914
JayHyeon/Qwen2.5-0.5B-SFT-2e-5-2ep,7.69236788584868,2024-12-29,,🔶 fine-tuned on domain-specific datasets,0.63,18.79604672057502
JayHyeon/Qwen2.5-0.5B-SFT-2e-5-2ep-DPOP_3e-7-3ep_0alp_5lam,7.460129211594215,2025-01-07,,🔶 fine-tuned on domain-specific datasets,0.63,19.1015274034142
JayHyeon/Qwen2.5-0.5B-SFT-2e-5-2ep-DPOP_5e-6-1ep_0alp_5lam,7.89170131391145,2025-01-03,,🔶 fine-tuned on domain-specific datasets,0.494,18.76909254267745
JayHyeon/Qwen2.5-0.5B-SFT-2e-5-2ep-DPOP_5e-6-2ep_0alp_5lam,7.618464097122786,2025-01-03,,🔶 fine-tuned on domain-specific datasets,0.494,18.16711590296496
JayHyeon/Qwen2.5-0.5B-SFT-2e-5-2ep-DPOP_5e-6-3ep_0alp_5lam,7.868642802061662,2025-01-03,,🔶 fine-tuned on domain-specific datasets,0.63,22.24618149146451
JayHyeon/Qwen2.5-0.5B-SFT-2e-5-2ep-DPOP_5e-7-1ep_0alp_5lam,7.430131653175725,2025-01-02,,🔶 fine-tuned on domain-specific datasets,0.494,18.948787061994608
JayHyeon/Qwen2.5-0.5B-SFT-2e-5-2ep-DPOP_5e-7-2ep_0alp_5lam,7.336426732183583,2025-01-02,,🔶 fine-tuned on domain-specific datasets,0.494,14.231805929919137
JayHyeon/Qwen2.5-0.5B-SFT-2e-5-2ep-DPOP_5e-7-3ep_0alp_5lam,7.648469593189115,2025-01-02,,🔶 fine-tuned on domain-specific datasets,0.63,19.730458221024257
JayHyeon/Qwen2.5-0.5B-SFT-2e-5-2ep-DPO_1e-6-1ep_0alp_0lam,7.714071022336462,2025-01-02,,🔶 fine-tuned on domain-specific datasets,0.494,20.952380952380953
JayHyeon/Qwen2.5-0.5B-SFT-2e-5-2ep-DPO_1e-6-2ep_0alp_0lam,7.634084055658554,2025-01-02,,🔶 fine-tuned on domain-specific datasets,0.494,20.35040431266846
JayHyeon/Qwen2.5-0.5B-SFT-2e-5-2ep-DPO_1e-6-3ep_0alp_0lam,7.772250160016548,2025-01-02,,🔶 fine-tuned on domain-specific datasets,0.63,21.50943396226415
JayHyeon/Qwen2.5-0.5B-SFT-2e-5-2ep-DPO_1e-7-2ep_0alp_0lam,7.773024145558947,2025-01-07,,🔶 fine-tuned on domain-specific datasets,0.494,21.087151841868824
JayHyeon/Qwen2.5-0.5B-SFT-2e-5-2ep-DPO_1e-7-3ep_0alp_0lam,7.5699062251194,2025-01-07,,🔶 fine-tuned on domain-specific datasets,0.63,18.930817610062892
JayHyeon/Qwen2.5-0.5B-SFT-2e-5-2ep-DPO_2e-6-1ep_0alp_0lam,7.393492455729212,2025-01-02,,🔶 fine-tuned on domain-specific datasets,0.494,16.828391734052108
JayHyeon/Qwen2.5-0.5B-SFT-2e-5-2ep-DPO_2e-6-2ep_0alp_0lam,7.844417926699584,2025-01-02,,🔶 fine-tuned on domain-specific datasets,0.494,22.039532794249773
JayHyeon/Qwen2.5-0.5B-SFT-2e-5-2ep-DPO_2e-6-3ep_0alp_0lam,7.696682188954132,2025-01-02,,🔶 fine-tuned on domain-specific datasets,0.63,20.548068283917342
JayHyeon/Qwen2.5-0.5B-SFT-2e-5-2ep-DPO_3e-6-1ep_0alp_0lam,7.753028845132317,2025-01-02,,🔶 fine-tuned on domain-specific datasets,0.494,18.31087151841869
JayHyeon/Qwen2.5-0.5B-SFT-2e-5-2ep-DPO_3e-6-2ep_0alp_0lam,7.5524251169059395,2025-01-02,,🔶 fine-tuned on domain-specific datasets,0.494,21.50943396226415
JayHyeon/Qwen2.5-0.5B-SFT-2e-5-2ep-DPO_3e-6-3ep_0alp_0lam,7.645766396524414,2025-01-02,,🔶 fine-tuned on domain-specific datasets,0.63,16.765498652291104
JayHyeon/Qwen2.5-0.5B-SFT-2e-5-2ep-DPO_3e-7-3ep_0alp_0lam,7.580039598446345,2025-01-07,,🔶 fine-tuned on domain-specific datasets,0.63,15.031446540880502
JayHyeon/Qwen2.5-0.5B-SFT-2e-5-2ep-DPO_5e-6-1ep_0alp_0lam,7.682977767911112,2025-01-02,,🔶 fine-tuned on domain-specific datasets,0.494,18.059299191374663
JayHyeon/Qwen2.5-0.5B-SFT-2e-5-2ep-DPO_5e-6-2ep_0alp_0lam,7.668495371524835,2025-01-02,,🔶 fine-tuned on domain-specific datasets,0.494,18.544474393530997
JayHyeon/Qwen2.5-0.5B-SFT-2e-5-2ep-DPO_5e-6-3ep_0alp_0lam,7.698046996488631,2025-01-03,,🔶 fine-tuned on domain-specific datasets,0.63,22.69541778975741
JayHyeon/Qwen2.5-0.5B-SFT-2e-5-2ep-DPO_5e-7_1ep_0alp_0lam,7.824147748385339,2025-01-01,,🔶 fine-tuned on domain-specific datasets,0.494,17.717879604672056
JayHyeon/Qwen2.5-0.5B-SFT-2e-5-2ep-DPO_5e-7_2ep_0alp_0lam,7.706086604401125,2025-01-01,,🔶 fine-tuned on domain-specific datasets,0.494,15.938903863432166
JayHyeon/Qwen2.5-0.5B-SFT-2e-5-2ep-DPO_5e-7_3ep_0alp_0lam,7.813940287125231,2025-01-01,,🔶 fine-tuned on domain-specific datasets,0.494,21.86882300089847
JayHyeon/Qwen2.5-0.5B-SFT-2e-5-2ep-DPO_7e-7_1ep_0alp_0lam,7.842463015004548,2025-01-01,,🔶 fine-tuned on domain-specific datasets,0.494,17.681940700808628
JayHyeon/Qwen2.5-0.5B-SFT-2e-5-2ep-DPO_7e-7_2ep_0alp_0lam,7.58869267971069,2025-01-01,,🔶 fine-tuned on domain-specific datasets,0.494,16.217430368373766
JayHyeon/Qwen2.5-0.5B-SFT-2e-5-2ep-DPO_7e-7_3ep_0alp_0lam,7.82811926779825,2025-01-01,,🔶 fine-tuned on domain-specific datasets,0.494,17.780772686433068
JayHyeon/Qwen2.5-0.5B-SFT-2e-5-2ep-IRPO_1e-7-1ep_1alp_0lam,7.958391854528215,2025-01-07,,🔶 fine-tuned on domain-specific datasets,0.494,22.00359389038634
JayHyeon/Qwen2.5-0.5B-SFT-2e-5-2ep-IRPO_1e-7-2ep_1alp_0lam,7.678680596214881,2025-01-07,,🔶 fine-tuned on domain-specific datasets,0.494,16.064690026954178
JayHyeon/Qwen2.5-0.5B-SFT-2e-5-2ep-IRPO_1e-7-3ep_1alp_0lam,7.707475337922656,2025-01-07,,🔶 fine-tuned on domain-specific datasets,0.63,20.610961365678346
JayHyeon/Qwen2.5-0.5B-SFT-2e-5-2ep-IRPO_3e-7-3ep_1alp_0lam,7.811415481732978,2025-01-07,,🔶 fine-tuned on domain-specific datasets,0.63,21.18598382749326
JayHyeon/Qwen2.5-0.5B-SFT-2e-5-2ep-IRPO_5e-6-1ep_1alp_0lam,7.608040308738378,2025-01-03,,🔶 fine-tuned on domain-specific datasets,0.494,21.7340521114106
JayHyeon/Qwen2.5-0.5B-SFT-2e-5-2ep-IRPO_5e-6-2ep_1alp_0lam,7.376023721057838,2025-01-03,,🔶 fine-tuned on domain-specific datasets,0.494,20.521114106019766
JayHyeon/Qwen2.5-0.5B-SFT-2e-5-2ep-IRPO_5e-6-3ep_1alp_0lam,7.500614312695059,2025-01-03,,🔶 fine-tuned on domain-specific datasets,0.63,15.858041329739445
JayHyeon/Qwen2.5-0.5B-SFT-2e-5-2ep-IRPO_5e-7-1ep_1alp_0lam,7.830243972560936,2025-01-02,,🔶 fine-tuned on domain-specific datasets,0.494,17.672955974842765
JayHyeon/Qwen2.5-0.5B-SFT-2e-5-2ep-IRPO_5e-7-2ep_1alp_0lam,7.764548314144669,2025-01-02,,🔶 fine-tuned on domain-specific datasets,0.494,17.502246181491465
JayHyeon/Qwen2.5-0.5B-SFT-2e-5-2ep-IRPO_5e-7-3ep_1alp_0lam,7.87411176143835,2025-01-02,,🔶 fine-tuned on domain-specific datasets,0.63,17.09793351302785
JayHyeon/Qwen2.5-0.5B-SFT-2e-5-2ep-MDPO_0.5_1e-7-1ep_0alp_0lam,7.491580739378782,2025-01-07,,🔶 fine-tuned on domain-specific datasets,0.494,15.345911949685537
JayHyeon/Qwen2.5-0.5B-SFT-2e-5-2ep-MDPO_0.5_1e-7-2ep_0alp_0lam,7.496575969696766,2025-01-07,,🔶 fine-tuned on domain-specific datasets,0.494,19.82030548068284
JayHyeon/Qwen2.5-0.5B-SFT-2e-5-2ep-MDPO_0.5_1e-7-3ep_0alp_0lam,7.758022627216668,2025-01-07,,🔶 fine-tuned on domain-specific datasets,0.63,20.86253369272237
JayHyeon/Qwen2.5-0.5B-SFT-2e-5-2ep-MDPO_1e-6-3ep_0alp_0lam,7.538763276089521,2025-01-01,,🔶 fine-tuned on domain-specific datasets,0.63,16.19047619047619
JayHyeon/Qwen2.5-0.5B-SFT-2e-5-2ep-MDPO_1e-6_1ep_0alp_0lam,7.900913542849916,2025-01-01,,🔶 fine-tuned on domain-specific datasets,0.494,18.185085354896678
JayHyeon/Qwen2.5-0.5B-SFT-2e-5-2ep-MDPO_1e-6_2ep_0alp_0lam,7.872419066693536,2025-01-01,,🔶 fine-tuned on domain-specific datasets,0.494,16.549865229110512
JayHyeon/Qwen2.5-0.5B-SFT-2e-5-2ep-MDPO_2e-6-3ep_0alp_0lam,7.662137140256275,2025-01-01,,🔶 fine-tuned on domain-specific datasets,0.63,15.965858041329737
JayHyeon/Qwen2.5-0.5B-SFT-2e-5-2ep-MDPO_2e-6_1ep_0alp_0lam,7.613408611706003,2025-01-01,,🔶 fine-tuned on domain-specific datasets,0.494,21.7340521114106
JayHyeon/Qwen2.5-0.5B-SFT-2e-5-2ep-MDPO_2e-6_2ep_0alp_0lam,7.688163880198053,2025-01-01,,🔶 fine-tuned on domain-specific datasets,0.494,20.575022461814914
JayHyeon/Qwen2.5-0.5B-SFT-2e-5-2ep-MDPO_3e-6-1ep_0alp_0lam,7.510368922283475,2025-01-02,,🔶 fine-tuned on domain-specific datasets,0.494,20.584007187780774
JayHyeon/Qwen2.5-0.5B-SFT-2e-5-2ep-MDPO_3e-6-2ep_0alp_0lam,7.696957299033557,2025-01-02,,🔶 fine-tuned on domain-specific datasets,0.494,21.67115902964959
JayHyeon/Qwen2.5-0.5B-SFT-2e-5-2ep-MDPO_3e-6-3ep_0alp_0lam,8.113734287630097,2025-01-02,,🔶 fine-tuned on domain-specific datasets,0.63,24.339622641509433
JayHyeon/Qwen2.5-0.5B-SFT-2e-5-2ep-MDPO_5e-6-1ep_0alp_0lam,7.472755907553406,2025-01-02,,🔶 fine-tuned on domain-specific datasets,0.494,16.56783468104223
JayHyeon/Qwen2.5-0.5B-SFT-2e-5-2ep-MDPO_5e-6-2ep_0alp_0lam,7.491778365975214,2025-01-02,,🔶 fine-tuned on domain-specific datasets,0.494,17.133872416891283
JayHyeon/Qwen2.5-0.5B-SFT-2e-5-2ep-MDPO_5e-6-3ep_0alp_0lam,7.931808376696927,2025-01-02,,🔶 fine-tuned on domain-specific datasets,0.63,23.495058400718783
JayHyeon/Qwen2.5-0.5B-SFT-2e-5-2ep-MDPO_5e-7-3ep_0alp_0lam,7.664774636147854,2024-12-31,,🔶 fine-tuned on domain-specific datasets,0.63,18.948787061994608
JayHyeon/Qwen2.5-0.5B-SFT-2e-5-2ep-MDPO_5e-7_1ep_0alp_0lam,7.6637155055011235,2024-12-31,,🔶 fine-tuned on domain-specific datasets,0.494,16.873315363881403
JayHyeon/Qwen2.5-0.5B-SFT-2e-5-2ep-MDPO_5e-7_2ep_0alp_0lam,7.759729017494784,2024-12-31,,🔶 fine-tuned on domain-specific datasets,0.494,16.909254267744835
JayHyeon/Qwen2.5-0.5B-SFT-2e-5-2ep-MDPO_7e-7-3ep_0alp_0lam,7.566871862822331,2025-01-01,,🔶 fine-tuned on domain-specific datasets,0.63,15.265049415992813
JayHyeon/Qwen2.5-0.5B-SFT-2e-5-2ep-MDPO_7e-7_1ep_0alp_0lam,7.522450873561554,2025-01-01,,🔶 fine-tuned on domain-specific datasets,0.494,14.528301886792452
JayHyeon/Qwen2.5-0.5B-SFT-2e-5-2ep-MDPO_7e-7_2ep_0alp_0lam,7.658751981428238,2025-01-01,,🔶 fine-tuned on domain-specific datasets,0.494,19.90116801437556
JayHyeon/Qwen2.5-0.5B-SFT-2e-5-3ep,7.452521242968808,2024-12-29,mit,🔶 fine-tuned on domain-specific datasets,0.63,19.577717879604673
JayHyeon/Qwen2.5-0.5B-SFT-2e-5-5ep,7.715260794976504,2024-12-29,,🔶 fine-tuned on domain-specific datasets,0.63,17.897574123989216
JayHyeon/Qwen2.5-0.5B-SFT-2e-5-5ep-MDPO_5e-7_3ep_0alp_0lam,7.834821841142105,2024-12-31,,🔶 fine-tuned on domain-specific datasets,0.63,18.70619946091644
JayHyeon/Qwen2.5-0.5B-SFT-2e-5-5ep-MDPO_5e-7_3ep_0alp_0lam_1ep,7.472893784749629,2024-12-31,,🔶 fine-tuned on domain-specific datasets,0.494,16.406109613656785
JayHyeon/Qwen2.5-0.5B-SFT-2e-5-5ep-MDPO_5e-7_3ep_0alp_0lam_2ep,7.494108519452317,2024-12-31,,🔶 fine-tuned on domain-specific datasets,0.494,20.395327942497754
JayHyeon/Qwen2.5-0.5B-SFT-2e-5-5ep-MDPO_7e-7_3ep_0alp_0lam,7.453297176972131,2024-12-31,,🔶 fine-tuned on domain-specific datasets,0.63,21.20395327942498
JayHyeon/Qwen2.5-0.5B-SFT-2e-5-5ep-MDPO_7e-7_3ep_0alp_0lam_1ep,7.592452067439491,2024-12-31,,🔶 fine-tuned on domain-specific datasets,0.494,21.635220125786166
JayHyeon/Qwen2.5-0.5B-SFT-2e-5-5ep-MDPO_7e-7_3ep_0alp_0lam_2ep,7.702241458661472,2024-12-31,,🔶 fine-tuned on domain-specific datasets,0.494,21.83288409703504
JayHyeon/Qwen2.5-0.5B-SFT-5e-5,6.609556986596828,2024-12-28,mit,🔶 fine-tuned on domain-specific datasets,0.63,18.176100628930815
JayHyeon/Qwen2.5-0.5B-SFT-5e-5-2ep,6.850186995920002,2024-12-29,,🔶 fine-tuned on domain-specific datasets,0.63,14.03414195867026
JayHyeon/Qwen2.5-0.5B-SFT-5e-5-3ep,7.074425558693155,2024-12-29,mit,🔶 fine-tuned on domain-specific datasets,0.63,16.343216531895777
JayHyeon/Qwen2.5-0.5B-SFT-5e-5-5ep,7.440232615798167,2024-12-29,,🔶 fine-tuned on domain-specific datasets,0.63,23.018867924528305
JayHyeon/Qwen2.5-0.5B-SFT-7e-5,6.761335194180454,2024-12-28,mit,🔶 fine-tuned on domain-specific datasets,0.63,15.822102425876015
JayHyeon/Qwen2.5-0.5B-SFT-7e-5-2ep,6.502777310751012,2024-12-29,,🔶 fine-tuned on domain-specific datasets,0.63,14.267744833782569
JayHyeon/Qwen2.5-0.5B-SFT-7e-5-3ep,6.894032740125938,2024-12-29,mit,🔶 fine-tuned on domain-specific datasets,0.63,15.974842767295597
JayHyeon/Qwen2.5-0.5B-SFT-7e-5-5ep,6.575560410304202,2024-12-29,,🔶 fine-tuned on domain-specific datasets,0.63,17.906558849955076
JayHyeon/Qwen2.5-0.5B-SFT-DPO-1epoch_v1,6.245597623653178,2024-12-28,mit,🔶 fine-tuned on domain-specific datasets,0.494,17.9874213836478
JayHyeon/Qwen2.5-0.5B-SFT-MDPO-1epoch_v1,6.644463688191298,2024-12-27,mit,🔶 fine-tuned on domain-specific datasets,0.494,20.251572327044023
JayHyeon/Qwen_0.5-DPOP_1e-6-3ep_0alp_5lam,7.889615512040611,2025-01-10,,🔶 fine-tuned on domain-specific datasets,0.63,16.783468104222823
JayHyeon/Qwen_0.5-DPOP_1e-7-3ep_0alp_5lam,7.889282686740077,2025-01-10,,🔶 fine-tuned on domain-specific datasets,0.63,20.143755615453728
JayHyeon/Qwen_0.5-DPOP_3e-6-1ep_0alp_5lam,7.503528444281592,2025-01-09,,🔶 fine-tuned on domain-specific datasets,0.494,15.920934411500449
JayHyeon/Qwen_0.5-DPOP_3e-6-2ep_0alp_5lam,7.695125090795082,2025-01-09,,🔶 fine-tuned on domain-specific datasets,0.494,21.99460916442049
JayHyeon/Qwen_0.5-DPOP_3e-6-3ep_0alp_5lam,7.64886621890572,2025-01-09,,🔶 fine-tuned on domain-specific datasets,0.63,20.260557053009883
JayHyeon/Qwen_0.5-DPOP_3e-7-1ep_0alp_5lam,7.460153325587554,2025-01-15,,🔶 fine-tuned on domain-specific datasets,0.494,14.285714285714288
JayHyeon/Qwen_0.5-DPOP_3e-7-2ep_0alp_5lam,7.630732587028278,2025-01-15,,🔶 fine-tuned on domain-specific datasets,0.494,14.483378256963162
JayHyeon/Qwen_0.5-DPOP_3e-7-3ep_0alp_5lam,7.691670985905742,2025-01-15,,🔶 fine-tuned on domain-specific datasets,0.63,19.649595687331537
JayHyeon/Qwen_0.5-DPOP_5e-7-1ep_0alp_5lam,7.493393961856238,2025-01-09,,🔶 fine-tuned on domain-specific datasets,0.494,19.91015274034142
JayHyeon/Qwen_0.5-DPOP_5e-7-2ep_0alp_5lam,7.718986668912689,2025-01-09,,🔶 fine-tuned on domain-specific datasets,0.494,20.92542677448338
JayHyeon/Qwen_0.5-DPOP_5e-7-3ep_0alp_5lam,7.865443795694458,2025-01-09,,🔶 fine-tuned on domain-specific datasets,0.63,17.49326145552561
JayHyeon/Qwen_0.5-DPO_1e-6-3ep_0alp_0lam,7.62746022008641,2025-01-10,,🔶 fine-tuned on domain-specific datasets,0.63,20.781671159029646
JayHyeon/Qwen_0.5-DPO_1e-7-3ep_0alp_0lam,7.573179197494986,2025-01-10,,🔶 fine-tuned on domain-specific datasets,0.63,15.63342318059299
JayHyeon/Qwen_0.5-DPO_3e-6-1ep_0alp_0lam,6.91953175659681,2025-01-09,,🔶 fine-tuned on domain-specific datasets,0.494,15.27403414195867
JayHyeon/Qwen_0.5-DPO_3e-6-2ep_0alp_0lam,8.075905010851175,2025-01-09,,🔶 fine-tuned on domain-specific datasets,0.494,17.951482479784367
JayHyeon/Qwen_0.5-DPO_3e-6-3ep_0alp_0lam,7.64297366620885,2025-01-07,,🔶 fine-tuned on domain-specific datasets,0.63,15.678346810422283
JayHyeon/Qwen_0.5-DPO_3e-7-1ep_0alp_0lam,7.97015103471792,2025-01-15,,🔶 fine-tuned on domain-specific datasets,0.494,16.199460916442046
JayHyeon/Qwen_0.5-DPO_3e-7-2ep_0alp_0lam,7.9611230480624675,2025-01-15,,🔶 fine-tuned on domain-specific datasets,0.494,17.008086253369274
JayHyeon/Qwen_0.5-DPO_3e-7-3ep_0alp_0lam,7.740913588485586,2025-01-15,,🔶 fine-tuned on domain-specific datasets,0.63,16.56783468104223
JayHyeon/Qwen_0.5-DPO_5e-7-1ep_0alp_0lam,8.081986081140814,2025-01-25,,🔶 fine-tuned on domain-specific datasets,0.63,22.443845462713387
JayHyeon/Qwen_0.5-DPO_5e-7-2ep_0alp_0lam,8.095071949326913,2025-01-09,,🔶 fine-tuned on domain-specific datasets,0.494,22.43486073674753
JayHyeon/Qwen_0.5-DPO_5e-7-3ep_0alp_0lam,7.974924607629624,2025-01-07,,🔶 fine-tuned on domain-specific datasets,0.63,17.403414195867025
JayHyeon/Qwen_0.5-IPO_5e-7-1ep_0alp_0lam,8.328387378313979,2025-01-26,,🔶 fine-tuned on domain-specific datasets,0.63,23.036837376460017
JayHyeon/Qwen_0.5-IPO_5e-7-3ep_0alp_0lam,8.595287891585235,2025-01-26,,🔶 fine-tuned on domain-specific datasets,0.63,15.292003593890385
JayHyeon/Qwen_0.5-IRPO_1e-6-3ep_1alp_0lam,7.800520466258392,2025-01-10,,🔶 fine-tuned on domain-specific datasets,0.63,20.557053009883198
JayHyeon/Qwen_0.5-IRPO_1e-7-3ep_1alp_0lam,8.273392756694859,2025-01-10,,🔶 fine-tuned on domain-specific datasets,0.63,23.674752920035935
JayHyeon/Qwen_0.5-IRPO_3e-6-1ep_1alp_0lam,7.058958298337019,2025-01-09,,🔶 fine-tuned on domain-specific datasets,0.494,12.515723270440251
JayHyeon/Qwen_0.5-IRPO_3e-6-2ep_1alp_0lam,7.289618635016649,2025-01-09,,🔶 fine-tuned on domain-specific datasets,0.494,12.902066486972148
JayHyeon/Qwen_0.5-IRPO_3e-6-3ep_1alp_0lam,8.103245031991229,2025-01-09,,🔶 fine-tuned on domain-specific datasets,0.63,21.06019766397125
JayHyeon/Qwen_0.5-IRPO_3e-7-1ep_1alp_0lam,8.061310556795855,2025-01-15,,🔶 fine-tuned on domain-specific datasets,0.494,22.839173405211145
JayHyeon/Qwen_0.5-IRPO_3e-7-3ep_1alp_0lam,8.09865538559358,2025-01-15,,🔶 fine-tuned on domain-specific datasets,0.63,17.18778077268643
JayHyeon/Qwen_0.5-IRPO_5e-7-1ep_1alp_0lam,8.092380138165963,2025-01-09,,🔶 fine-tuned on domain-specific datasets,0.494,22.686433063791558
JayHyeon/Qwen_0.5-IRPO_5e-7-2ep_1alp_0lam,8.02099509740262,2025-01-09,,🔶 fine-tuned on domain-specific datasets,0.494,15.893980233602875
JayHyeon/Qwen_0.5-IRPO_5e-7-3ep_1alp_0lam,7.856695293795835,2025-01-09,,🔶 fine-tuned on domain-specific datasets,0.63,21.455525606469006
JayHyeon/Qwen_0.5-MDPO_0.1_3e-6-3ep_0alp_0lam,8.047077683691153,2025-01-10,,🔶 fine-tuned on domain-specific datasets,0.63,24.72596585804133
JayHyeon/Qwen_0.5-MDPO_0.1_5e-7-3ep_0alp_0lam,7.30787971874518,2025-01-21,,🔶 fine-tuned on domain-specific datasets,0.63,14.348607367475294
JayHyeon/Qwen_0.5-MDPO_0.3_3e-6-3ep_0alp_0lam,7.891216810785522,2025-01-09,,🔶 fine-tuned on domain-specific datasets,0.63,18.230008984725966
JayHyeon/Qwen_0.5-MDPO_0.3_5e-7-3ep_0alp_0lam,7.408853983144998,2025-01-21,,🔶 fine-tuned on domain-specific datasets,0.63,16.181491464510334
JayHyeon/Qwen_0.5-MDPO_0.5_1e-5-3ep_0alp_0lam,7.59126646499979,2025-01-10,,🔶 fine-tuned on domain-specific datasets,0.63,21.04222821203953
JayHyeon/Qwen_0.5-MDPO_0.5_3e-7-1ep_0alp_0lam,7.390617436527434,2025-01-15,,🔶 fine-tuned on domain-specific datasets,0.494,18.30188679245283
JayHyeon/Qwen_0.5-MDPO_0.5_3e-7-2ep_0alp_0lam,7.709276870890068,2025-01-15,,🔶 fine-tuned on domain-specific datasets,0.494,20.943396226415093
JayHyeon/Qwen_0.5-MDPO_0.5_3e-7-3ep_0alp_0lam,7.48846250817605,2025-01-15,,🔶 fine-tuned on domain-specific datasets,0.63,18.607367475292
JayHyeon/Qwen_0.5-MDPO_0.5_4e-6-3ep_0alp_0lam,8.137448792080777,2025-01-10,,🔶 fine-tuned on domain-specific datasets,0.63,24.303683737646008
JayHyeon/Qwen_0.5-MDPO_0.5_6e-6-3ep_0alp_0lam,7.452943905551304,2025-01-10,,🔶 fine-tuned on domain-specific datasets,0.63,16.97214734950584
JayHyeon/Qwen_0.5-MDPO_0.5_7e-6-3ep_0alp_0lam,7.944784882371251,2025-01-10,,🔶 fine-tuned on domain-specific datasets,0.63,17.28661275831087
JayHyeon/Qwen_0.5-MDPO_0.5_7e-7-3ep_0alp_0lam,7.688013559253314,2025-01-10,,🔶 fine-tuned on domain-specific datasets,0.63,15.867026055705303
JayHyeon/Qwen_0.5-MDPO_0.7_3e-6-3ep_0alp_0lam,7.816323890967756,2025-01-09,,🔶 fine-tuned on domain-specific datasets,0.63,22.0754716981132
JayHyeon/Qwen_0.5-MDPO_0.7_5e-7-3ep_0alp_0lam,7.460108761190238,2025-01-21,,🔶 fine-tuned on domain-specific datasets,0.63,18.58939802336029
JayHyeon/Qwen_0.5-MDPO_0.9_5e-7-3ep_0alp_0lam,7.877893571937886,2025-01-21,,🔶 fine-tuned on domain-specific datasets,0.63,15.327942497753819
JayHyeon/Qwen_0.5-VDPO_5e-7-1ep_0alp_0lam,8.018805167387615,2025-01-25,,🔶 fine-tuned on domain-specific datasets,0.63,17.547169811320753
JayHyeon/Qwen_0.5-VDPO_5e-7-1ep_10vpo_const,8.070117533212565,2025-02-21,,🔶 fine-tuned on domain-specific datasets,0.63,23.55795148247978
JayHyeon/Qwen_0.5-VDPO_5e-7-1ep_3vpo_const,7.784158197402131,2025-02-21,,🔶 fine-tuned on domain-specific datasets,0.63,21.617250673854446
JayHyeon/Qwen_0.5-VDPO_5e-7-3ep_0alp_0lam,8.039735734618104,2025-01-25,,🔶 fine-tuned on domain-specific datasets,0.63,22.776280323450134
JayHyeon/Qwen_0.5-VIPO_5e-7-1ep_0alp_0lam,8.71371672694166,2025-01-25,,🔶 fine-tuned on domain-specific datasets,0.63,24.11500449236299
JayHyeon/Qwen_0.5-VIPO_5e-7-1ep_30vpo_const,8.721617990921317,2025-02-21,,🔶 fine-tuned on domain-specific datasets,0.63,24.72596585804133
JayHyeon/Qwen_0.5-VIPO_5e-7-1ep_3vpo_const,8.601146924480913,2025-02-21,,🔶 fine-tuned on domain-specific datasets,0.63,24.249775381850856
JayHyeon/Qwen_0.5-VIPO_5e-7-3ep_0alp_0lam,8.579605529729827,2025-01-25,,🔶 fine-tuned on domain-specific datasets,0.63,16.5947888589398
JayHyeon/Qwen_0.5-cDPO_5e-7-3ep_0vpo_const_0.1,7.905104898093658,2025-02-20,,🔶 fine-tuned on domain-specific datasets,0.63,22.587601078167115
JayHyeon/Qwen_0.5-cDPO_5e-7-3ep_0vpo_const_0.3,7.980367592203365,2025-02-17,,🔶 fine-tuned on domain-specific datasets,0.63,22.87511230907457
JayHyeon/Qwen_0.5-rDPO_3e-6-1ep_0vpo_const_0.1,7.083621157947087,2025-02-27,,🔶 fine-tuned on domain-specific datasets,0.63,16.549865229110512
JayHyeon/Qwen_0.5-rDPO_5e-7-3ep_0vpo_const_0.3,7.715290660055365,2025-02-17,,🔶 fine-tuned on domain-specific datasets,0.63,18.427672955974842
Jimmy19991222/Llama-3-Instruct-8B-SimPO-v0.2,24.59465136328484,2024-09-06,,"💬 chat models (RLHF, DPO, IFT, ...)",8.03,60.1078167115903
Jimmy19991222/llama-3-8b-instruct-gapo-v2-bert-f1-beta10-gamma0.3-lr1.0e-6-1minus-rerun,24.144995316075697,2024-09-18,llama3,🔶 fine-tuned on domain-specific datasets,8.03,56.18149146451034
Jimmy19991222/llama-3-8b-instruct-gapo-v2-bert_f1-beta10-gamma0.3-lr1.0e-6-scale-log,24.09614909345055,2024-09-22,llama3,🔶 fine-tuned on domain-specific datasets,8.03,55.02246181491465
Jimmy19991222/llama-3-8b-instruct-gapo-v2-bert_p-beta10-gamma0.3-lr1.0e-6-scale-log,23.03715310569549,2024-09-22,llama3,🔶 fine-tuned on domain-specific datasets,8.03,52.91105121293801
Jimmy19991222/llama-3-8b-instruct-gapo-v2-bleu-beta0.1-no-length-scale-gamma0.4,23.393777045662542,2024-09-06,,"💬 chat models (RLHF, DPO, IFT, ...)",8.03,51.150044923629835
Jimmy19991222/llama-3-8b-instruct-gapo-v2-rouge2-beta10-1minus-gamma0.3-rerun,24.385612249734205,2024-09-15,llama3,"💬 chat models (RLHF, DPO, IFT, ...)",8.03,58.194070080862524
Jimmy19991222/llama-3-8b-instruct-gapo-v2-rouge2-beta10-gamma0.3-lr1.0e-6-scale-log,24.210850058799164,2024-09-22,llama3,🔶 fine-tuned on domain-specific datasets,8.03,57.9245283018868
Jimmy19991222/llama-3-8b-instruct-gapo-v2-rougeL-beta10-gamma0.3-lr1.0e-6-scale-log,24.056972059408523,2024-09-22,llama3,🔶 fine-tuned on domain-specific datasets,8.03,55.34591194968554
Joseph717171/Hermes-3-Llama-3.1-8B_TIES_with_Base_Embeds_Initialized_to_Special_Instruct_Toks_dtypeF32,23.25287703936368,2024-10-25,llama3.1,🔶 fine-tuned on domain-specific datasets,8.03,56.88230008984726
Joseph717171/Llama-3.1-SuperNova-8B-Lite_TIES_with_Base,30.245028049214653,2024-10-03,llama3.1,🔶 fine-tuned on domain-specific datasets,8.03,72.88409703504044
Josephgflowers/Cinder-Phi-2-V1-F16-gguf,11.258522615146036,2024-06-26,mit,🔶 fine-tuned on domain-specific datasets,2.78,26.846361185983824
Josephgflowers/Differential-Attention-Liquid-Metal-Tinyllama,5.250959952944556,2024-11-07,mit,🔶 fine-tuned on domain-specific datasets,1.1,12.10242587601078
Josephgflowers/TinyLlama-Cinder-Agent-v1,6.332677189374276,2024-06-26,mit,🔶 fine-tuned on domain-specific datasets,1.1,14.97753818508535
Josephgflowers/TinyLlama-v1.1-Cinders-World,5.683002628938165,2024-10-13,mit,🔶 fine-tuned on domain-specific datasets,1.1,13.162623539982029
Josephgflowers/TinyLlama_v1.1_math_code-world-test-1,2.0028112750677205,2024-09-09,mit,🔶 fine-tuned on domain-specific datasets,1.1,9.478885893980234
Josephgflowers/Tinyllama-STEM-Cinder-Agent-v1,5.683635033220809,2024-11-27,mit,🔶 fine-tuned on domain-specific datasets,1.1,13.405211141060198
JungZoona/T3Q-Qwen2.5-14B-Instruct-1M-e3,47.09154471380421,,apache-2.0,❓ other,0.0,95.83108715184187
JungZoona/T3Q-qwen2.5-14b-v1.0-e3,47.09154471380421,2025-03-13,apache-2.0,🔶 fine-tuned on domain-specific datasets,14.77,95.83108715184187
Junhoee/Qwen-Megumin,33.992180349901545,2024-11-26,,"💬 chat models (RLHF, DPO, IFT, ...)",15.231,71.45552560646898
KSU-HW-SEC/Llama3-70b-SVA-FT-1415,36.11923272324064,2024-09-08,,🔶 fine-tuned on domain-specific datasets,70.554,87.29559748427673
KSU-HW-SEC/Llama3-70b-SVA-FT-500,35.953711985827894,2024-09-08,,🔶 fine-tuned on domain-specific datasets,70.554,87.36747529200359
KSU-HW-SEC/Llama3-70b-SVA-FT-final,36.09383714321667,2024-09-08,,🔶 fine-tuned on domain-specific datasets,70.554,87.277628032345
KSU-HW-SEC/Llama3.1-70b-SVA-FT-1000step,40.75025867079505,2024-09-08,,🔶 fine-tuned on domain-specific datasets,70.554,92.09344115004492
Khetterman/DarkAtom-12B-v3,25.88038265945612,2024-12-09,,🤝 base merges and moerges,12.248,65.03144654088051
Khetterman/Kosmos-8B-v1,21.31847148009074,2024-12-27,,🤝 base merges and moerges,8.03,54.84276729559748
Kimargin/GPT-NEO-1.3B-wiki,5.349183189126563,2024-10-24,apache-2.0,🔶 fine-tuned on domain-specific datasets,1.316,13.62084456424079
KingNish/Qwen2.5-0.5b-Test-ft,7.865415598812703,2024-09-29,apache-2.0,🔶 fine-tuned on domain-specific datasets,0.494,19.685534591194966
KingNish/Reasoning-Llama-3b-v0.1,20.212379567792407,2024-10-26,llama3.2,🔶 fine-tuned on domain-specific datasets,3.213,37.22371967654986
KingNish/qwen-1b-continued,4.792600271519794,2025-03-07,apache-2.0,🟩 continuously pretrained,1.277,16.163522012578614
KingNish/qwen-1b-continued-v2.1,5.461814579103264,2025-03-08,apache-2.0,🟩 continuously pretrained,1.277,20.557053009883198
KingNish/qwen-1b-continued-v2.2,4.441641963318088,2025-03-09,apache-2.0,🟩 continuously pretrained,1.277,11.752021563342318
Kquant03/CognitiveFusion2-4x7B-BF16,15.629054867362484,2024-07-31,apache-2.0,🤝 base merges and moerges,24.154,42.54267744833783
Kquant03/L3-Pneuma-8B,16.617570099377616,2024-10-16,llama3,🔶 fine-tuned on domain-specific datasets,8.03,48.077268643306375
Krystalan/DRT-o1-14B,36.16608563724584,2024-12-27,cc-by-nc-sa-4.0,🔶 fine-tuned on domain-specific datasets,14.77,84.55525606469003
Krystalan/DRT-o1-7B,31.402661796813607,2025-02-05,cc-by-nc-sa-4.0,🤝 base merges and moerges,7.616,78.03234501347708
Kukedlc/NeuralExperiment-7b-MagicCoder-v7.5,18.006004625989025,2024-07-30,apache-2.0,🔶 fine-tuned on domain-specific datasets,7.242,48.99371069182391
Kukedlc/NeuralLLaMa-3-8b-DT-v0.1,21.259598634719698,2024-09-17,other,🤝 base merges and moerges,8.03,56.38814016172506
Kukedlc/NeuralLLaMa-3-8b-ORPO-v0.3,17.74874162408916,2024-07-28,apache-2.0,"💬 chat models (RLHF, DPO, IFT, ...)",8.03,35.32794249775382
Kukedlc/NeuralSynthesis-7B-v0.1,20.015676781413077,2024-06-29,apache-2.0,🤝 base merges and moerges,7.242,51.94070080862534
Kukedlc/NeuralSynthesis-7B-v0.3,20.095272707991136,2024-07-31,apache-2.0,🤝 base merges and moerges,7.242,52.506738544474395
Kukedlc/NeuralSynthesis-7b-v0.4-slerp,19.530512651958592,2024-07-31,apache-2.0,🤝 base merges and moerges,7.242,50.637915543575915
Kukedlc/Qwen-2.5-7b-Spanish-o1-CoT,28.57363943059837,2024-12-04,apache-2.0,🔶 fine-tuned on domain-specific datasets,7.616,77.48427672955974
Kumar955/Hemanth-llm,22.14301843712773,2024-09-24,,🤝 base merges and moerges,7.242,56.86433063791555
LEESM/llama-2-7b-hf-lora-oki100p,8.782858998727155,2024-11-08,mit,🔶 fine-tuned on domain-specific datasets,6.738,24.231805929919137
LEESM/llama-2-7b-hf-lora-oki10p,7.168375740980447,2024-11-08,mit,🔶 fine-tuned on domain-specific datasets,6.738,17.672955974842765
LEESM/llama-3-8b-bnb-4b-kowiki231101,9.47249832488312,2024-11-08,apache-2.0,🔶 fine-tuned on domain-specific datasets,8.03,22.785265049415994
LEESM/llama-3-Korean-Bllossom-8B-trexlab-oki10p,13.509662923847069,2024-11-08,mit,🔶 fine-tuned on domain-specific datasets,8.03,34.1958670260557
LGAI-EXAONE/EXAONE-3.0-7.8B-Instruct,25.733775511042666,2024-08-18,other,"💬 chat models (RLHF, DPO, IFT, ...)",7.8,51.80592991913747
LGAI-EXAONE/EXAONE-3.5-2.4B-Instruct,27.143883211239544,2024-12-11,other,"💬 chat models (RLHF, DPO, IFT, ...)",2.405,52.70440251572327
LGAI-EXAONE/EXAONE-3.5-32B-Instruct,37.60316575566284,2025-01-13,other,"💬 chat models (RLHF, DPO, IFT, ...)",32.003,74.59119496855347
LGAI-EXAONE/EXAONE-3.5-7.8B-Instruct,32.547229958748495,2024-12-11,other,"💬 chat models (RLHF, DPO, IFT, ...)",7.818,60.449236298292895
LLM360/K2,14.643753289939289,2024-06-26,apache-2.0,🟢 pretrained,65.286,36.34321653189578
LLM360/K2-Chat,24.38714515483088,2024-06-12,apache-2.0,"💬 chat models (RLHF, DPO, IFT, ...)",65.286,65.67834681042227
LLM4Binary/llm4decompile-1.3b-v2,6.93902486034668,2024-11-16,mit,🔶 fine-tuned on domain-specific datasets,1.346,19.793351302785265
Lambent/qwen2.5-reinstruct-alternate-lumen-14B,38.07061834522751,2024-09-28,,🤝 base merges and moerges,14.766,85.34591194968554
Langboat/Mengzi3-8B-Chat,20.28829250015946,2024-10-21,apache-2.0,"💬 chat models (RLHF, DPO, IFT, ...)",8.03,48.76010781671159
LenguajeNaturalAI/leniachat-gemma-2b-v0,5.737240998088876,2024-09-01,apache-2.0,"💬 chat models (RLHF, DPO, IFT, ...)",2.506,15.103324348607366
LenguajeNaturalAI/leniachat-qwen2-1.5B-v0,8.580803348718375,2024-09-30,apache-2.0,"💬 chat models (RLHF, DPO, IFT, ...)",1.543,21.99460916442049
LeroyDyer/CheckPoint_A,18.929189414483588,2025-02-05,,🔶 fine-tuned on domain-specific datasets,7.242,48.24797843665768
LeroyDyer/CheckPoint_B,18.53937302293864,2025-02-05,,🔶 fine-tuned on domain-specific datasets,7.242,45.354896675651396
LeroyDyer/CheckPoint_C,17.11316049965239,2025-02-05,,🔶 fine-tuned on domain-specific datasets,7.242,44.50134770889488
LeroyDyer/LCARS_AI_001,14.429205739419857,2024-08-06,,🔶 fine-tuned on domain-specific datasets,7.242,36.99011680143755
LeroyDyer/LCARS_AI_1x4_003_SuperAI,19.518229049313643,2024-08-07,apache-2.0,🔶 fine-tuned on domain-specific datasets,24.154,50.8355795148248
LeroyDyer/LCARS_AI_StarTrek_Computer,14.613893572975764,2024-08-07,mit,🔶 fine-tuned on domain-specific datasets,7.242,34.348607367475296
LeroyDyer/LCARS_TOP_SCORE,20.32200540421328,2024-08-08,openrail,🔶 fine-tuned on domain-specific datasets,7.242,52.93800539083557
LeroyDyer/Mixtral_AI_SwahiliTron_7b,4.358661915319342,2024-07-12,mit,🔶 fine-tuned on domain-specific datasets,7.242,12.866127583108716
LeroyDyer/SpydazWebAI_Human_AGI,9.970349395057786,2024-10-16,,🤝 base merges and moerges,7.242,29.82030548068284
LeroyDyer/SpydazWebAI_Human_AGI_001,10.209095309808564,2024-11-18,,🔶 fine-tuned on domain-specific datasets,7.242,32.92902066486972
LeroyDyer/SpydazWeb_AI_CyberTron_Ultra_7b,13.566675630986596,2024-07-12,apache-2.0,🔶 fine-tuned on domain-specific datasets,7.242,37.088948787061994
LeroyDyer/SpydazWeb_AI_HumanAGI_001_M2,18.993604787957786,2025-01-15,,🤝 base merges and moerges,7.242,49.532794249775385
LeroyDyer/SpydazWeb_AI_HumanAGI_002,21.01474000615888,2025-01-15,apache-2.0,🔶 fine-tuned on domain-specific datasets,7.242,55.51662174303683
LeroyDyer/SpydazWeb_AI_HumanAI_001,7.741907804524428,2024-10-17,,🔶 fine-tuned on domain-specific datasets,7.242,25.8041329739443
LeroyDyer/SpydazWeb_AI_HumanAI_006,4.896570612993905,2024-11-18,,🔶 fine-tuned on domain-specific datasets,7.242,18.050314465408803
LeroyDyer/SpydazWeb_AI_HumanAI_007,10.4236168850732,2024-11-18,,🔶 fine-tuned on domain-specific datasets,7.242,33.324348607367476
LeroyDyer/SpydazWeb_AI_HumanAI_009_CHAT,9.615900799535378,2024-11-26,,🔶 fine-tuned on domain-specific datasets,7.242,31.35669362084456
LeroyDyer/SpydazWeb_AI_HumanAI_010_CHAT,8.376848844277914,2024-11-26,,🔶 fine-tuned on domain-specific datasets,7.242,25.83108715184187
LeroyDyer/SpydazWeb_AI_HumanAI_011_INSTRUCT,9.775896143015682,2024-11-26,,🔶 fine-tuned on domain-specific datasets,7.242,29.110512129380055
LeroyDyer/SpydazWeb_AI_HumanAI_011_INSTRUCT_ML,13.939790526210038,2024-11-27,,🤝 base merges and moerges,7.242,40.69182389937107
LeroyDyer/SpydazWeb_AI_HumanAI_011_INSTRUCT_ML_r1,17.981736164423843,2024-11-27,,🤝 base merges and moerges,7.242,44.61814914645104
LeroyDyer/SpydazWeb_AI_HumanAI_012_INSTRUCT_IA,15.1139675375779,2024-12-04,,🔶 fine-tuned on domain-specific datasets,7.242,44.510332434860736
LeroyDyer/SpydazWeb_AI_HumanAI_012_INSTRUCT_IA,15.141877964341816,2024-12-04,,🔶 fine-tuned on domain-specific datasets,7.242,44.510332434860736
LeroyDyer/SpydazWeb_AI_HumanAI_012_INSTRUCT_MX,8.04579774103192,2024-12-04,,🤝 base merges and moerges,7.242,21.859838274932617
LeroyDyer/SpydazWeb_AI_HumanAI_012_INSTRUCT_XA,15.915086092179353,2024-12-04,,🔶 fine-tuned on domain-specific datasets,7.242,45.77717879604673
LeroyDyer/SpydazWeb_AI_HumanAI_012_INSTRUCT_XA,16.451680981130227,2024-12-04,,🔶 fine-tuned on domain-specific datasets,7.242,45.77717879604673
LeroyDyer/SpydazWeb_AI_HumanAI_RP,7.78223636896281,2024-11-18,apache-2.0,🔶 fine-tuned on domain-specific datasets,7.242,25.17520215633423
LeroyDyer/SpydazWeb_AI_HumanAI_TextVision,9.496584895881528,2024-11-18,,🔶 fine-tuned on domain-specific datasets,7.242,30.18867924528302
LeroyDyer/SpydazWeb_HumanAI_M1,10.391053333653405,2024-10-16,,🤝 base merges and moerges,7.242,27.079964061096135
LeroyDyer/SpydazWeb_HumanAI_M2,12.484114662749576,2024-10-16,,🤝 base merges and moerges,7.242,32.147349505840076
LeroyDyer/SpydazWeb_HumanAI_M3,5.505800569799587,2024-10-16,,🤝 base merges and moerges,7.242,18.238993710691823
LeroyDyer/_Spydaz_Web_AI_12,6.615158396750675,2024-09-19,,🔶 fine-tuned on domain-specific datasets,7.242,18.643306379155437
LeroyDyer/_Spydaz_Web_AI_14,4.378364522899276,2024-09-23,,🔶 fine-tuned on domain-specific datasets,7.242,12.318059299191376
LeroyDyer/_Spydaz_Web_AI_BIBLE_002,6.86090172693433,2024-09-14,apache-2.0,🔶 fine-tuned on domain-specific datasets,7.242,20.880503144654085
LeroyDyer/_Spydaz_Web_AI_ChatML_002,5.715725326733474,2024-09-01,,🔶 fine-tuned on domain-specific datasets,7.242,13.593890386343219
LeroyDyer/_Spydaz_Web_AI_ChatQA,5.115133515206828,2024-08-06,,🔶 fine-tuned on domain-specific datasets,7.242,14.44743935309973
LeroyDyer/_Spydaz_Web_AI_ChatQA_003,6.2575600117500825,2024-09-14,,🔶 fine-tuned on domain-specific datasets,7.242,18.957771787960468
LightningRodLabs/Flashlight-v1.0,40.5748695700393,2025-01-18,mit,🔶 fine-tuned on domain-specific datasets,14.66,85.75920934411499
LightningRodLabs/Flashlight-v1.1,40.98595152297397,2025-01-24,other,🔶 fine-tuned on domain-specific datasets,14.66,84.93261455525605
LightningRodLabs/Flashlight-v1.2,16.37861284160058,2025-01-30,other,🔶 fine-tuned on domain-specific datasets,14.766,42.47079964061096
Lil-R/2_PRYMMAL-ECE-2B-SLERP-V1,21.160448654695188,2024-11-07,apache-2.0,🤝 base merges and moerges,2.614,56.28930817610062
Lil-R/2_PRYMMAL-ECE-2B-SLERP-V2,21.073953219725933,2024-11-05,apache-2.0,🤝 base merges and moerges,2.614,55.57053009883198
Lil-R/2_PRYMMAL-ECE-7B-SLERP-V1,3.733001542831197,2024-10-28,apache-2.0,🤝 base merges and moerges,7.616,11.752021563342318
Lil-R/2_PRYMMAL-ECE-7B-SLERP-V2,3.733001542831197,2024-10-28,apache-2.0,🤝 base merges and moerges,7.616,11.752021563342318
Lil-R/2_PRYMMAL-ECE-7B-SLERP-V3,8.878726613265554,2024-10-28,,🤝 base merges and moerges,7.616,24.465408805031448
Lil-R/PRYMMAL-ECE-1B-SLERP-V1,14.88329630475093,2024-10-29,apache-2.0,🤝 base merges and moerges,1.777,40.11680143755616
Lil-R/PRYMMAL-ECE-7B-SLERP-V8,3.386229392038714,2024-10-28,apache-2.0,🤝 base merges and moerges,7.616,9.793351302785265
LilRg/10PRYMMAL-3B-slerp,21.087895754438843,2024-09-24,apache-2.0,🤝 base merges and moerges,3.821,63.989218328840956
LilRg/ECE-1B-merge-PRYMMAL,14.497652546900952,2024-10-07,apache-2.0,🤝 base merges and moerges,1.777,38.490566037735846
LilRg/ECE_Finetunning,11.987032259556209,2024-09-28,apache-2.0,🔶 fine-tuned on domain-specific datasets,16.061,34.55525606469003
LilRg/PRYMMAL-6B-slerp,3.23270592407536,2024-09-24,apache-2.0,🤝 base merges and moerges,3.293,7.75381850853549
LilRg/PRYMMAL-ECE-7B-SLERP-V3,3.533946396700676,2024-10-26,,🤝 base merges and moerges,7.616,11.123090745732256
LilRg/PRYMMAL-ECE-7B-SLERP-V4,3.54393840309556,2024-10-26,,🤝 base merges and moerges,7.616,11.159029649595688
LilRg/PRYMMAL-ECE-7B-SLERP-V5,3.54393840309556,2024-10-26,,🤝 base merges and moerges,7.616,11.159029649595688
LilRg/PRYMMAL-ECE-7B-SLERP-V6,3.533946396700676,2024-10-26,,🤝 base merges and moerges,7.616,11.123090745732256
LilRg/PRYMMAL-ECE-7B-SLERP-V7,3.54393840309556,2024-10-26,,🤝 base merges and moerges,7.616,11.159029649595688
LilRg/PRYMMAL-slerp-Merge,23.42765486276747,2024-09-24,apache-2.0,🤝 base merges and moerges,3.821,68.67924528301886
LimYeri/CodeMind-Llama3-8B-unsloth_v2-merged,22.47290731923821,2024-08-28,apache-2.0,🔶 fine-tuned on domain-specific datasets,8.03,43.00089847259659
LimYeri/CodeMind-Llama3-8B-unsloth_v3-merged,21.90871377207617,2024-08-28,,🔶 fine-tuned on domain-specific datasets,8.03,41.99460916442049
LimYeri/CodeMind-Llama3-8B-unsloth_v4-one-DPO-merged,21.711489727026887,2024-08-28,apache-2.0,🔶 fine-tuned on domain-specific datasets,8.03,44.68104222821205
LimYeri/CodeMind-Llama3-8B-unsloth_v4-one-merged,17.61324636978146,2024-08-28,apache-2.0,🔶 fine-tuned on domain-specific datasets,8.03,49.101527403414195
LimYeri/CodeMind-Llama3.1-8B-unsloth-merged,22.317695413728828,2024-08-31,mit,🔶 fine-tuned on domain-specific datasets,8.03,46.675651392632524
Locutusque/CollectiveLM-Falcon-3-7B,22.94962177916018,2025-01-08,,"💬 chat models (RLHF, DPO, IFT, ...)",7.456,59.77538185085355
Locutusque/Hercules-6.0-Llama-3.1-8B,23.836013153195413,2024-09-26,llama3.1,"💬 chat models (RLHF, DPO, IFT, ...)",8.03,48.427672955974835
Locutusque/Hercules-6.1-Llama-3.1-8B,22.723248561634563,2024-10-01,llama3.1,🔶 fine-tuned on domain-specific datasets,8.03,47.43935309973046
Locutusque/Llama-3-NeuralHercules-5.0-8B,16.042475909115613,2024-06-26,llama3,"💬 chat models (RLHF, DPO, IFT, ...)",8.03,35.54357592093441
Locutusque/Llama-3-Yggdrasil-2.0-8B,20.46019749438689,2024-06-26,,🤝 base merges and moerges,8.03,44.16891284815812
Locutusque/TinyMistral-248M-v2.5,4.035439468453137,2024-09-17,apache-2.0,🟩 continuously pretrained,0.248,10.467205750224618
Luni/StarDust-12b-v1,23.44797955440925,2024-09-03,apache-2.0,🤝 base merges and moerges,12.248,57.97843665768194
Luni/StarDust-12b-v2,24.215076436734588,2024-09-03,apache-2.0,🤝 base merges and moerges,12.248,61.51841868823
Lunzima/NQLSG-Qwen2.5-14B-MegaFusion-v3,41.23204160839732,2025-02-18,,🤝 base merges and moerges,14.766,92.97394429469902
Lunzima/NQLSG-Qwen2.5-14B-MegaFusion-v5,40.96266321754947,2025-02-20,apache-2.0,🔶 fine-tuned on domain-specific datasets,14.766,90.44025157232704
Lunzima/NQLSG-Qwen2.5-14B-MegaFusion-v6,40.64719439278672,2025-02-25,,🔶 fine-tuned on domain-specific datasets,14.766,92.42587601078168
Lunzima/NQLSG-Qwen2.5-14B-MegaFusion-v7-rebase,39.62401757502077,2025-02-28,,🤝 base merges and moerges,14.766,91.24887690925428
Lunzima/NQLSG-Qwen2.5-14B-MegaFusion-v8,42.7836905135922,2025-03-09,apache-2.0,🤝 base merges and moerges,14.766,94.31266846361187
Lunzima/NQLSG-Qwen2.5-14B-MegaFusion-v8.5,38.22998867442242,2025-02-28,,🤝 base merges and moerges,14.766,89.7214734950584
Lunzima/NQLSG-Qwen2.5-14B-MegaFusion-v8.6,39.62574720619401,2025-03-01,,🤝 base merges and moerges,14.766,91.36567834681043
Lunzima/NQLSG-Qwen2.5-14B-MegaFusion-v8.7,43.09341097373618,2025-03-09,apache-2.0,🤝 base merges and moerges,14.766,93.97124887690926
Lunzima/NQLSG-Qwen2.5-14B-MegaFusion-v8.9,42.523098714975845,2025-03-09,apache-2.0,🤝 base merges and moerges,14.766,93.71069182389937
Lunzima/NQLSG-Qwen2.5-14B-MegaFusion-v9-stock,40.70544769121661,2025-03-07,,🤝 base merges and moerges,14.766,92.83917340521114
Lyte/Llama-3.1-8B-Instruct-Reasoner-1o1_v0.3,25.75346114088417,2024-09-17,,🔶 fine-tuned on domain-specific datasets,8.0,52.62353998203055
Lyte/Llama-3.2-1B-Instruct-COT-RL-Expriement1-EP04,14.64730777109662,2024-09-26,,"💬 chat models (RLHF, DPO, IFT, ...)",1.236,30.53908355795148
Lyte/Llama-3.2-3B-Overthinker,21.16747363194216,2024-10-18,apache-2.0,🔶 fine-tuned on domain-specific datasets,3.213,33.908355795148246
M4-ai/TinyMistral-248M-v3,4.20563631018843,2024-10-18,apache-2.0,🟢 pretrained,0.248,9.559748427672956
MEscriva/ECE-PRYMMAL-0.5B-FT-V5-MUSR-Mathis,3.918738619379433,2024-11-19,,🔶 fine-tuned on domain-specific datasets,0.63,15.121293800539085
MLP-KTLim/llama-3-Korean-Bllossom-8B,20.39691634614766,2024-07-09,llama3,"💬 chat models (RLHF, DPO, IFT, ...)",8.03,45.058400718778074
MTSAIR/Cotype-Nano,13.8127563761264,2024-12-01,other,🔶 fine-tuned on domain-specific datasets,1.544,31.22192273135669
MTSAIR/MultiVerse_70B,32.24436452801163,2024-06-29,other,"💬 chat models (RLHF, DPO, IFT, ...)",72.289,83.27044025157234
Magpie-Align/Llama-3-8B-Magpie-Align-SFT-v0.1,15.954087586908154,2024-09-17,llama3,🔶 fine-tuned on domain-specific datasets,8.03,31.48247978436658
Magpie-Align/Llama-3-8B-Magpie-Align-SFT-v0.3,17.55322537025943,2024-08-06,llama3,🔶 fine-tuned on domain-specific datasets,8.03,36.34321653189578
Magpie-Align/Llama-3-8B-Magpie-Align-v0.1,16.473094269110153,2024-07-03,llama3,"💬 chat models (RLHF, DPO, IFT, ...)",8.03,33.863432165318955
Magpie-Align/Llama-3-8B-Magpie-Align-v0.1,16.484004626097455,2024-07-03,llama3,"💬 chat models (RLHF, DPO, IFT, ...)",8.03,33.863432165318955
Magpie-Align/Llama-3-8B-Magpie-Align-v0.3,17.40249479320385,2024-08-06,llama3,"💬 chat models (RLHF, DPO, IFT, ...)",8.03,35.25606469002695
Magpie-Align/Llama-3.1-8B-Magpie-Align-SFT-v0.1,17.975799245688165,2024-09-17,llama3.1,🔶 fine-tuned on domain-specific datasets,8.03,36.84636118598383
Magpie-Align/Llama-3.1-8B-Magpie-Align-v0.1,17.54685483954604,2024-09-17,llama3.1,"💬 chat models (RLHF, DPO, IFT, ...)",8.03,27.520215633423177
Magpie-Align/MagpieLM-8B-Chat-v0.1,15.026344312964897,2024-09-19,llama3.1,"💬 chat models (RLHF, DPO, IFT, ...)",8.03,32.506738544474395
Magpie-Align/MagpieLM-8B-SFT-v0.1,17.78392950063439,2024-09-19,llama3.1,🔶 fine-tuned on domain-specific datasets,8.03,38.85893980233603
ManoloPueblo/ContentCuisine_1-7B-slerp,21.05279849551743,2024-11-12,,🤝 base merges and moerges,7.242,58.19407008086254
ManoloPueblo/LLM_MERGE_CC2,20.747367714260108,2024-11-12,apache-2.0,🤝 base merges and moerges,7.242,57.38544474393531
ManoloPueblo/LLM_MERGE_CC3,21.67864029208779,2024-11-12,apache-2.0,🤝 base merges and moerges,7.242,60.86253369272237
MarinaraSpaghetti/NemoReRemix-12B,22.03458082808498,2024-09-17,,🤝 base merges and moerges,12.248,64.366576819407
MarinaraSpaghetti/Nemomix-v4.0-12B,24.467976638019238,2024-08-02,,🤝 base merges and moerges,12.248,61.976639712488776
Marsouuu/MiniMathExpert-2_61B-ECE-PRYMMAL-Martial,12.494620122547149,2024-10-06,apache-2.0,🤝 base merges and moerges,2.614,36.84636118598383
Marsouuu/MiniQwenMathExpert-ECE-PRYMMAL-Martial,15.081989145779028,2024-10-07,,🤝 base merges and moerges,1.777,40.14375561545373
Marsouuu/MistralBase-4x7B-MoE-ECE-PRYMMAL-Martial,6.761759514131008,2024-10-03,apache-2.0,🤝 base merges and moerges,24.16,19.389038634321654
Marsouuu/general3B-ECE-PRYMMAL-Martial,22.978904737174783,2024-10-23,apache-2.0,🤝 base merges and moerges,3.821,68.44564240790656
Marsouuu/general3Bv2-ECE-PRYMMAL-Martial,31.917859287211872,2024-11-06,apache-2.0,🔶 fine-tuned on domain-specific datasets,7.616,79.50584007187781
Marsouuu/lareneg1_78B-ECE-PRYMMAL-Martial,15.081989145779028,2024-10-23,apache-2.0,🤝 base merges and moerges,1.777,40.14375561545373
Marsouuu/lareneg3B-ECE-PRYMMAL-Martial,23.942055269453448,2024-11-06,apache-2.0,🤝 base merges and moerges,3.821,69.64959568733153
Marsouuu/lareneg3Bv2-ECE-PRYMMAL-Martial,32.112665840964375,2024-11-06,apache-2.0,🤝 base merges and moerges,7.616,80.30548068283917
MaziyarPanahi/Calme-4x7B-MoE-v0.1,20.02390332852601,2024-08-05,apache-2.0,🤝 base merges and moerges,24.154,51.59029649595686
MaziyarPanahi/Calme-4x7B-MoE-v0.2,20.176360946073107,2024-08-05,apache-2.0,🤝 base merges and moerges,24.154,52.31805929919137
MaziyarPanahi/Llama-3-70B-Instruct-v0.1,26.33391343739024,2024-06-26,llama3,"💬 chat models (RLHF, DPO, IFT, ...)",70.554,67.46630727762803
MaziyarPanahi/Llama-3-8B-Instruct-v0.10,26.79740338813341,2024-06-26,other,🔶 fine-tuned on domain-specific datasets,8.03,65.22012578616354
MaziyarPanahi/Llama-3-8B-Instruct-v0.8,26.888884373724007,2024-07-11,other,🔶 fine-tuned on domain-specific datasets,8.03,66.10961365678347
MaziyarPanahi/Llama-3-8B-Instruct-v0.9,26.786644392116216,2024-08-06,other,🔶 fine-tuned on domain-specific datasets,8.03,65.68733153638814
MaziyarPanahi/Qwen1.5-MoE-A2.7B-Wikihow,12.325434589632,2024-09-12,apache-2.0,🔶 fine-tuned on domain-specific datasets,14.316,31.931716082659484
MaziyarPanahi/Qwen2-7B-Instruct-v0.1,22.98150895877193,2024-07-07,apache-2.0,🔶 fine-tuned on domain-specific datasets,7.616,62.461814914645096
MaziyarPanahi/Qwen2-7B-Instruct-v0.8,19.558137588276004,2024-07-07,apache-2.0,🔶 fine-tuned on domain-specific datasets,7.616,54.950584007187786
MaziyarPanahi/calme-2.1-llama3.1-70b,40.93603260877296,2024-07-24,,"💬 chat models (RLHF, DPO, IFT, ...)",70.554,89.88319856244385
MaziyarPanahi/calme-2.1-phi3-4b,25.985365252885945,2024-06-26,mit,"💬 chat models (RLHF, DPO, IFT, ...)",3.821,62.767295597484285
MaziyarPanahi/calme-2.1-phi3.5-4b,28.000378443622285,2024-08-23,mit,"💬 chat models (RLHF, DPO, IFT, ...)",3.821,69.66756513926326
MaziyarPanahi/calme-2.1-qwen2-72b,44.39894388647036,2024-06-26,other,"💬 chat models (RLHF, DPO, IFT, ...)",72.699,96.34321653189576
MaziyarPanahi/calme-2.1-qwen2-7b,23.5418799100886,2024-09-18,apache-2.0,🔶 fine-tuned on domain-specific datasets,7.616,62.264150943396224
MaziyarPanahi/calme-2.1-qwen2.5-72b,47.85672202584548,2024-09-26,other,"💬 chat models (RLHF, DPO, IFT, ...)",72.7,81.69811320754717
MaziyarPanahi/calme-2.1-rys-78b,44.64399850290042,2024-08-08,mit,"💬 chat models (RLHF, DPO, IFT, ...)",77.965,97.01707097933512
MaziyarPanahi/calme-2.2-llama3-70b,38.14006369052438,2024-06-26,llama3,"💬 chat models (RLHF, DPO, IFT, ...)",70.554,88.85893980233602
MaziyarPanahi/calme-2.2-llama3.1-70b,43.31100681386724,2024-09-09,,"💬 chat models (RLHF, DPO, IFT, ...)",70.554,92.75831087151842
MaziyarPanahi/calme-2.2-phi3-4b,25.232640533631116,2024-06-26,mit,"💬 chat models (RLHF, DPO, IFT, ...)",3.821,59.11051212938004
MaziyarPanahi/calme-2.2-qwen2-72b,44.09009576064759,2024-08-06,other,"💬 chat models (RLHF, DPO, IFT, ...)",72.706,95.13027852650494
MaziyarPanahi/calme-2.2-qwen2-7b,23.58331943928233,2024-09-18,apache-2.0,🔶 fine-tuned on domain-specific datasets,7.616,64.29469901168014
MaziyarPanahi/calme-2.2-qwen2.5-72b,47.22457675508573,2024-09-26,other,"💬 chat models (RLHF, DPO, IFT, ...)",72.7,92.77628032345014
MaziyarPanahi/calme-2.2-rys-78b,44.38633440385336,2024-08-08,mit,"💬 chat models (RLHF, DPO, IFT, ...)",77.965,95.63342318059298
MaziyarPanahi/calme-2.3-llama3-70b,37.067032265745496,2024-08-30,llama3,"💬 chat models (RLHF, DPO, IFT, ...)",70.554,86.48697214734952
MaziyarPanahi/calme-2.3-llama3.1-70b,43.275189943129554,2024-09-18,,"💬 chat models (RLHF, DPO, IFT, ...)",70.554,93.53099730458221
MaziyarPanahi/calme-2.3-phi3-4b,24.981612770364112,2024-06-26,mit,"💬 chat models (RLHF, DPO, IFT, ...)",3.821,65.78616352201257
MaziyarPanahi/calme-2.3-qwen2-72b,33.00083092091415,2024-09-15,other,"💬 chat models (RLHF, DPO, IFT, ...)",72.706,75.62443845462714
MaziyarPanahi/calme-2.3-qwen2-7b,23.08170100435127,2024-09-18,apache-2.0,🔶 fine-tuned on domain-specific datasets,7.616,62.722371967654986
MaziyarPanahi/calme-2.3-rys-78b,44.55737382877077,2024-09-03,mit,"💬 chat models (RLHF, DPO, IFT, ...)",77.965,96.35220125786162
MaziyarPanahi/calme-2.4-llama3-70b,32.48622524876468,2024-06-26,llama3,"💬 chat models (RLHF, DPO, IFT, ...)",70.554,80.42228212039534
MaziyarPanahi/calme-2.4-qwen2-7b,22.85144077010553,2024-09-18,apache-2.0,🔶 fine-tuned on domain-specific datasets,7.616,62.71338724168912
MaziyarPanahi/calme-2.4-rys-78b,50.76504719022304,2024-09-03,mit,"💬 chat models (RLHF, DPO, IFT, ...)",77.965,98.61635220125785
MaziyarPanahi/calme-2.5-qwen2-7b,22.6595386850518,2024-09-29,apache-2.0,🔶 fine-tuned on domain-specific datasets,7.616,64.366576819407
MaziyarPanahi/calme-2.6-qwen2-7b,21.23233085446529,2024-09-29,apache-2.0,🔶 fine-tuned on domain-specific datasets,7.616,57.88858939802336
MaziyarPanahi/calme-2.7-qwen2-7b,22.35526715111473,2024-09-18,apache-2.0,🔶 fine-tuned on domain-specific datasets,7.616,59.86522911051212
MaziyarPanahi/calme-3.1-baguette-3b,25.581601911367752,2024-11-08,other,🔶 fine-tuned on domain-specific datasets,3.085,57.798742138364766
MaziyarPanahi/calme-3.1-instruct-3b,21.507090636089917,2024-11-08,other,🔶 fine-tuned on domain-specific datasets,3.085,52.63252470799641
MaziyarPanahi/calme-3.1-instruct-78b,51.28748997363473,2024-11-27,other,"💬 chat models (RLHF, DPO, IFT, ...)",77.965,98.68823000898472
MaziyarPanahi/calme-3.1-llamaloi-3b,24.0933506270088,2024-11-08,llama3.2,🔶 fine-tuned on domain-specific datasets,3.213,50.93441150044924
MaziyarPanahi/calme-3.2-baguette-3b,26.332491008465908,2024-11-08,other,🔶 fine-tuned on domain-specific datasets,3.085,59.7843665768194
MaziyarPanahi/calme-3.2-instruct-3b,24.62035249644337,2024-11-08,other,🔶 fine-tuned on domain-specific datasets,3.086,58.661275831087146
MaziyarPanahi/calme-3.2-instruct-78b,52.08138397879168,2024-11-28,other,🔶 fine-tuned on domain-specific datasets,77.965,98.80503144654088
MaziyarPanahi/calme-3.3-baguette-3b,27.407100524692492,2024-11-08,other,🔶 fine-tuned on domain-specific datasets,3.086,57.0440251572327
MaziyarPanahi/calme-3.3-instruct-3b,27.77891097790277,2024-11-08,other,🔶 fine-tuned on domain-specific datasets,3.086,59.58670260557053
Minami-su/Amara-o1-7B-Qwen,34.488976713679584,2025-01-08,apache-2.0,🔶 fine-tuned on domain-specific datasets,7.616,71.32075471698114
Minami-su/Amara-o2-7B-Qwen,31.034506834602485,2025-01-09,apache-2.0,🔶 fine-tuned on domain-specific datasets,7.616,61.81491464510332
Minami-su/test-7B-00,29.950834319546107,2024-12-24,,🔶 fine-tuned on domain-specific datasets,7.616,65.30098831985624
Minami-su/test-7B-01,30.08150931571436,2024-12-24,,🔶 fine-tuned on domain-specific datasets,7.616,66.19946091644205
Minami-su/test-v2-7B-00,29.484350067576724,2024-12-25,,🔶 fine-tuned on domain-specific datasets,7.616,63.05480682839173
ModelCloud/Llama-3.2-1B-Instruct-gptqmodel-4bit-vortex-v1,12.430004377968435,2025-01-02,llama3.2,"💬 chat models (RLHF, DPO, IFT, ...)",5.453,24.995507637017067
ModelSpace/GemmaX2-28-9B-v0.1,5.991108905848541,2025-02-24,gemma,🔶 fine-tuned on domain-specific datasets,10.159,22.65947888589398
NAPS-ai/naps-gemma-2-27b-v0.1.0,1.6796019124036488,2024-11-11,apache-2.0,🔶 fine-tuned on domain-specific datasets,27.227,9.263252470799639
NAPS-ai/naps-llama-3_1-instruct-v0.5.0,16.000822862572466,2024-09-30,apache-2.0,"💬 chat models (RLHF, DPO, IFT, ...)",8.03,33.899371069182386
NCSOFT/Llama-VARCO-8B-Instruct,20.98350927266516,2024-12-21,llama3.1,"💬 chat models (RLHF, DPO, IFT, ...)",8.03,50.44923629829291
Naveenpoliasetty/llama3-8B-V2,20.820686737632144,2024-06-26,,🔶 fine-tuned on domain-specific datasets,8.03,54.67205750224618
NbAiLab/nb-llama-3.1-8B-Instruct,8.479797435320535,2024-12-10,,🔶 fine-tuned on domain-specific datasets,8.03,20.485175202156334
Nekochu/Llama-3.1-8B-German-ORPO,23.254052215833838,2024-09-24,llama3.1,🔶 fine-tuned on domain-specific datasets,8.03,54.896675651392634
Nexesenex/Llama_3.1_8b_DeepDive_3_R1_Prev_v1.0,27.472783833453928,2025-02-27,llama3.1,🤝 base merges and moerges,8.03,61.18598382749326
Nexesenex/Llama_3.1_8b_DobHerWild_R1_v1.1R,29.728397716509164,2025-02-27,llama3.1,🤝 base merges and moerges,8.03,66.70260557053011
Nexesenex/Llama_3.1_8b_DoberWild_v2.02,29.47563015963895,2025-02-28,llama3.1,🤝 base merges and moerges,8.03,67.6639712488769
Nexesenex/Llama_3.1_8b_DodoWild_v2.01,30.309648600363573,2025-02-27,llama3.1,🤝 base merges and moerges,8.031,71.48247978436657
Nexesenex/Llama_3.1_8b_DodoWild_v2.02,30.73355916962436,2025-02-28,llama3.1,🤝 base merges and moerges,8.03,70.63791554357591
Nexesenex/Llama_3.1_8b_DodoWild_v2.03,30.60438973869286,2025-02-28,llama3.1,🤝 base merges and moerges,8.03,71.37466307277629
Nexesenex/Llama_3.1_8b_Dolermed_R1_V1.01,29.312043044222406,2025-02-28,llama3.1,🤝 base merges and moerges,8.03,67.07097933513029
Nexesenex/Llama_3.1_8b_Dolermed_V1.01,23.45268314376055,2025-02-28,llama3.1,🤝 base merges and moerges,8.031,57.15184186882299
Nexesenex/Llama_3.1_8b_Dolerstormed_V1.04,30.11303338680009,2025-03-01,llama3.1,🤝 base merges and moerges,8.03,73.22551662174304
Nexesenex/Llama_3.1_8b_Hermedive_R1_V1.01,23.809186985379387,2025-02-28,llama3.1,🤝 base merges and moerges,8.03,56.7654986522911
Nexesenex/Llama_3.1_8b_Mediver_V1.01,11.984272459370358,2025-02-27,llama3.1,🤝 base merges and moerges,8.031,28.966756513926324
Nexesenex/Llama_3.1_8b_Smarteaz_0.2_R1,28.105107642426063,2025-02-27,llama3.1,🤝 base merges and moerges,8.03,67.82569631626235
Nexesenex/Llama_3.1_8b_Smarteaz_V1.01,30.62363412318741,2025-02-27,llama3.1,🤝 base merges and moerges,8.03,69.58670260557052
Nexesenex/Llama_3.2_1b_AquaSyn_0.1,6.988906174606645,2025-02-22,llama3.2,🤝 base merges and moerges,1.498,17.30458221024259
Nexesenex/Llama_3.2_1b_Odyssea_V1,5.724136311067048,2025-02-22,llama3.2,🤝 base merges and moerges,1.498,13.719676549865225
Nexesenex/Llama_3.2_1b_Odyssea_V1.01,5.655298422411647,2025-02-26,,🤝 base merges and moerges,1.498,13.602875112309073
Nexesenex/Llama_3.2_1b_SunOrca_V1,14.008724276561884,2025-03-06,llama3.2,🤝 base merges and moerges,1.498,33.02785265049416
Nexesenex/Llama_3.2_1b_Sydonia_0.1,5.524505982897409,2025-02-22,llama3.2,🤝 base merges and moerges,1.498,11.410601976639713
Nexesenex/Llama_3.2_3b_Kermes_v2,18.49497166284455,2025-02-12,llama3.2,🤝 base merges and moerges,3.213,39.40700808625337
NikolaSigmoid/AceMath-1.5B-Instruct-dolphin-r1-200,4.389863637734279,2025-03-06,apache-2.0,🔶 fine-tuned on domain-specific datasets,0.928,10.808625336927223
NikolaSigmoid/DeepSeek-R1-Distill-Qwen-1.5B-500,3.5788564701687924,2025-03-04,apache-2.0,🔶 fine-tuned on domain-specific datasets,1.157,5.804132973944295
NikolaSigmoid/phi-4-14b,29.913839706837063,2025-02-28,apache-2.0,🔶 fine-tuned on domain-specific datasets,14.704,79.58670260557051
NotASI/FineTome-Llama3.2-3B-1002,16.7624003049829,2024-10-05,llama3.2,🔶 fine-tuned on domain-specific datasets,3.0,33.98921832884097
NotASI/FineTome-v1.5-Llama3.2-1B-1007,9.24257019295171,2024-10-07,llama3.2,🔶 fine-tuned on domain-specific datasets,1.236,18.715184186882304
NotASI/FineTome-v1.5-Llama3.2-3B-1007,17.113696212626593,2024-10-07,llama3.2,🔶 fine-tuned on domain-specific datasets,3.213,35.283018867924525
NousResearch/DeepHermes-3-Mistral-24B-Preview,31.98701372074271,2025-03-13,apache-2.0,🔶 fine-tuned on domain-specific datasets,23.572,82.60557053009883
NousResearch/Hermes-2-Pro-Llama-3-8B,22.06997572152565,2024-06-13,llama3,"💬 chat models (RLHF, DPO, IFT, ...)",8.031,54.77987421383648
NousResearch/Hermes-2-Pro-Mistral-7B,21.84057680720769,2024-06-12,apache-2.0,"💬 chat models (RLHF, DPO, IFT, ...)",7.242,51.71608265947888
NousResearch/Hermes-3-Llama-3.1-70B,38.51477067349896,2024-08-28,llama3,"💬 chat models (RLHF, DPO, IFT, ...)",70.554,88.81401617250674
NousResearch/Nous-Hermes-2-Mistral-7B-DPO,21.10058697437334,2024-06-12,apache-2.0,"💬 chat models (RLHF, DPO, IFT, ...)",7.242,48.7151841868823
NousResearch/Yarn-Llama-2-13b-128k,8.494146676691704,2024-06-13,,🟩 continuously pretrained,13.0,17.825696316262352
Open-Orca/Mistral-7B-OpenOrca,17.72165111279921,2024-06-12,apache-2.0,"💬 chat models (RLHF, DPO, IFT, ...)",7.0,38.76010781671159
OpenBuddy/openbuddy-llama3-70b-v21.2-32k,35.5534575981615,2024-09-05,other,"💬 chat models (RLHF, DPO, IFT, ...)",70.554,85.59748427672956
OpenBuddy/openbuddy-llama3-8b-v21.1-8k,20.162938316635703,2024-08-03,other,"💬 chat models (RLHF, DPO, IFT, ...)",8.03,42.327044025157235
OpenBuddy/openbuddy-llama3.1-70b-v22.1-131k,41.24947292836925,2024-08-24,other,"💬 chat models (RLHF, DPO, IFT, ...)",70.554,82.08445642407905
OpenBuddy/openbuddy-llama3.1-8b-v22.3-131k,23.317953936657844,2024-08-24,other,"💬 chat models (RLHF, DPO, IFT, ...)",8.03,53.6208445642408
OpenBuddy/openbuddy-yi1.5-34b-v21.3-32k,30.92470371318825,2024-08-30,apache-2.0,"💬 chat models (RLHF, DPO, IFT, ...)",34.407,78.72416891284816
OpenLeecher/llama3-8b-lima,15.025432287041792,2024-10-01,,"💬 chat models (RLHF, DPO, IFT, ...)",8.03,28.975741239892184
OpenScholar/Llama-3.1_OpenScholar-8B,25.961332257431867,2024-12-03,apache-2.0,🔶 fine-tuned on domain-specific datasets,8.0,63.35130278526505
Orenguteng/Llama-3.1-8B-Lexi-Uncensored-V2,28.390881228317323,2024-08-28,llama3.1,🔶 fine-tuned on domain-specific datasets,8.03,62.16531895777179
Orion-zhen/phi-4-abliterated,29.97907708859114,2024-12-20,gpl-3.0,🔶 fine-tuned on domain-specific datasets,14.66,79.52380952380952
PJMixers/LLaMa-3-CursedStock-v2.0-8B,24.166133893343385,2024-06-27,llama3,🤝 base merges and moerges,8.03,53.63881401617251
PJMixers-Dev/LLaMa-3.1-Instruct-Interleaved-Zeroed-13B,28.894562181103485,2024-12-18,llama3.1,"💬 chat models (RLHF, DPO, IFT, ...)",13.047,65.04941599281221
PJMixers-Dev/LLaMa-3.1-RomboTiesTest-8B,28.818375441031588,2024-12-20,,🤝 base merges and moerges,4.015,64.9236298292902
PJMixers-Dev/LLaMa-3.1-RomboTiesTest2-8B,28.818375441031588,2024-12-21,,🤝 base merges and moerges,4.015,64.9236298292902
PJMixers-Dev/LLaMa-3.2-Instruct-JankMix-v0.2-SFT-3B,21.772674131965854,2024-10-14,llama3.2,"💬 chat models (RLHF, DPO, IFT, ...)",3.213,46.100628930817614
PJMixers-Dev/LLaMa-3.2-Instruct-JankMixBread-v0.1-3B,19.737295916446044,2024-10-12,llama3.2,🤝 base merges and moerges,3.213,43.13566936208446
Quazim0t0/Lo-Phi-14b,37.88897941168211,2025-03-09,,🤝 base merges and moerges,14.66,82.97394429469901
Quazim0t0/Phi4.Turn.R1Distill.16bit,27.502616984496523,2025-01-30,apache-2.0,🔶 fine-tuned on domain-specific datasets,14.66,57.64600179694518
Quazim0t0/Phi4Basis-14B-sce,40.31326092128696,2025-02-03,,🤝 base merges and moerges,14.66,87.40341419586703
Quazim0t0/graphite-14b-sce,29.108509572328675,2025-02-05,,🤝 base merges and moerges,14.66,64.65408805031446
Qwen/QwQ-32B-Preview,34.11985336826446,2024-11-29,apache-2.0,"💬 chat models (RLHF, DPO, IFT, ...)",32.764,70.60197663971249
Qwen/Qwen1.5-0.5B,5.3510150735736985,2024-06-13,other,🟢 pretrained,0.62,12.34501347708895
Qwen/Qwen1.5-1.8B,9.269492522098927,2024-06-13,other,🟢 pretrained,1.837,29.254267744833783
Qwen/Qwen1.5-110B,29.83367750486893,2024-06-13,other,🟢 pretrained,111.21,78.27493261455525
Qwen/Qwen1.5-14B-Chat,23.56610647505137,2024-06-12,other,"💬 chat models (RLHF, DPO, IFT, ...)",14.167,48.76909254267745
Qwen/Qwen1.5-32B,27.2987558571606,2024-06-13,other,🟢 pretrained,32.512,73.60287511230908
Qwen/Qwen1.5-32B-Chat,29.25746822860332,2024-06-12,other,"💬 chat models (RLHF, DPO, IFT, ...)",32.512,68.73315363881402
Qwen/Qwen1.5-4B-Chat,12.627280110791752,2024-06-12,other,"💬 chat models (RLHF, DPO, IFT, ...)",3.95,29.559748427672954
Qwen/Qwen1.5-MoE-A2.7B,13.945920112290064,2024-06-13,other,🟢 pretrained,14.316,27.762803234501348
Qwen/Qwen2-0.5B-Instruct,6.586780633287707,2024-06-12,apache-2.0,"💬 chat models (RLHF, DPO, IFT, ...)",0.494,13.045822102425875
Qwen/Qwen2-1.5B-Instruct,14.141936815181689,2024-06-12,apache-2.0,"💬 chat models (RLHF, DPO, IFT, ...)",1.544,37.951482479784374
Qwen/Qwen2-57B-A14B,25.0338731324107,2024-06-13,apache-2.0,🟢 pretrained,57.409,68.54447439353099
Qwen/Qwen2-7B,23.9251621404824,2024-06-09,apache-2.0,🟢 pretrained,7.616,67.37646001796945
Qwen/Qwen2-7B-Instruct,27.93668778218485,2024-06-12,apache-2.0,"💬 chat models (RLHF, DPO, IFT, ...)",7.616,61.61725067385445
Qwen/Qwen2-Math-72B-Instruct,38.020957002292825,2024-08-19,other,"💬 chat models (RLHF, DPO, IFT, ...)",72.706,84.67205750224616
Qwen/Qwen2-VL-72B-Instruct,39.53661995549832,2024-10-20,other,🌸 multimodal,73.406,89.21832884097036
Qwen/Qwen2-VL-7B-Instruct,26.493258763428177,2024-10-20,apache-2.0,🌸 multimodal,8.291,67.02605570530098
Qwen/Qwen2.5-1.5B-Instruct,18.430509141644382,2024-09-19,apache-2.0,"💬 chat models (RLHF, DPO, IFT, ...)",1.5,29.074573225516616
Qwen/Qwen2.5-14B-Instruct,41.30945747711163,2024-09-18,apache-2.0,"💬 chat models (RLHF, DPO, IFT, ...)",14.77,70.0
Qwen/Qwen2.5-32B-Instruct,46.59714569921449,2024-09-19,apache-2.0,"💬 chat models (RLHF, DPO, IFT, ...)",32.764,76.72057502246182
Qwen/Qwen2.5-3B-Instruct,27.16175720903232,2024-09-19,other,"💬 chat models (RLHF, DPO, IFT, ...)",3.0,41.47349505840072
Qwen/Qwen2.5-72B,38.441143572535815,2024-09-19,other,🟢 pretrained,72.706,88.49955076370169
Qwen/Qwen2.5-7B-Instruct,35.200108659947965,2024-09-18,apache-2.0,"💬 chat models (RLHF, DPO, IFT, ...)",7.616,60.17070979335131
Qwen/Qwen2.5-Math-72B-Instruct,36.82286386234789,2024-09-29,other,"💬 chat models (RLHF, DPO, IFT, ...)",72.706,77.59209344115004
Qwen/Qwen2.5-Math-7B,17.836657156289718,2024-09-21,apache-2.0,🟩 continuously pretrained,7.616,44.37556154537286
RESMPDEV/Qwen2-Wukong-0.5B,4.975539710746782,2024-06-30,apache-2.0,🔶 fine-tuned on domain-specific datasets,0.63,9.245283018867925
RLHFlow/ArmoRM-Llama3-8B-v0.1,4.705487409302649,2024-10-08,llama3,"💬 chat models (RLHF, DPO, IFT, ...)",7.511,11.41958670260557
Replete-AI/Llama3-8B-Instruct-Replete-Adapted,22.778517848782894,2024-07-09,,🔶 fine-tuned on domain-specific datasets,8.0,47.20575022461815
Rombo-Org/Rombo-LLM-V2.5-Qwen-7b,35.259585169099566,2025-01-13,apache-2.0,🤝 base merges and moerges,7.616,59.29020664869722
SaisExperiments/Gemma-2-2B-Stheno-Filtered,15.491102762862866,2024-10-08,gemma,🔶 fine-tuned on domain-specific datasets,2.614,36.39712488769093
SaisExperiments/RightSheep-Llama3.2-3B,15.85739377536482,2025-01-25,llama3.2,"💬 chat models (RLHF, DPO, IFT, ...)",3.213,40.242587601078164
Sakalti/Llama3.2-3B-Uranus-1,21.030483022816096,2025-01-09,llama3.2,🔶 fine-tuned on domain-specific datasets,3.213,49.05660377358491
Sakalti/Phi3.5-Comets-3.8B,5.760043006242388,2024-12-21,mit,🤝 base merges and moerges,3.821,14.384546271338724
Sakalti/Qwen2.5-1B-Instruct,4.275488298707521,2025-01-18,apache-2.0,🔶 fine-tuned on domain-specific datasets,0.988,8.697214734950583
SentientAGI/Dobby-Mini-Leashed-Llama-3.1-8B,29.43899218809408,2025-02-04,llama3.1,🔶 fine-tuned on domain-specific datasets,8.03,71.49146451033243
SentientAGI/Dobby-Mini-Unhinged-Llama-3.1-8B,27.45756521473049,2025-02-04,llama3.1,🔶 fine-tuned on domain-specific datasets,8.03,64.17789757412399
Sicarius-Prototyping/Brainy_LLAMA,24.22551281841119,2024-12-04,apache-2.0,🔶 fine-tuned on domain-specific datasets,8.03,65.35489667565139
SicariusSicariiStuff/LLAMA-3_8B_Unaligned_BETA,19.14075237978403,2024-10-18,llama3.1,🔶 fine-tuned on domain-specific datasets,8.03,52.093441150044924
SicariusSicariiStuff/Phi-Line_14B,37.56208119420943,2025-02-18,mit,🔶 fine-tuned on domain-specific datasets,14.66,88.18508535489667
SicariusSicariiStuff/Qwen2.5-14B_Uncensored,31.750334298621823,2024-09-21,,🔶 fine-tuned on domain-specific datasets,14.0,80.92542677448338
SicariusSicariiStuff/Qwen2.5-14B_Uncensored_Instruct,28.95879229174073,2024-09-21,,"💬 chat models (RLHF, DPO, IFT, ...)",14.77,68.30188679245283
SkyOrbis/SKY-Ko-Llama3.2-1B-lora-epoch5,12.134493116614278,2024-12-27,llama3,🔶 fine-tuned on domain-specific datasets,1.236,27.520215633423177
SkyOrbis/SKY-Ko-Llama3.2-1B-lora-v2-epoch3,12.134493116614278,2024-12-27,llama3.2,🔶 fine-tuned on domain-specific datasets,1.236,27.520215633423177
SkyOrbis/SKY-Ko-Llama3.2-3B-lora-epoch1,20.42021662043027,2024-12-27,llama3.2,🔶 fine-tuned on domain-specific datasets,3.213,45.78616352201257
SkyOrbis/SKY-Ko-Qwen2.5-3B-Instruct,15.791201412428553,2025-01-09,,🔶 fine-tuned on domain-specific datasets,3.086,39.308176100628934
SkyOrbis/SKY-Ko-Qwen2.5-7B-Instruct-SFT-step-15000,24.13133339481089,2025-02-01,,🔶 fine-tuned on domain-specific datasets,7.616,68.50853548966757
SkyOrbis/SKY-Ko-Qwen2.5-7B-Instruct-SFT-step-5000,24.667117533839868,2025-02-04,,🔶 fine-tuned on domain-specific datasets,7.616,67.2596585804133
Sorawiz/Gemma-9B-Base,20.84248400200344,2025-02-12,,🤝 base merges and moerges,10.159,60.449236298292895
Sorawiz/Gemma-Creative-9B-Base,18.29960573109928,2025-02-12,,🤝 base merges and moerges,10.159,56.442048517520206
Sourjayon/DeepSeek-R1-ForumNXT,11.959695622199478,2025-02-03,apache-2.0,🔶 fine-tuned on domain-specific datasets,1.777,30.566037735849054
Supichi/BBAI_135_Gemma,5.349663435184209,2025-02-26,,🤝 base merges and moerges,19.3,19.263252470799642
Syed-Hasan-8503/Phi-3-mini-4K-instruct-cpo-simpo,27.216374484698875,2024-06-26,apache-2.0,"💬 chat models (RLHF, DPO, IFT, ...)",3.821,66.06469002695418
T145/Meta-Llama-3.1-8B-Instruct-TIES,24.976590554171448,2024-12-22,,"💬 chat models (RLHF, DPO, IFT, ...)",8.03,60.161725067385454
T145/qwen-2.5-3B-merge-test,25.975399259287943,2024-11-16,,"💬 chat models (RLHF, DPO, IFT, ...)",3.397,47.59209344115005
TIGER-Lab/AceCoder-Qwen2.5-Coder-7B-Base-Rule,21.333370512930014,2025-03-07,mit,🔶 fine-tuned on domain-specific datasets,7.616,48.44564240790656
TIGER-Lab/Qwen2.5-Math-7B-CFT,23.521464490408093,2025-03-07,apache-2.0,"💬 chat models (RLHF, DPO, IFT, ...)",7.616,48.72416891284816
TTTXXX01/Mistral-7B-Base-SimPO2-5e-7,16.417452751929584,2024-09-01,apache-2.0,"💬 chat models (RLHF, DPO, IFT, ...)",7.242,37.16981132075472
Tarek07/Thalassic-Alpha-LLaMa-70B,42.2203763514307,2025-01-28,llama3.3,🤝 base merges and moerges,70.554,94.10601976639713
Telugu-LLM-Labs/Indic-gemma-2b-finetuned-sft-Navarasa-2.0,6.657818235070503,2025-02-06,other,🔶 fine-tuned on domain-specific datasets,2.506,17.133872416891283
Telugu-LLM-Labs/Indic-gemma-7b-finetuned-sft-Navarasa-2.0,13.004827801453324,2025-02-06,other,🔶 fine-tuned on domain-specific datasets,8.538,33.34231805929919
TheDrummer/Gemmasutra-9B-v1,22.74868519843542,2024-09-19,,🤝 base merges and moerges,10.159,65.71428571428571
TheDrummer/Tiger-Gemma-9B-v2,29.900202484538976,2025-01-07,,🔶 fine-tuned on domain-specific datasets,9.242,64.64510332434863
TheTsar1209/qwen-carpmuscle-r-v0.3,32.00049707280477,2024-10-23,,"💬 chat models (RLHF, DPO, IFT, ...)",14.766,79.54177897574124
TheTsar1209/qwen-carpmuscle-v0.1,33.445029423216624,2024-10-10,apache-2.0,"💬 chat models (RLHF, DPO, IFT, ...)",14.77,80.1707097933513
TinyLlama/TinyLlama-1.1B-Chat-v0.1,3.9575773348190606,2024-12-02,apache-2.0,🔶 fine-tuned on domain-specific datasets,1.1,7.3584905660377355
TinyLlama/TinyLlama-1.1B-Chat-v1.0,2.818859486124847,2024-08-04,apache-2.0,🔶 fine-tuned on domain-specific datasets,1.1,8.39173405211141
TinyLlama/TinyLlama-1.1B-intermediate-step-1431k-3T,5.230318100791095,2024-11-27,apache-2.0,🟢 pretrained,1.1,10.035938903863432
Triangle104/DS-Distilled-Hermes-Llama-3.1,22.38500937029289,2025-01-27,,🤝 base merges and moerges,8.03,57.6460017969452
Triangle104/DSR1-Distill-Llama-Lit-8B,17.835032823738523,2025-02-11,apache-2.0,🤝 base merges and moerges,8.03,42.21922731356694
Triangle104/DSR1-Distill-Qwen-7B-RP,24.099711456808997,2025-02-09,apache-2.0,🤝 base merges and moerges,7.613,56.34321653189578
Triangle104/Dolphin3-Llama3.2-Smart,14.183463389792356,2025-01-27,,🤝 base merges and moerges,3.213,32.300089847259656
Triangle104/Llama3.1-Allades-Lit-8b,11.875472634114065,2025-02-11,,🤝 base merges and moerges,8.03,28.634321653189577
Triangle104/Mistral-Small-24b-Harmony,27.168346239791443,2025-02-20,apache-2.0,🤝 base merges and moerges,23.572,74.33063791554359
Triangle104/Phi-4-AbliteratedRP,37.3749762449992,2025-01-27,apache-2.0,🤝 base merges and moerges,14.66,89.08355795148249
Triangle104/Phi4-RP-o1,28.80908949124801,2025-01-30,mit,🤝 base merges and moerges,14.66,78.02336028751124
Triangle104/Phi4-RP-o1-Ablit,28.67748592577745,2025-02-09,,🤝 base merges and moerges,14.66,77.75381850853549
Triangle104/Porpoise-R1-Llama3.2-3b,13.62683633096472,2025-02-08,llama3.2,🤝 base merges and moerges,3.213,30.116801437556152
Triangle104/RomboHermes3-R1-Llama3.2-3b,14.65828137567246,2025-02-09,llama3.2,🤝 base merges and moerges,3.213,37.64600179694519
UCLA-AGI/Gemma-2-9B-It-SPPO-Iter2,22.56307298613433,2024-08-07,gemma,"💬 chat models (RLHF, DPO, IFT, ...)",9.242,56.45103324348607
UCLA-AGI/Gemma-2-9B-It-SPPO-Iter3,22.65046295673854,2024-07-31,gemma,🔶 fine-tuned on domain-specific datasets,9.242,56.90026954177898
UCLA-AGI/Llama-3-Instruct-8B-SPPO-Iter3,23.69339630817469,2024-07-02,apache-2.0,🔶 fine-tuned on domain-specific datasets,8.03,49.04761904761905
UCLA-AGI/Llama-3-Instruct-8B-SPPO-Iter3,23.05947024187678,2024-06-28,apache-2.0,"💬 chat models (RLHF, DPO, IFT, ...)",8.03,49.04761904761905
UCLA-AGI/Mistral7B-PairRM-SPPO,16.44469675653773,2024-09-21,apache-2.0,"💬 chat models (RLHF, DPO, IFT, ...)",7.242,38.12219227313567
UCLA-AGI/Mistral7B-PairRM-SPPO-Iter2,17.118139500757714,2024-08-07,apache-2.0,"💬 chat models (RLHF, DPO, IFT, ...)",7.242,41.00628930817611
UCLA-AGI/Mistral7B-PairRM-SPPO-Iter3,16.488657432502865,2024-08-07,apache-2.0,"💬 chat models (RLHF, DPO, IFT, ...)",7.242,38.04132973944295
UKzExecution/LlamaExecutor-8B-3.0.5,24.541079195358947,2024-07-30,,🤝 base merges and moerges,8.03,49.56873315363882
VAGOsolutions/Llama-3-SauerkrautLM-70b-Instruct,38.00558783767682,2024-06-26,other,🔶 fine-tuned on domain-specific datasets,70.554,88.25696316262353
VAGOsolutions/Llama-3-SauerkrautLM-8b-Instruct,26.66765472658618,2024-07-22,other,🔶 fine-tuned on domain-specific datasets,8.03,65.83108715184187
VAGOsolutions/Llama-3.1-SauerkrautLM-8b-Instruct,29.931073085077475,2024-07-29,llama3.1,🔶 fine-tuned on domain-specific datasets,8.03,67.0440251572327
VAGOsolutions/SauerkrautLM-Gemma-2b,7.716094956089698,2024-06-26,other,🔶 fine-tuned on domain-specific datasets,2.506,19.631626235399814
VAGOsolutions/SauerkrautLM-gemma-2-9b-it,23.14181422578697,2024-08-26,gemma,🔶 fine-tuned on domain-specific datasets,9.242,60.37735849056604
VIRNECT/llama-3-Korean-8B-r-v-0.1,18.749278536149728,2024-07-18,llama3,🔶 fine-tuned on domain-specific datasets,16.061,38.086253369272235
ValiantLabs/Llama3.1-70B-ShiningValiant2,36.49318385410157,2024-10-30,llama3.1,🔶 fine-tuned on domain-specific datasets,70.554,87.90655884995508
ValiantLabs/Llama3.1-8B-Fireplace2,18.312602016344886,2024-07-25,llama3.1,🔶 fine-tuned on domain-specific datasets,8.03,40.0449236298293
ValiantLabs/Llama3.1-8B-Fireplace2,18.5705806084544,2024-08-10,llama3.1,"💬 chat models (RLHF, DPO, IFT, ...)",8.03,40.0449236298293
ValiantLabs/Llama3.2-3B-Esper2,10.944295126634552,2024-10-09,llama3.2,🔶 fine-tuned on domain-specific datasets,3.213,25.66037735849056
Weyaxi/Einstein-v6.1-Llama3-8B,20.169491366460083,2024-06-26,other,"💬 chat models (RLHF, DPO, IFT, ...)",8.03,50.62893081761006
Weyaxi/Einstein-v6.1-developed-by-Weyaxi-Llama3-8B,19.31874270630133,2024-06-26,other,"💬 chat models (RLHF, DPO, IFT, ...)",8.03,48.73315363881402
Weyaxi/Einstein-v7-Qwen2-7B,24.8064180500954,2024-06-26,other,🔶 fine-tuned on domain-specific datasets,7.616,65.29200359389039
Xiaojian9992024/Llama3.2-1B-THREADRIPPER,14.088097956146528,2025-02-03,,🤝 base merges and moerges,1.236,28.89487870619946
Xiaojian9992024/Llama3.2-1B-THREADRIPPER-v0.2,13.779234902412703,2025-02-03,,🤝 base merges and moerges,1.236,28.140161725067387
Xiaojian9992024/Qwen2.5-THREADRIPPER-Medium-Censored,41.54381790411528,2025-02-07,,🤝 base merges and moerges,14.77,86.79245283018867
Xiaojian9992024/Qwen2.5-Ultra-1.5B-25.02-Exp,14.446569781402497,2025-02-20,,🤝 base merges and moerges,1.544,30.413297394429467
YOYO-AI/Qwen2.5-14B-YOYO-0505,39.665305547250405,2025-01-27,,🤝 base merges and moerges,14.77,88.418688230009
YOYO-AI/Qwen2.5-14B-YOYO-0805,39.665305547250405,2025-01-27,,🤝 base merges and moerges,14.77,88.418688230009
YOYO-AI/Qwen2.5-14B-YOYO-1010,40.00800921412039,2025-01-25,apache-2.0,🤝 base merges and moerges,14.77,88.72416891284814
YOYO-AI/Qwen2.5-14B-YOYO-1010,31.959648585770537,2025-01-25,apache-2.0,🤝 base merges and moerges,14.77,88.72416891284814
YOYO-AI/Qwen2.5-14B-YOYO-SCE,39.66921695193184,2025-01-31,apache-2.0,🤝 base merges and moerges,14.77,88.06828391734052
YOYO-AI/Qwen2.5-14B-YOYO-V4,42.28551883596217,2025-03-03,apache-2.0,🤝 base merges and moerges,14.766,86.23539982030547
YOYO-AI/Qwen2.5-14B-YOYO-V4-p2,41.58466487593814,2025-03-01,apache-2.0,🤝 base merges and moerges,14.766,89.41599281221923
YOYO-AI/Qwen2.5-14B-YOYO-latest,40.078312739638136,2025-02-02,apache-2.0,🤝 base merges and moerges,14.77,90.01796945193172
YOYO-AI/Qwen2.5-14B-YOYO-latest-V2,41.84546724325599,2025-02-18,apache-2.0,🤝 base merges and moerges,14.766,89.50584007187781
YOYO-AI/Qwen2.5-7B-it-restore,35.33330306100891,2025-03-10,apache-2.0,🤝 base merges and moerges,7.613,75.06738544474393
YOYO-AI/ZYH-LLM-Qwen2.5-14B,39.82358869327943,2025-02-05,apache-2.0,🤝 base merges and moerges,14.77,90.10781671159029
YOYO-AI/ZYH-LLM-Qwen2.5-14B-V2,36.56636248193895,2025-02-08,apache-2.0,🤝 base merges and moerges,14.766,87.69991015274033
Youlln/ECE-Qwen0.5B-FT-V2,7.574686962054336,2024-10-11,apache-2.0,🔶 fine-tuned on domain-specific datasets,0.494,18.131176999101527
Yuma42/Llama3.1-IgneousIguana-8B,31.47616691324721,2025-03-10,llama3.1,🤝 base merges and moerges,8.03,76.37017070979336
ZeroXClem/Llama-3.1-8B-AthenaSky-MegaMix,26.791594885986022,2025-03-11,apache-2.0,🤝 base merges and moerges,8.03,55.44474393530997
ZeroXClem/Llama-3.1-8B-SuperNova-EtherealHermes,28.40553977440776,2025-03-11,apache-2.0,🤝 base merges and moerges,8.03,66.68463611859838
ZeroXClem/Qwen-2.5-Aether-SlerpFusion-7B,30.11832980281197,2024-11-20,apache-2.0,🤝 base merges and moerges,7.616,72.83917340521114
ZeroXClem/Qwen2.5-7B-HomerAnvita-NerdMix,35.64186520551805,2024-11-21,apache-2.0,🤝 base merges and moerges,7.616,83.25247079964062
abacusai/Liberated-Qwen1.5-14B,20.50814223648692,2024-09-05,other,🔶 fine-tuned on domain-specific datasets,14.0,52.120395327942504
abacusai/bigyi-15b,13.051824492532411,2024-09-17,other,🤝 base merges and moerges,15.058,33.52201257861635
abideen/MedPhi-4-14B-v1,36.53594090222929,2025-01-13,,🔶 fine-tuned on domain-specific datasets,14.66,83.27942497753818
agentlans/Llama3.1-8B-drill,26.72490725705725,2024-12-27,,🤝 base merges and moerges,8.03,56.41509433962265
agentlans/Llama3.1-Daredevilish,25.570843048894687,2025-01-22,llama3.1,🤝 base merges and moerges,8.03,62.25516621743037
agentlans/Qwen2.5-0.5B-Instruct-CrashCourse-dropout,8.433362269175692,2025-01-01,apache-2.0,"💬 chat models (RLHF, DPO, IFT, ...)",0.494,18.39173405211141
akhadangi/Llama3.2.1B.0.01-First,3.1098917488910103,2025-03-10,llama3.2,🔶 fine-tuned on domain-specific datasets,1.236,8.930817610062892
akhadangi/Llama3.2.1B.0.1-First,3.269240763959394,2025-03-10,llama3.2,🔶 fine-tuned on domain-specific datasets,1.236,9.12848158131177
akhadangi/Llama3.2.1B.BaseFiT,3.318002610011419,2025-03-10,llama3.2,🔶 fine-tuned on domain-specific datasets,1.236,9.86522911051213
allenai/Llama-3.1-Tulu-3-70B,42.33178738532094,2024-11-27,llama3.1,"💬 chat models (RLHF, DPO, IFT, ...)",70.554,93.2794249775382
allenai/Llama-3.1-Tulu-3-70B,41.45452740659843,2024-11-27,llama3.1,"💬 chat models (RLHF, DPO, IFT, ...)",70.554,93.2794249775382
allenai/Llama-3.1-Tulu-3-8B-DPO,26.463980035063702,2024-11-22,llama3.1,"💬 chat models (RLHF, DPO, IFT, ...)",8.0,59.91015274034142
allenai/Llama-3.1-Tulu-3-8B-RM,4.235057018188027,2024-11-22,llama3.1,"💬 chat models (RLHF, DPO, IFT, ...)",8.0,10.503144654088052
allenai/Llama-3.1-Tulu-3-8B-SFT,22.596940551752763,2024-11-22,llama3.1,"💬 chat models (RLHF, DPO, IFT, ...)",8.03,53.827493261455515
allknowingroger/Gemma2Slerp1-2.6B,20.670220538987987,2024-12-06,,🤝 base merges and moerges,2.614,53.333333333333336
allknowingroger/Gemma2Slerp1-27B,36.50763943363299,2024-12-06,apache-2.0,🤝 base merges and moerges,27.227,88.48158131177
allknowingroger/Gemma2Slerp2-27B,37.93170029272168,2024-12-06,apache-2.0,🤝 base merges and moerges,27.227,90.08984725965857
allknowingroger/Gemma2Slerp4-27B,37.36755448762331,2024-12-06,apache-2.0,🤝 base merges and moerges,27.227,88.60736747529202
allknowingroger/GemmaSlerp5-10B,34.382403041414115,2024-11-22,apache-2.0,🤝 base merges and moerges,10.159,85.25606469002696
allknowingroger/GemmaStock1-27B,37.51365913910503,2024-12-06,apache-2.0,🤝 base merges and moerges,27.227,89.52380952380952
allknowingroger/Llama3.1-60B,9.951594488947729,2024-10-08,,🤝 base merges and moerges,61.997,26.469002695417792
allknowingroger/MistralPhi3-11B,21.627095011873774,2024-09-02,apache-2.0,🤝 base merges and moerges,11.234,57.90655884995507
allknowingroger/Mistralmash2-7B-s,21.389680975325334,2024-09-02,apache-2.0,🤝 base merges and moerges,7.242,57.96046720575022
allknowingroger/Phi3mash1-17B-pass,21.34996880563698,2024-09-02,apache-2.0,🤝 base merges and moerges,16.687,58.292902066486974
allknowingroger/Qwen2.5-42B-AGI,4.47082956616707,2024-10-21,,🤝 base merges and moerges,42.516,11.347708894878705
allknowingroger/Qwen2.5-7B-task3,28.738760798626867,2024-11-04,apache-2.0,🤝 base merges and moerges,7.616,75.17520215633424
allknowingroger/Qwen2.5-7B-task4,30.06180942847573,2024-11-04,apache-2.0,🤝 base merges and moerges,7.616,77.84366576819406
allknowingroger/QwenSlerp12-7B,29.989027415795302,2024-11-22,apache-2.0,🤝 base merges and moerges,7.616,78.61635220125785
allknowingroger/QwenSlerp4-14B,38.79874440145977,2024-12-06,,🤝 base merges and moerges,14.766,89.81132075471697
allknowingroger/QwenSlerp6-14B,39.53457080924675,2024-12-06,apache-2.0,🤝 base merges and moerges,14.766,90.88948787061993
allknowingroger/QwenStock1-14B,38.14564924678278,2024-12-06,apache-2.0,🤝 base merges and moerges,14.766,89.09254267744834
allknowingroger/QwenStock2-14B,38.41917529577626,2024-12-06,apache-2.0,🤝 base merges and moerges,14.766,89.39802336028751
allknowingroger/Qwenslerp3-14B,38.08092336696463,2024-10-21,apache-2.0,🤝 base merges and moerges,14.77,86.95417789757413
allknowingroger/Qwenslerp3-7B,30.63274991183272,2024-11-04,apache-2.0,🤝 base merges and moerges,7.616,79.2273135669362
allknowingroger/ROGERphi-7B-slerp,20.70747082131683,2024-06-26,apache-2.0,🤝 base merges and moerges,7.242,55.31895777178796
allknowingroger/Rombos-LLM-V2.5-Qwen-42b,4.559640996200532,2024-10-21,,🤝 base merges and moerges,42.516,12.012578616352203
allknowingroger/Yi-1.5-34B,4.25273291237777,2024-10-21,,🤝 base merges and moerges,34.389,11.078167115902966
allknowingroger/Yislerp-34B,29.39892579588029,2024-09-19,apache-2.0,🤝 base merges and moerges,34.389,78.81401617250674
allknowingroger/Yislerp2-34B,30.43386510728805,2024-10-08,apache-2.0,🤝 base merges and moerges,34.389,79.9550763701707
allura-org/Mistral-Small-24b-Sertraline-0304,35.369805475643055,2025-03-04,apache-2.0,🔶 fine-tuned on domain-specific datasets,23.572,86.01078167115904
amazon/MegaBeam-Mistral-7B-300k,17.022470504123003,2024-10-07,apache-2.0,🔶 fine-tuned on domain-specific datasets,7.242,37.870619946091644
anakin87/gemma-2b-orpo,7.284706228625474,2024-07-06,other,"💬 chat models (RLHF, DPO, IFT, ...)",2.506,20.260557053009887
arcee-ai/Llama-3.1-SuperNova-Lite,30.193463980461605,2024-09-17,llama3,🔶 fine-tuned on domain-specific datasets,8.03,71.91374663072776
asharsha30/LLAMA_Harsha_8_B_ORDP_10k,16.221361486666726,2024-12-01,apache-2.0,🔶 fine-tuned on domain-specific datasets,8.03,36.33423180592992
awnr/Mistral-7B-v0.1-signtensors-1-over-4,8.747197547964134,2024-07-29,apache-2.0,🟢 pretrained,7.0,8.9937106918239
axolotl-ai-co/romulus-mistral-nemo-12b-simpo,25.176086393973254,2024-09-21,apache-2.0,"💬 chat models (RLHF, DPO, IFT, ...)",12.248,52.81221922731357
bigscience/bloom-1b1,4.025155876068456,2024-06-13,bigscience-bloom-rail-1.0,🟢 pretrained,1.065,11.32973944294699
bosonai/Higgs-Llama-3-70B,33.525397972968115,2024-09-18,other,"💬 chat models (RLHF, DPO, IFT, ...)",70.554,81.57232704402517
braindao/DeepSeek-R1-Distill-Qwen-1.5B-Blunt,7.552804605341624,2025-02-20,,🔶 fine-tuned on domain-specific datasets,1.777,21.590296495956874
braindao/DeepSeek-R1-Distill-Qwen-14B-Blunt,17.9179987350434,2025-03-03,,🔶 fine-tuned on domain-specific datasets,14.77,53.36028751123091
braindao/DeepSeek-R1-Distill-Qwen-14B-Blunt-Uncensored,16.62442618013144,2025-03-06,,🔶 fine-tuned on domain-specific datasets,14.77,47.74483378256962
braindao/DeepSeek-R1-Distill-Qwen-14B-Blunt-Uncensored-Blunt,17.9423472074527,2025-03-03,,🔶 fine-tuned on domain-specific datasets,14.77,49.128481581311775
braindao/DeepSeek-R1-Distill-Qwen-7B-Reflective,11.718078328507309,2025-03-03,,🔶 fine-tuned on domain-specific datasets,7.616,30.197663971248872
braindao/Qwen2.5-14B,32.436238941896505,2025-03-06,apache-2.0,🟢 pretrained,14.77,79.1464510332435
bunnycore/FuseCyberMix-Qwen-2.5-7B-Instruct,34.50574650183828,2024-12-20,,🤝 base merges and moerges,7.616,59.34411500449236
bunnycore/Gemma2-9B-TitanFusion,19.471500934700614,2025-02-13,,🤝 base merges and moerges,10.159,59.353099730458226
bunnycore/HyperLlama-3.1-8B,28.44897570570595,2024-09-05,apache-2.0,🤝 base merges and moerges,8.03,62.848158131177
bunnycore/Llama-3.1-8B-TitanFusion-v3,24.219132767586814,2024-09-22,,🤝 base merges and moerges,8.03,66.45103324348608
bunnycore/Llama-3.2-3B-Deep-Test,3.9736733260966406,2025-01-01,,🤝 base merges and moerges,1.803,8.553459119496855
bunnycore/Llama-3.2-3B-Deep-Test,18.441056902448857,2025-01-02,,🤝 base merges and moerges,3.607,8.553459119496855
bunnycore/Llama-3.2-3B-Della,12.217685988950697,2025-01-19,,🤝 base merges and moerges,3.607,32.13836477987421
bunnycore/Llama-3.2-3B-Long-Think,19.82599007647469,2024-10-24,,🔶 fine-tuned on domain-specific datasets,3.213,40.23360287511231
bunnycore/Llama-3.2-3B-Mix-Skill,21.73956606363181,2024-10-24,,🔶 fine-tuned on domain-specific datasets,3.607,41.96765498652291
bunnycore/Llama-3.2-3B-ProdigyPlus,16.356007600580043,2024-10-25,,🔶 fine-tuned on domain-specific datasets,3.607,36.74752920035939
bunnycore/Llama-3.2-3B-ToxicKod,21.26912427486916,2025-03-11,,🤝 base merges and moerges,3.213,43.5759209344115
bunnycore/Phi-3.5-mini-TitanFusion-0.1,26.23579178503736,2024-10-13,,🤝 base merges and moerges,3.821,68.23899371069183
bunnycore/Phi-4-Model-Stock-v4,41.216841837982095,2025-01-25,,🤝 base merges and moerges,14.66,92.37196765498653
bunnycore/Phi-4-RP-v0,38.21180801915013,2025-01-10,mit,🤝 base merges and moerges,14.66,84.97753818508535
bunnycore/Phi-4-RR-Shoup,41.27997062998439,2025-02-02,,🤝 base merges and moerges,14.66,89.56873315363882
bunnycore/Phi-4-ReasoningRP,40.9538705823328,2025-01-28,mit,🔶 fine-tuned on domain-specific datasets,14.66,90.35938903863432
bunnycore/Phi-4-Sce-exp-v0.1,41.33228109882298,2025-02-07,,🤝 base merges and moerges,14.66,89.49685534591195
bunnycore/Phi-4-Stock-Ex,40.217464671520766,2025-01-16,,🤝 base merges and moerges,14.66,90.52111410601977
bunnycore/Phi-4-Stock-RP,39.044084455528825,2025-01-12,mit,🔶 fine-tuned on domain-specific datasets,14.66,90.11680143755618
bunnycore/Phi-4-Trim-Exp1,4.501547812787733,2025-02-14,,🤝 base merges and moerges,7.503,16.298292902066486
bunnycore/Qwen-2.5-7B-Deep-Stock-v1,27.53059115286298,2025-01-25,,🤝 base merges and moerges,7.613,65.80413297394429
bunnycore/Qwen-2.5-7B-Deep-Stock-v5,18.50794443275282,2025-02-16,,🤝 base merges and moerges,7.613,41.88679245283019
bunnycore/Qwen-2.5-7B-Exp-Sce,33.8635495431104,2025-02-08,,🤝 base merges and moerges,7.613,79.81132075471699
bunnycore/Qwen-2.5-7b-S1k,34.59275371596473,2025-02-20,,🔶 fine-tuned on domain-specific datasets,7.613,73.70170709793351
bunnycore/Qwen2.5-1.5B-Model-Stock,4.199522746745044,2025-02-28,,🤝 base merges and moerges,1.776,10.224618149146451
bunnycore/Qwen2.5-3B-Model-Stock-v2,27.68767938120949,2025-01-15,,🤝 base merges and moerges,3.396,43.37825696316262
bunnycore/Qwen2.5-3B-Model-Stock-v3.2,27.386758745448905,2025-02-26,,🔶 fine-tuned on domain-specific datasets,3.396,57.565139263252476
bunnycore/Qwen2.5-3B-Model-Stock-v4.1,27.743273848475656,2025-02-28,,🤝 base merges and moerges,3.396,57.89757412398922
bunnycore/Qwen2.5-3B-RP-Mix,25.50520681111248,2024-10-22,,🔶 fine-tuned on domain-specific datasets,3.397,56.34321653189578
bunnycore/Qwen2.5-7B-Instruct-Fusion,33.10123026617861,2024-11-02,,🤝 base merges and moerges,7.616,76.91823899371069
bunnycore/Qwen2.5-7B-MixStock-Sce-V0.3,11.636394077198473,2025-02-14,,🔶 fine-tuned on domain-specific datasets,7.613,31.311769991015275
bunnycore/Qwen2.5-7B-MixStock-V0.1,33.68659688810528,2025-02-05,,🤝 base merges and moerges,7.613,79.38903863432166
bunnycore/Qwen2.5-7B-R1-Bespoke-Stock,20.435991032043965,2025-01-25,,🤝 base merges and moerges,7.613,48.90386343216532
bunnycore/Qwen2.5-7B-R1-Bespoke-Task,15.746098824658986,2025-01-25,,🤝 base merges and moerges,7.613,26.846361185983824
bunnycore/Qwen2.5-7B-Sky-R1-Mini,7.371821186629208,2025-02-18,,🤝 base merges and moerges,7.616,23.755615453728662
bunnycore/Smol-Llama-3.2-3B,22.52219334493714,2024-12-29,,🤝 base merges and moerges,3.607,46.97214734950584
byroneverson/Mistral-Small-Instruct-2409-abliterated,28.805845718641837,2024-10-13,other,🔶 fine-tuned on domain-specific datasets,22.247,65.90296495956875
byroneverson/Yi-1.5-9B-Chat-abliterated,26.270006043497983,2024-09-17,apache-2.0,🔶 fine-tuned on domain-specific datasets,8.829,65.18418688230008
carsenk/phi3.5_mini_exp_825_uncensored,3.6431087408611895,2024-08-29,apache-2.0,🔶 fine-tuned on domain-specific datasets,3.821,9.020664869721474
cat-searcher/gemma-2-9b-it-sppo-iter-1,21.93864090281541,2024-08-09,,"💬 chat models (RLHF, DPO, IFT, ...)",9.242,53.513027852650495
cckm/tinymistral_950m,5.219822920055284,2025-01-13,mit,🟢 pretrained,0.955,11.8418688230009
chujiezheng/Mistral7B-PairRM-SPPO-ExPO,13.61714888899552,2024-09-21,apache-2.0,🔶 fine-tuned on domain-specific datasets,7.242,33.80053908355795
cloudyu/Llama-3-70Bx2-MOE,35.66646489034437,2024-06-27,llama3,🔶 fine-tuned on domain-specific datasets,126.926,87.50224618149147
cognitivecomputations/Dolphin3.0-Qwen2.5-0.5B,10.626273337296174,2025-03-02,apache-2.0,🔶 fine-tuned on domain-specific datasets,0.494,22.79424977538185
cognitivecomputations/Dolphin3.0-R1-Mistral-24B,23.513141611997387,2025-02-07,,"💬 chat models (RLHF, DPO, IFT, ...)",23.572,55.56154537286613
cognitivecomputations/dolphin-2.9-llama3-8b,18.415461238797384,2024-06-12,other,"💬 chat models (RLHF, DPO, IFT, ...)",8.03,49.00269541778976
cognitivecomputations/dolphin-2.9.1-llama-3-70b,25.53438611403665,2024-06-27,llama3,"💬 chat models (RLHF, DPO, IFT, ...)",70.554,64.96855345911949
cognitivecomputations/dolphin-2.9.1-yi-1.5-9b,25.639724124308238,2024-08-02,apache-2.0,🔶 fine-tuned on domain-specific datasets,8.829,70.39532794249776
cognitivecomputations/dolphin-2.9.3-mistral-7B-32k,19.348695949526363,2024-07-04,apache-2.0,"💬 chat models (RLHF, DPO, IFT, ...)",7.248,50.39532794249776
cognitivecomputations/dolphin-2.9.4-gemma2-2b,9.835205324051351,2024-08-25,gemma,"💬 chat models (RLHF, DPO, IFT, ...)",2.614,33.674752920035935
cognitivecomputations/dolphin-2.9.4-llama3.1-8b,7.1318611826224165,2024-09-17,llama3.1,🔶 fine-tuned on domain-specific datasets,8.03,15.220125786163525
cstr/llama3.1-8b-spaetzle-v90,27.855367438578327,2024-09-15,llama3,🤝 base merges and moerges,8.03,64.76190476190476
deepseek-ai/DeepSeek-R1-Distill-Llama-8B,13.059950104920146,2025-01-20,mit,🔶 fine-tuned on domain-specific datasets,8.03,17.017070979335134
deepseek-ai/DeepSeek-R1-Distill-Qwen-1.5B,10.351036796154286,2025-01-20,mit,"💬 chat models (RLHF, DPO, IFT, ...)",1.777,17.28661275831087
deepseek-ai/DeepSeek-R1-Distill-Qwen-7B,14.99492256865316,2025-01-20,mit,"💬 chat models (RLHF, DPO, IFT, ...)",7.616,27.969451931716083
deepseek-ai/deepseek-llm-7b-base,8.227098434870664,2024-06-12,other,🟢 pretrained,7.0,24.267744833782576
deepseek-ai/deepseek-moe-16b-base,7.466333791660237,2024-06-12,other,🟢 pretrained,16.376,18.957771787960468
dnhkng/RYS-Llama-3-8B-Instruct,21.92277473665084,2024-08-07,mit,"💬 chat models (RLHF, DPO, IFT, ...)",8.248,41.716082659478886
dnhkng/RYS-Llama-3-Large-Instruct,35.981216135127745,2024-08-07,mit,"💬 chat models (RLHF, DPO, IFT, ...)",73.976,79.80233602875114
dnhkng/RYS-Llama-3.1-8B-Instruct,26.763955214988574,2024-08-30,mit,🔶 fine-tuned on domain-specific datasets,8.685,54.51033243486074
duyhv1411/Llama-3.2-3B-en-vi,10.861408814252767,2025-03-06,,🔶 fine-tuned on domain-specific datasets,1.236,24.699011680143755
dwikitheduck/gemma-2-2b-id-inst,14.849648233221265,2024-11-24,gemma,"💬 chat models (RLHF, DPO, IFT, ...)",2.0,38.58041329739443
ehristoforu/Gemma2-9B-it-psy10k-mental_health,27.19248947734485,2024-07-31,apache-2.0,🔶 fine-tuned on domain-specific datasets,9.242,70.13477088948787
ehristoforu/Gemma2-9b-it-train6,30.5339867395368,2024-07-31,apache-2.0,🔶 fine-tuned on domain-specific datasets,9.242,71.31176999101528
ehristoforu/QwenQwen2.5-7B-IT,35.58121845476433,2025-01-30,,🔶 fine-tuned on domain-specific datasets,7.613,60.69182389937106
ehristoforu/coolqwen-3b-it,28.654353578279625,2025-01-02,other,🔶 fine-tuned on domain-specific datasets,3.085,48.30188679245283
ehristoforu/qwen2.5-test-32b-it,47.36835680458376,2024-12-07,,"💬 chat models (RLHF, DPO, IFT, ...)",32.764,87.94249775381851
ehristoforu/rufalcon3-3b-it,20.64141899254107,2025-01-02,apache-2.0,🔶 fine-tuned on domain-specific datasets,3.228,46.118598382749326
ehristoforu/ruphi-4b,4.080739303536478,2025-01-02,apache-2.0,🔶 fine-tuned on domain-specific datasets,3.821,6.900269541778975
ell44ot/gemma-2b-def,8.12291928068411,2024-11-28,apache-2.0,🟢 pretrained,1.546,23.234501347708893
ewre324/Thinker-Qwen2.5-0.5B-Instruct-Reasoning,8.066116427700267,2025-01-07,apache-2.0,🔶 fine-tuned on domain-specific datasets,0.494,22.165318957771788
facebook/opt-1.3b,5.276689334204645,2024-06-12,other,🟢 pretrained,1.3,9.982030548068284
facebook/opt-30b,6.276874107966858,2024-06-12,other,🟢 pretrained,30.0,16.603773584905664
failspy/Meta-Llama-3-70B-Instruct-abliterated-v3.5,30.12935413704135,2024-08-30,llama3,🔶 fine-tuned on domain-specific datasets,70.554,70.73674752920036
failspy/Phi-3-medium-4k-instruct-abliterated-v3,31.85112078051007,2024-07-29,mit,🔶 fine-tuned on domain-specific datasets,13.96,79.57771787960468
fhai50032/Unaligned-Thinker-PHI-4,28.89926817829444,2025-01-17,apache-2.0,🔶 fine-tuned on domain-specific datasets,14.66,77.72686433063791
flammenai/Mahou-1.2a-mistral-7B,19.578990668864712,2024-09-03,apache-2.0,🔶 fine-tuned on domain-specific datasets,7.242,45.14824797843666
flammenai/Mahou-1.5-mistral-nemo-12B,26.88532589921436,2024-10-07,apache-2.0,🔶 fine-tuned on domain-specific datasets,12.248,62.60557053009883
fluently-lm/Llama-TI-8B,21.062119760175158,2024-12-07,apache-2.0,🔶 fine-tuned on domain-specific datasets,8.03,56.41509433962264
fluently-lm/Llama-TI-8B-Instruct,29.67161684095501,2025-01-16,apache-2.0,🔶 fine-tuned on domain-specific datasets,8.03,66.29829290206649
fluently-sets/FalconThink3-10B-IT,34.620674425220905,2024-12-29,apache-2.0,🔶 fine-tuned on domain-specific datasets,10.306,85.04941599281221
freewheelin/free-evo-qwen72b-v0.8-re,32.4749309635116,2024-09-15,mit,🔶 fine-tuned on domain-specific datasets,72.288,82.56064690026955
fulim/FineLlama-3.1-8B,13.250843761720356,2024-12-15,apache-2.0,🔶 fine-tuned on domain-specific datasets,8.0,36.38814016172506
gaverfraxz/Meta-Llama-3.1-8B-Instruct-HalfAbliterated-DELLA,12.108403733798744,2024-09-23,llama3.1,🤝 base merges and moerges,8.03,29.964061096136568
gaverfraxz/Meta-Llama-3.1-8B-Instruct-HalfAbliterated-TIES,20.99904174519205,2024-09-19,llama3.1,🤝 base merges and moerges,8.03,47.78077268643307
gbueno86/Brinebreath-Llama-3.1-70B,36.25499179659365,2024-08-29,llama3.1,🤝 base merges and moerges,70.554,86.4061096136568
gmonsoon/gemma2-9b-sahabatai-v1-instruct-BaseTIES,33.8045690236527,2024-11-17,gemma,🤝 base merges and moerges,9.242,84.20485175202155
godlikehhd/ifd_new_correct_all_sample_2500_qwen,15.324012443597336,2024-12-31,,🔶 fine-tuned on domain-specific datasets,1.544,37.73584905660377
godlikehhd/ifd_new_qwen_2500,15.886984394789131,2024-12-31,,🔶 fine-tuned on domain-specific datasets,1.544,40.530098831985626
godlikehhd/qwen-2.5-1.5b-cherry,14.683674027867731,2024-12-29,,🔶 fine-tuned on domain-specific datasets,0.772,38.17610062893082
google/codegemma-1.1-2b,7.133867903047553,2024-08-12,gemma,🟢 pretrained,2.506,20.40431266846361
google/gemma-1.1-2b-it,8.053373854341979,2024-06-12,gemma,"💬 chat models (RLHF, DPO, IFT, ...)",2.506,17.744833782569632
google/gemma-2-27b-it,36.17428251510342,2024-08-07,gemma,"💬 chat models (RLHF, DPO, IFT, ...)",27.227,72.15633423180593
google/gemma-2-2b,10.129463155055184,2024-07-31,gemma,🟢 pretrained,2.614,29.865229110512132
google/gemma-2-2b,10.359615568466916,2024-07-31,gemma,🟢 pretrained,2.614,29.865229110512132
google/gemma-2-2b-it,17.046939294966545,2024-07-31,gemma,🔶 fine-tuned on domain-specific datasets,2.614,35.84905660377358
google/gemma-2-2b-jpn-it,17.11540570593849,2024-10-11,gemma,🟢 pretrained,2.614,40.67385444743935
google/gemma-2-2b-jpn-it,16.678630066922224,2024-10-14,gemma,"💬 chat models (RLHF, DPO, IFT, ...)",2.614,40.67385444743935
google/recurrentgemma-9b,13.709460856107864,2024-07-04,gemma,🟢 pretrained,9.0,35.507637017070984
google/recurrentgemma-9b-it,19.218115006306835,2024-07-05,gemma,"💬 chat models (RLHF, DPO, IFT, ...)",9.0,42.264150943396224
grimjim/DeepSauerHuatuoSkywork-R1-o1-Llama-3.1-8B,26.940480296007976,2025-01-30,llama3.1,🤝 base merges and moerges,8.03,73.92632524707997
grimjim/Gigantes-v2-gemma2-9b-it,33.876785775265446,2024-12-29,gemma,🤝 base merges and moerges,9.242,77.82569631626237
grimjim/Gigantes-v3-gemma2-9b-it,33.49043715511172,2024-12-29,gemma,🤝 base merges and moerges,9.242,77.87061994609164
grimjim/HuatuoSkywork-o1-Llama-3.1-8B,24.47799926837126,2025-01-03,llama3.1,🤝 base merges and moerges,8.03,52.677448337825695
grimjim/Llama-3-Instruct-8B-SPPO-Iter3-SimPO-merge,20.83668391168813,2024-06-29,llama3,🤝 base merges and moerges,8.03,52.81221922731357
grimjim/Llama-3.1-Bonsaikraft-8B-Instruct,22.8566402455144,2025-01-25,llama3.1,🤝 base merges and moerges,8.03,63.13566936208446
grimjim/Llama-Nephilim-Metamorphosis-v2-8B,23.00221313012307,2025-01-02,llama3.1,🤝 base merges and moerges,8.03,62.875112309074574
grimjim/Magot-v2-Gemma2-8k-9B,32.97995555494225,2024-12-30,gemma,🤝 base merges and moerges,9.242,70.35040431266846
grimjim/llama-3-Nephilim-v2-8B,20.600249913059077,2024-09-18,cc-by-nc-4.0,🤝 base merges and moerges,8.03,52.3539982030548
grimjim/llama-3-Nephilim-v2.1-8B,20.43496712781404,2024-09-18,cc-by-nc-4.0,🤝 base merges and moerges,8.03,52.911051212938
grimjim/llama-3-Nephilim-v3-8B,20.600988872221105,2024-08-26,cc-by-nc-4.0,🤝 base merges and moerges,8.03,52.87511230907457
gz987/qwen2.5-7b-cabs-v0.4,36.88194596713293,2025-02-18,mit,🤝 base merges and moerges,7.616,83.34231805929919
hotmailuser/FalconSlerp2-7B,31.286856255059003,2024-12-23,other,🤝 base merges and moerges,7.456,78.89487870619946
hotmailuser/FalconSlerp3-7B,31.531501918893497,2024-12-23,other,🤝 base merges and moerges,7.456,78.84097035040432
hotmailuser/Gemma2Crono-27B,36.28874920037128,2024-12-02,apache-2.0,🤝 base merges and moerges,27.227,88.09523809523809
hotmailuser/Gemma2atlas-27B,35.809591577124344,2024-12-01,apache-2.0,🤝 base merges and moerges,27.227,87.07996406109613
hotmailuser/Llama-Hermes-slerp-8B,19.59642323585999,2024-12-23,apache-2.0,🤝 base merges and moerges,8.03,52.14734950584007
hotmailuser/LlamaStock-8B,24.411960823539555,2025-01-08,apache-2.0,🤝 base merges and moerges,8.03,66.49595687331536
hotmailuser/Qwen2.5-HomerSlerp-7B,29.43258692955959,2024-12-07,apache-2.0,🤝 base merges and moerges,7.616,76.60377358490565
hotmailuser/QwenSlerp-14B,40.34991665759889,2025-01-08,apache-2.0,🤝 base merges and moerges,14.766,91.93171608265948
hotmailuser/QwenSlerp-7B,30.08674999761204,2024-12-23,apache-2.0,🤝 base merges and moerges,7.616,77.40341419586701
hotmailuser/QwenSlerp2-14B,40.85962754388034,2025-01-08,apache-2.0,🤝 base merges and moerges,14.766,92.42587601078168
hotmailuser/QwenSparse-7B,3.4771858660491386,2025-01-08,apache-2.0,🤝 base merges and moerges,7.616,8.40071877807727
hotmailuser/QwenStock-1.7B,16.75925374781586,2025-01-08,apache-2.0,🤝 base merges and moerges,1.777,47.502246181491465
hotmailuser/QwenStock1-14B,39.99889430195756,2025-01-08,apache-2.0,🤝 base merges and moerges,14.766,91.8418688230009
huihui-ai/DeepSeek-R1-Distill-Qwen-14B-abliterated-v2,17.525034419590085,2025-01-29,,🔶 fine-tuned on domain-specific datasets,14.77,38.56244384546271
iFaz/llama31_8B_en_emo_v4,17.153620627087744,2025-02-28,,🔶 fine-tuned on domain-specific datasets,4.777,43.18957771787961
iFaz/llama32_1B_en_emo_v1,10.934841101081998,2025-01-14,apache-2.0,🔶 fine-tuned on domain-specific datasets,0.765,23.423180592991912
iFaz/llama32_3B_en_emo_2000_stp,23.911624360048616,2025-03-07,apache-2.0,🔶 fine-tuned on domain-specific datasets,1.848,50.10781671159029
iFaz/llama32_3B_en_emo_300_stp,23.75197000352155,2025-03-07,apache-2.0,🔶 fine-tuned on domain-specific datasets,1.848,49.469901168014374
iFaz/llama32_3B_en_emo_5000_stp,23.22281886664426,2025-03-08,apache-2.0,🔶 fine-tuned on domain-specific datasets,1.848,47.20575022461815
iFaz/llama32_3B_en_emo_v3,18.26359573830477,2025-02-28,apache-2.0,🔶 fine-tuned on domain-specific datasets,1.848,37.95148247978437
ifable/gemma-2-Ifable-9B,23.56844886390901,2024-09-25,gemma,🔶 fine-tuned on domain-specific datasets,9.242,64.09703504043127
jayasuryajsk/Qwen2.5-3B-reasoner,22.088475922135004,2025-02-07,apache-2.0,🔶 fine-tuned on domain-specific datasets,3.086,57.33153638814016
jebish7/Llama-3-Nanda-10B-Chat,18.064509209714284,2025-02-08,,🟢 pretrained,9.985,51.464510332434855
jebish7/Llama-3.1-8B-Instruct,24.02231249174472,2025-02-06,llama3.1,🟢 pretrained,8.03,63.36028751123091
jebish7/gemma-2-9b-it,21.76298915231794,2025-02-06,gemma,🟢 pretrained,9.242,63.4052111410602
jeffmeloy/Qwen2.5-7B-minperplexity-2,30.04145905845039,2024-12-03,apache-2.0,"💬 chat models (RLHF, DPO, IFT, ...)",7.0,64.86972147349505
jeffmeloy/Qwen2.5-7B-nerd-uncensored-v0.9,31.896915034467217,2024-11-13,apache-2.0,"💬 chat models (RLHF, DPO, IFT, ...)",7.616,81.39263252470799
jeffmeloy/Qwen2.5-7B-nerd-uncensored-v1.0,36.19369887340693,2024-11-14,apache-2.0,🤝 base merges and moerges,7.616,65.37286612758311
jeffmeloy/Qwen2.5-7B-nerd-uncensored-v1.1,24.68428340568832,2024-11-09,apache-2.0,"💬 chat models (RLHF, DPO, IFT, ...)",7.616,55.049415992812214
jeffmeloy/Qwen2.5-7B-nerd-uncensored-v1.2,23.39859502000825,2024-11-09,apache-2.0,"💬 chat models (RLHF, DPO, IFT, ...)",7.616,61.94070080862534
jeffmeloy/Qwen2.5-7B-nerd-uncensored-v1.3,24.06198639675365,2024-11-09,apache-2.0,"💬 chat models (RLHF, DPO, IFT, ...)",7.0,64.69002695417791
jeffmeloy/Qwen2.5-7B-nerd-uncensored-v1.5,31.834944840883523,2024-11-17,apache-2.0,"💬 chat models (RLHF, DPO, IFT, ...)",7.616,81.6531895777179
jeffmeloy/Qwen2.5-7B-olm-v1.2,28.53753917623895,2025-01-01,apache-2.0,"💬 chat models (RLHF, DPO, IFT, ...)",7.616,76.92722371967655
jeffmeloy/Qwen2.5-7B-olm-v1.3,29.2967667117791,2025-01-18,apache-2.0,"💬 chat models (RLHF, DPO, IFT, ...)",7.616,77.96046720575022
jeffmeloy/Qwen2.5-7B-olm-v1.5,29.23575275519298,2025-02-27,apache-2.0,🤝 base merges and moerges,7.616,78.85893980233604
jiangxinyang-shanda/Homer-LLama3-8B,19.91583079813962,2024-11-08,,"💬 chat models (RLHF, DPO, IFT, ...)",8.03,47.38544474393531
jlzhou/Qwen2.5-3B-Infinity-Instruct-0625,18.5491918072634,2025-02-07,other,🔶 fine-tuned on domain-specific datasets,3.086,37.502246181491465
johnsutor/Llama-3-8B-Instruct_breadcrumbs-density-0.1-gamma-0.01,22.442126802141008,2024-06-26,apache-2.0,🤝 base merges and moerges,8.03,61.33872416891285
johnsutor/Llama-3-8B-Instruct_breadcrumbs-density-0.1-gamma-0.1,21.44635595224064,2024-06-26,apache-2.0,🤝 base merges and moerges,8.03,57.36747529200359
johnsutor/Llama-3-8B-Instruct_breadcrumbs-density-0.5-gamma-0.01,19.44753152983463,2024-06-26,apache-2.0,🤝 base merges and moerges,8.03,49.98203054806829
johnsutor/Llama-3-8B-Instruct_breadcrumbs-density-0.5-gamma-0.1,22.371145290205718,2024-06-26,apache-2.0,🤝 base merges and moerges,8.03,61.57232704402516
johnsutor/Llama-3-8B-Instruct_breadcrumbs-density-0.7-gamma-0.01,18.480197691407646,2024-06-26,apache-2.0,🤝 base merges and moerges,8.03,46.86433063791554
johnsutor/Llama-3-8B-Instruct_breadcrumbs-density-0.7-gamma-0.1,21.77274590923878,2024-06-26,apache-2.0,🤝 base merges and moerges,8.03,59.93710691823899
johnsutor/Llama-3-8B-Instruct_breadcrumbs_ties-density-0.1-gamma-0.01,22.174229898217675,2024-06-26,apache-2.0,🤝 base merges and moerges,8.03,60.58400718778078
johnsutor/Llama-3-8B-Instruct_breadcrumbs_ties-density-0.5-gamma-0.01,20.250340892451284,2024-06-26,apache-2.0,🤝 base merges and moerges,8.03,52.80323450134771
johnsutor/Llama-3-8B-Instruct_breadcrumbs_ties-density-0.5-gamma-0.1,21.442231277824096,2024-06-26,apache-2.0,🤝 base merges and moerges,8.03,58.0503144654088
johnsutor/Llama-3-8B-Instruct_breadcrumbs_ties-density-0.7-gamma-0.01,19.28808146621785,2024-06-26,apache-2.0,🤝 base merges and moerges,8.03,51.0062893081761
johnsutor/Llama-3-8B-Instruct_breadcrumbs_ties-density-0.9-gamma-0.01,19.06061039400886,2024-06-26,apache-2.0,🤝 base merges and moerges,8.03,49.62264150943396
johnsutor/Llama-3-8B-Instruct_breadcrumbs_ties-density-0.9-gamma-0.1,21.361497158834094,2024-06-26,apache-2.0,🤝 base merges and moerges,8.03,57.8796046720575
johnsutor/Llama-3-8B-Instruct_linear,21.370872595590694,2024-06-26,apache-2.0,🤝 base merges and moerges,8.03,55.884995507637015
johnsutor/Llama-3-8B-Instruct_ties-density-0.1,20.42851214060437,2024-06-26,apache-2.0,🤝 base merges and moerges,8.03,53.342318059299195
johnsutor/Llama-3-8B-Instruct_ties-density-0.7,18.056542734095075,2024-06-26,apache-2.0,🤝 base merges and moerges,8.03,46.585804132973934
kayfour/T3Q-Qwen2.5-7B-it-KOR-Safe,32.418098677759176,2025-02-20,apache-2.0,🔶 fine-tuned on domain-specific datasets,7.616,79.82030548068283
keeeeenw/MicroLlama,5.266088341806957,2024-09-15,apache-2.0,🟢 pretrained,0.305,12.515723270440251
kevin009/llamaRAGdrama,13.348717196012394,2024-06-26,apache-2.0,🔶 fine-tuned on domain-specific datasets,7.242,35.77717879604672
khoantap/llama-3-8b-stock-merge,23.933563133579472,2025-01-21,,🔶 fine-tuned on domain-specific datasets,8.03,62.59658580413298
khoantap/llama-linear-0.5-0.5-1-merge,25.90696272224101,2025-01-21,,🔶 fine-tuned on domain-specific datasets,8.03,69.53279424977538
khoantap/llama-linear-0.5-1-0.5-merge,25.550040759082293,2025-01-21,,🔶 fine-tuned on domain-specific datasets,8.03,65.14824797843666
khoantap/llama-slerp-merge,24.169846243728667,2025-01-21,,🤝 base merges and moerges,8.03,61.500449236298294
khulaifi95/Llama-3.1-8B-Reason-Blend-888k,21.101958513598035,2024-12-27,other,🔶 fine-tuned on domain-specific datasets,8.03,44.896675651392634
kms7530/chemeng_llama-3-8b-Instruct-bnb-4bit_24_1_100_1,17.99671713302148,2024-10-14,apache-2.0,🔶 fine-tuned on domain-specific datasets,9.3,37.77178796046721
kms7530/chemeng_qwen-math-7b_24_1_100_1_nonmath,16.982090044361417,2024-11-22,apache-2.0,"💬 chat models (RLHF, DPO, IFT, ...)",15.231,46.02875112309075
langgptai/Qwen-las-v0.1,11.633178497007412,2024-06-27,other,"💬 chat models (RLHF, DPO, IFT, ...)",7.901,24.429469901168012
langgptai/qwen1.5-7b-chat-sa-v0.1,16.580170752646193,2024-06-27,other,"💬 chat models (RLHF, DPO, IFT, ...)",15.443,40.143755615453735
lars1234/Mistral-Small-24B-Instruct-2501-writer,39.85579031723165,2025-03-07,apache-2.0,🔶 fine-tuned on domain-specific datasets,23.572,92.29110512129381
lemon07r/Gemma-2-Ataraxy-9B,23.711508058895607,2024-08-27,gemma,🔶 fine-tuned on domain-specific datasets,10.159,62.08445642407906
lemon07r/Gemma-2-Ataraxy-Advanced-9B,28.34483988750465,2024-09-30,,🔶 fine-tuned on domain-specific datasets,10.159,58.76010781671158
lemon07r/Gemma-2-Ataraxy-v3j-9B,23.987245785456132,2024-10-09,,🔶 fine-tuned on domain-specific datasets,9.242,49.128481581311775
lemon07r/Gemma-2-Ataraxy-v4-Advanced-9B,33.40277377153587,2024-10-14,,🤝 base merges and moerges,10.159,77.61904761904762
lemon07r/Gemma-2-Ataraxy-v4b-9B,33.46834927886008,2024-10-22,,🔶 fine-tuned on domain-specific datasets,10.159,78.85893980233601
lemon07r/Gemma-2-Ataraxy-v4c-9B,33.406962694028415,2024-10-16,,🤝 base merges and moerges,10.159,82.51572327044025
lemon07r/Llama-3-RedMagic4-8B,19.430990497953943,2024-06-26,llama3,🔶 fine-tuned on domain-specific datasets,8.03,47.69991015274034
lemon07r/llama-3-NeuralMahou-8b,19.846074213837827,2024-06-26,llama3,🔶 fine-tuned on domain-specific datasets,8.03,48.90386343216531
lightblue/suzume-llama-3-8B-multilingual,23.98630635028447,2024-07-30,other,🔶 fine-tuned on domain-specific datasets,8.03,53.56693620844565
lightblue/suzume-llama-3-8B-multilingual-orpo-borda-half,21.50979670721306,2024-06-29,cc-by-nc-4.0,"💬 chat models (RLHF, DPO, IFT, ...)",8.03,41.05121293800539
lightblue/suzume-llama-3-8B-multilingual-orpo-borda-top25,23.684768112420983,2024-06-29,cc-by-nc-4.0,"💬 chat models (RLHF, DPO, IFT, ...)",8.03,48.90386343216531
lkoenig/BBAI_200_Gemma,5.086148057258666,2025-02-26,,🤝 base merges and moerges,19.3,17.061994609164422
lkoenig/BBAI_456_QwenKoen,29.811925443075086,2025-03-01,,🤝 base merges and moerges,7.616,76.81940700808626
lkoenig/BBAI_7B_KoenQwenDyan,32.02495361134858,2025-03-08,,🤝 base merges and moerges,7.616,79.86522911051213
lkoenig/BBAI_7B_Qwen2.5koen,29.836311993118755,2025-03-01,,🤝 base merges and moerges,7.616,76.73854447439354
lkoenig/BBAI_7B_QwenDyanKoenLo,30.01758177649708,2025-03-08,,🤝 base merges and moerges,7.616,77.17879604672056
llmat/Mistral-v0.3-7B-ORPO,12.399290010550857,2024-09-02,apache-2.0,"💬 chat models (RLHF, DPO, IFT, ...)",7.248,25.318957771787957
llmat/Mistral-v0.3-7B-ORPO,12.024321589275658,2024-08-06,apache-2.0,"💬 chat models (RLHF, DPO, IFT, ...)",7.248,25.318957771787957
magnifi/Phi3_intent_v56_3_w_unknown_5_lr_0.002,7.1244683931064765,2025-03-10,apache-2.0,🔶 fine-tuned on domain-specific datasets,3.821,21.59928122192273
maldv/badger-lambda-llama-3-8b,20.943850248259498,2024-06-26,cc-by-nc-4.0,🤝 base merges and moerges,8.03,50.35040431266845
marcuscedricridia/Hush-Qwen2.5-7B-MST,33.66195961349608,2025-03-09,,🤝 base merges and moerges,7.613,73.73764600179695
marcuscedricridia/Hush-Qwen2.5-7B-MST-v1.3,35.73029750670216,2025-03-09,,🤝 base merges and moerges,7.613,81.44654088050315
marcuscedricridia/Hush-Qwen2.5-7B-Preview,35.12716296399811,2025-03-07,,🤝 base merges and moerges,7.613,81.93171608265949
marcuscedricridia/Hush-Qwen2.5-7B-RP-v1.4-1M,33.31791936262957,2025-03-10,,🤝 base merges and moerges,7.613,78.29290206648697
marcuscedricridia/Hush-Qwen2.5-7B-v1.1,35.47835434931775,2025-03-08,,🤝 base merges and moerges,7.613,80.07187780772686
marcuscedricridia/Hush-Qwen2.5-7B-v1.3,33.93143365739242,2025-03-08,,🤝 base merges and moerges,7.613,79.64061096136568
marcuscedricridia/Qwen2.5-7B-Preview,33.62064174853305,2025-03-09,,"💬 chat models (RLHF, DPO, IFT, ...)",7.613,78.77807726864332
marcuscedricridia/Yell-Qwen2.5-7B-Preview-v1.1,26.093952629179142,2025-03-08,,🤝 base merges and moerges,7.613,64.15094339622641
mattshumer/Reflection-Llama-3.1-70B,24.392555308681647,2024-12-25,llama3.1,🔶 fine-tuned on domain-specific datasets,70.554,70.80862533692724
meditsolutions/Llama-3.2-SUN-1B-chat,13.641365564259702,2024-11-07,llama3.2,"💬 chat models (RLHF, DPO, IFT, ...)",1.498,29.137466307277627
meditsolutions/Llama-3.2-SUN-2.4B-checkpoint-34800,8.193102548827737,2024-10-05,llama3.2,"💬 chat models (RLHF, DPO, IFT, ...)",2.209,25.480682839173408
meditsolutions/Llama-3.2-SUN-2.5B-chat,13.98771014319157,2024-10-26,llama3.2,"💬 chat models (RLHF, DPO, IFT, ...)",2.472,25.004492362982933
meta-llama/Llama-2-13b-hf,11.065185981273997,2024-06-12,llama2,🟢 pretrained,13.016,26.36118598382749
meta-llama/Llama-2-70b-chat-hf,13.073695775827504,2024-06-12,llama2,"💬 chat models (RLHF, DPO, IFT, ...)",68.977,26.325247079964058
meta-llama/Llama-2-70b-hf,18.372598605703004,2024-06-12,llama2,🟢 pretrained,68.977,51.22192273135669
meta-llama/Llama-2-7b-chat-hf,9.609483264152257,2024-08-30,llama2,🟢 pretrained,6.738,20.898472596585805
meta-llama/Llama-3.1-70B,26.200215843375947,2024-07-23,llama3.1,🟢 pretrained,70.554,73.75561545372867
meta-llama/Llama-3.1-70B-Instruct,43.409948245645786,2024-08-15,llama3.1,"💬 chat models (RLHF, DPO, IFT, ...)",70.554,80.07187780772686
meta-llama/Llama-3.1-8B-Instruct,23.763729445470883,2025-02-06,llama3.1,🟢 pretrained,8.03,62.11141060197664
meta-llama/Llama-3.2-1B,4.195140014045501,2024-09-23,llama3.2,🟢 pretrained,1.24,8.283917340521114
meta-llama/Llama-3.2-3B-Instruct,24.204650807793456,2024-09-27,llama3.2,"💬 chat models (RLHF, DPO, IFT, ...)",3.213,46.51392632524708
meta-llama/Meta-Llama-3-70B,26.705350171613343,2024-06-12,llama3,🟢 pretrained,70.554,74.03414195867025
meta-llama/Meta-Llama-3-70B-Instruct,36.37222412927012,2024-06-12,llama3,"💬 chat models (RLHF, DPO, IFT, ...)",70.554,79.76639712488769
meta-llama/Meta-Llama-3-8B-Instruct,23.90873569393684,2024-06-12,llama3,"💬 chat models (RLHF, DPO, IFT, ...)",8.03,48.63432165318958
meta-llama/Meta-Llama-3-8B-Instruct,20.609159446025878,2024-07-08,llama3,"💬 chat models (RLHF, DPO, IFT, ...)",8.03,48.63432165318958
microsoft/Phi-3-medium-128k-instruct,32.026356176108685,2024-08-21,mit,"💬 chat models (RLHF, DPO, IFT, ...)",13.96,77.18778077268644
microsoft/Phi-3-medium-4k-instruct,33.09765943937642,2024-06-12,mit,"💬 chat models (RLHF, DPO, IFT, ...)",13.96,80.26055705300989
microsoft/Phi-3-mini-128k-instruct,26.34380993186564,2024-08-21,mit,"💬 chat models (RLHF, DPO, IFT, ...)",3.821,64.55525606469003
microsoft/Phi-4-mini-instruct,29.412433568419846,2025-02-28,mit,"💬 chat models (RLHF, DPO, IFT, ...)",3.836,70.84456424079065
microsoft/phi-1,5.574318195377169,2024-06-13,mit,🟢 pretrained,1.418,13.935309973045824
microsoft/phi-1_5,7.170966845799231,2024-06-09,mit,🟢 pretrained,1.418,18.81401617250674
microsoft/phi-4,29.48341679122318,2025-01-08,mit,🟢 pretrained,14.66,79.40700808625337
microsoft/phi-4,30.35812781134617,2025-01-08,mit,"💬 chat models (RLHF, DPO, IFT, ...)",14.66,79.40700808625337
migtissera/Tess-3-Mistral-Nemo-12B,16.720173026027776,2024-09-16,apache-2.0,🔶 fine-tuned on domain-specific datasets,12.248,40.512129380053906
minghaowu/Qwen1.5-1.8B-OpenHermes-2.5,8.684751175879422,2024-09-12,,"💬 chat models (RLHF, DPO, IFT, ...)",1.837,24.72596585804133
mistral-community/Mixtral-8x22B-v0.1,16.827390145446955,,apache-2.0,❓ other,0.0,47.87061994609164
mistralai/Codestral-22B-v0.1,23.27991740686463,2024-09-28,other,🟢 pretrained,22.247,58.61635220125786
mistralai/Mistral-7B-Instruct-v0.1,12.771229395030618,2024-06-27,apache-2.0,"💬 chat models (RLHF, DPO, IFT, ...)",7.242,27.4303683737646
mistralai/Mistral-7B-Instruct-v0.3,19.225098776905867,2024-06-12,apache-2.0,"💬 chat models (RLHF, DPO, IFT, ...)",7.248,41.60826594788858
mistralai/Mistral-Large-Instruct-2411,46.524214355965,2024-11-19,other,"💬 chat models (RLHF, DPO, IFT, ...)",122.61,83.43216531895776
mistralai/Mistral-Nemo-Instruct-2407,24.66559994130468,2024-08-29,apache-2.0,"💬 chat models (RLHF, DPO, IFT, ...)",12.248,49.82030548068283
mistralai/Mistral-Small-Instruct-2409,26.26274897641828,2024-09-19,other,"💬 chat models (RLHF, DPO, IFT, ...)",22.05,64.02515723270442
mistralai/Mistral-Small-Instruct-2409,29.918947504475216,2024-09-25,other,🔶 fine-tuned on domain-specific datasets,22.247,64.02515723270442
mistralai/Mixtral-8x22B-Instruct-v0.1,33.88568028808198,2024-06-12,apache-2.0,"💬 chat models (RLHF, DPO, IFT, ...)",140.621,83.93530997304582
mistralai/Mixtral-8x22B-v0.1,25.74093627522265,2024-06-12,apache-2.0,🟢 pretrained,140.621,70.16172506738543
mistralai/Mixtral-8x7B-v0.1,19.56528101279984,2024-08-20,apache-2.0,🟢 pretrained,46.703,58.49955076370171
mistralai/Mixtral-8x7B-v0.1,19.665108918316083,2024-06-27,apache-2.0,🔶 fine-tuned on domain-specific datasets,46.703,58.49955076370171
mkurman/llama-3.2-MEDIT-3B-o1,17.028893537984814,2025-01-07,llama3.2,🔶 fine-tuned on domain-specific datasets,3.607,37.56513926325247
mkurman/phi-4-MedIT-11B-exp-1,24.60723512531726,2025-01-10,,🔶 fine-tuned on domain-specific datasets,11.514,60.04492362982929
mkxu/llama-3-8b-po1,19.767002191701756,2024-11-29,,🔶 fine-tuned on domain-specific datasets,8.03,48.867924528301884
mlabonne/BigQwen2.5-52B-Instruct,43.55000484859215,2024-09-25,apache-2.0,🤝 base merges and moerges,52.268,81.95867026055707
mlabonne/ChimeraLlama-3-8B-v2,20.120505180125026,2024-08-25,other,🤝 base merges and moerges,8.03,49.40700808625336
mlabonne/OrpoLlama-3-8B,15.157036730116474,2024-06-12,other,"💬 chat models (RLHF, DPO, IFT, ...)",8.03,33.61185983827493
mlabonne/phixtral-2x2_8,15.553113591688318,2024-06-12,mit,🤝 base merges and moerges,4.458,31.383647798742135
mlx-community/Josiefied-Qwen2.5-0.5B-Instruct-abliterated-v1-float32,9.708088086359409,2025-01-07,apache-2.0,"💬 chat models (RLHF, DPO, IFT, ...)",0.494,18.454627133872417
mlx-community/Mistral-Small-24B-Instruct-2501-bf16,38.66942426997438,2025-02-06,apache-2.0,🔶 fine-tuned on domain-specific datasets,23.572,90.69182389937107
mmnga/Llama-3-70B-japanese-suzume-vector-v0.1,30.38004447303165,2024-09-19,llama3,🔶 fine-tuned on domain-specific datasets,70.554,71.94070080862534
mobiuslabsgmbh/DeepSeek-R1-ReDistill-Llama3-8B-v1.1,15.806892418961333,2025-02-16,mit,🔶 fine-tuned on domain-specific datasets,8.03,36.99011680143756
mobiuslabsgmbh/DeepSeek-R1-ReDistill-Qwen-7B-v1.1,17.737904923149653,2025-02-16,mit,🔶 fine-tuned on domain-specific datasets,7.616,42.102425876010784
monsterapi/Llama-3_1-8B-Instruct-orca-ORPO,4.832138103419669,2024-08-30,apache-2.0,"💬 chat models (RLHF, DPO, IFT, ...)",16.061,8.724168912848159
monsterapi/gemma-2-2b-LoRA-MonsterInstruct,12.519872991689503,2024-08-05,gemma,🔶 fine-tuned on domain-specific datasets,2.614,27.169811320754718
mukaj/Llama-3.1-Hawkish-8B,26.581501102977555,2024-12-18,other,"💬 chat models (RLHF, DPO, IFT, ...)",8.03,51.19496855345912
natong19/Mistral-Nemo-Instruct-2407-abliterated,25.01762542054813,2024-09-21,apache-2.0,🔶 fine-tuned on domain-specific datasets,12.248,54.23180592991913
natong19/Qwen2-7B-Instruct-abliterated,28.51534160052497,2024-07-29,apache-2.0,🔶 fine-tuned on domain-specific datasets,7.616,64.80682839173404
nazimali/Mistral-Nemo-Kurdish-Instruct,18.555957634452803,2024-10-14,apache-2.0,🔶 fine-tuned on domain-specific datasets,12.248,40.6199460916442
nazimali/Mistral-Nemo-Kurdish-Instruct,19.94862211656385,2024-10-14,apache-2.0,🔶 fine-tuned on domain-specific datasets,12.248,40.6199460916442
nbeerbower/Dumpling-Qwen2.5-1.5B,15.625094396198312,2025-01-29,apache-2.0,🔶 fine-tuned on domain-specific datasets,1.544,34.24977538185085
nbeerbower/Dumpling-Qwen2.5-14B,34.79872132286164,2025-02-15,apache-2.0,🔶 fine-tuned on domain-specific datasets,14.77,80.38634321653188
nbeerbower/Gemma2-Gutenberg-Doppel-9B,32.54244427540016,2024-10-01,gemma,🔶 fine-tuned on domain-specific datasets,9.242,74.07906558849956
nbeerbower/Gutensuppe-mistral-nemo-12B,22.29422199063106,2024-09-03,,🔶 fine-tuned on domain-specific datasets,12.248,64.35759209344116
nbeerbower/Hermes2-Gutenberg2-Mistral-7B,19.363860758860653,2024-10-01,apache-2.0,🔶 fine-tuned on domain-specific datasets,7.242,52.20125786163522
nbeerbower/Llama-3.1-Nemotron-lorablated-70B,40.87645031021374,2024-11-27,llama3.1,🔶 fine-tuned on domain-specific datasets,70.554,73.28840970350404
nbeerbower/Mahou-1.5-mistral-nemo-12B-lorablated,27.050923083044733,2024-10-19,apache-2.0,🤝 base merges and moerges,12.248,63.10871518418688
nbeerbower/Mistral-Gutenberg-Doppel-7B-FFT,18.33827572865676,2024-11-18,apache-2.0,🔶 fine-tuned on domain-specific datasets,7.242,42.47978436657682
nbeerbower/Mistral-Nemo-Moderne-12B-FFT-experimental,18.119465502148437,2024-11-26,apache-2.0,🔶 fine-tuned on domain-specific datasets,12.248,40.90745732255166
nbeerbower/Mistral-Nemo-Prism-12B,27.924007108863105,2024-11-12,apache-2.0,🔶 fine-tuned on domain-specific datasets,12.248,68.57142857142858
nbeerbower/Mistral-Nemo-Prism-12B-v2,28.07046513725069,2024-11-26,apache-2.0,🔶 fine-tuned on domain-specific datasets,12.248,68.56244384546272
nbeerbower/Mistral-Small-Drummer-22B,29.819408797614734,2024-10-01,other,🔶 fine-tuned on domain-specific datasets,22.247,74.15094339622641
nbeerbower/Mistral-Small-Gutenberg-Doppel-22B,27.972039733086746,2024-09-25,other,🔶 fine-tuned on domain-specific datasets,22.247,71.31176999101528
nbeerbower/Qwen2.5-Gutenberg-Doppel-14B,41.327794892427,2024-11-11,apache-2.0,🔶 fine-tuned on domain-specific datasets,14.77,70.64690026954177
nbeerbower/Stella-mistral-nemo-12B-v2,22.49330971799377,2024-09-14,,🔶 fine-tuned on domain-specific datasets,12.248,64.7079964061096
nbeerbower/gemma2-gutenberg-27B,10.4236638747709,2024-09-23,gemma,🔶 fine-tuned on domain-specific datasets,27.227,25.238095238095237
nbeerbower/gemma2-gutenberg-9B,23.719246452807734,2024-08-03,gemma,🔶 fine-tuned on domain-specific datasets,9.242,63.96226415094339
nbeerbower/mistral-nemo-cc-12B,17.20341027317436,2024-09-14,apache-2.0,🔶 fine-tuned on domain-specific datasets,12.248,51.985624438454636
nbeerbower/mistral-nemo-gutenberg-12B-v3,19.290512133580638,2024-09-03,apache-2.0,🔶 fine-tuned on domain-specific datasets,12.248,56.90026954177898
nbeerbower/mistral-nemo-gutenberg2-12B-test,20.97057995062581,2024-09-25,apache-2.0,🔶 fine-tuned on domain-specific datasets,12.248,58.751123090745736
nbeerbower/mistral-nemo-kartoffel-12B,28.21995794267338,2025-01-12,apache-2.0,🔶 fine-tuned on domain-specific datasets,12.248,68.6522911051213
nbeerbower/mistral-nemo-wissenschaft-12B,25.50992586494861,2024-08-30,apache-2.0,"💬 chat models (RLHF, DPO, IFT, ...)",12.248,58.58939802336028
necva/IE-cont-Llama3.1-8B,5.093186530380667,2025-03-06,mit,🔶 fine-tuned on domain-specific datasets,8.03,11.168014375561546
neopolita/jessi-v0.1-bf16-falcon3-7b-instruct,34.92479232482063,2025-01-08,,🤝 base merges and moerges,7.456,82.06648697214735
neopolita/jessi-v0.1-qwen2.5-7b-instruct,32.77563297433888,2025-01-26,apache-2.0,🤝 base merges and moerges,7.616,77.97843665768194
neopolita/jessi-v0.2-falcon3-10b-instruct,34.10450143941555,2025-01-21,,🤝 base merges and moerges,10.306,83.15363881401616
neopolita/jessi-v0.2-falcon3-7b-instruct,29.040362033793667,2025-01-08,other,🤝 base merges and moerges,7.456,74.40251572327044
netcat420/DeepSeek-R1-MFANN-TIES-unretrained-7b,5.947003320776368,2025-01-22,,🤝 base merges and moerges,7.616,13.719676549865229
netcat420/MFANN-Llama3.1-Abliterated-SLERP-TIES-V3,19.222030340557662,2024-11-26,,🔶 fine-tuned on domain-specific datasets,8.03,48.176100628930826
netcat420/MFANN-Llama3.1-Abliterated-Slerp-TIES,19.24800486274757,2024-10-29,,🤝 base merges and moerges,8.03,46.585804132973934
netcat420/MFANN-Llama3.1-Abliterated-Slerp-V3.2,19.05371896057877,2024-10-29,,🤝 base merges and moerges,8.03,46.37915543575921
netcat420/MFANN-llama3.1-abliterated-v2,19.77111132997354,2024-10-07,,🤝 base merges and moerges,8.03,48.58041329739442
netcat420/MFANN-phigments-slerp-V3.3,17.167734327311486,2025-02-06,,🤝 base merges and moerges,2.78,37.430368373764594
netcat420/Qwen2.5-Coder-Scholar-7B-Abliterated-MFANN,25.39674192004996,2025-01-01,apache-2.0,🔶 fine-tuned on domain-specific datasets,7.616,53.539982030548074
netcat420/Qwen2.5-DeepSeek-R1-MFANN-Slerp-7b,8.630087573410409,2025-01-23,,🤝 base merges and moerges,7.616,17.628032345013477
netcat420/qwen2.5-MFANN-7b-SLERPv1.1,27.982247626031956,2025-02-03,,🤝 base merges and moerges,7.616,61.06019766397125
newsbang/Homer-v1.0-Qwen2.5-72B,47.464376408361055,2024-12-16,apache-2.0,🔶 fine-tuned on domain-specific datasets,72.706,96.91823899371069
newsbang/Homer-v1.0-Qwen2.5-7B,32.62357604568507,2024-12-04,apache-2.0,🔶 fine-tuned on domain-specific datasets,7.616,80.16172506738545
nhyha/N3N_gemma-2-9b-it_20241110_2026,29.119584296103525,2024-11-12,gemma,🔶 fine-tuned on domain-specific datasets,10.159,72.54267744833783
nhyha/merge_Qwen2.5-7B-Instruct_20241023_0314,31.4495497347518,2024-11-04,apache-2.0,🔶 fine-tuned on domain-specific datasets,7.616,77.29559748427674
nisten/franqwenstein-35b,36.57133162829882,2024-10-03,mit,🤝 base merges and moerges,34.714,87.04402515723272
nisten/franqwenstein-35b,34.451116831224226,2024-10-03,mit,🔶 fine-tuned on domain-specific datasets,34.714,87.04402515723272
nisten/tqwendo-36b,37.04172043230399,2024-12-21,mit,🔶 fine-tuned on domain-specific datasets,35.69,85.17520215633422
nlpguy/Mistral-NeMo-Minitron-Upscale-v3,5.202259190321894,2024-10-04,other,🟢 pretrained,12.451,16.504941599281224
noname0202/gemma-2-2b-it-ties,10.06382335103593,2025-01-29,,🤝 base merges and moerges,2.614,24.483378256963164
noname0202/gemma-2-9b-sft-jp-en-zh-v1,16.85196649387241,2025-01-05,,"💬 chat models (RLHF, DPO, IFT, ...)",9.242,44.05211141060199
noname0202/gemma-2-9b-sft-jp-en-zh-v2,19.13081989964549,2025-01-05,,"💬 chat models (RLHF, DPO, IFT, ...)",9.242,40.08984725965858
noname0202/llama-math-1b-r16-0to512tokens-test,13.804072106791525,2025-01-25,,🔶 fine-tuned on domain-specific datasets,1.236,30.476190476190474
noname0202/llama-math-1b-r32-0to512tokens-test,14.371257364913582,2025-01-24,,🔶 fine-tuned on domain-specific datasets,1.236,30.988319856244377
noname0202/llama-math-1b-r32-test,14.418127068599686,2025-01-24,,🔶 fine-tuned on domain-specific datasets,1.236,30.080862533692727
notbdq/Qwen2.5-14B-Instruct-1M-GRPO-Reasoning,41.559026792386994,2025-02-05,,"💬 chat models (RLHF, DPO, IFT, ...)",14.77,73.64779874213836
nvidia/Mistral-NeMo-Minitron-8B-Base,17.697925857529604,2024-08-22,other,🔶 fine-tuned on domain-specific datasets,7.88,52.560646900269546
oopere/Llama-FinSent-S,5.811805794594786,2025-02-08,llama3.2,🔶 fine-tuned on domain-specific datasets,0.914,16.37915543575921
oopere/Llama-FinSent-S,5.86640376735036,2025-02-19,llama3.2,🔶 fine-tuned on domain-specific datasets,0.914,16.37915543575921
oopere/pruned20-llama-1b,4.989519628599489,2024-11-16,llama3.2,🤝 base merges and moerges,1.075,10.521114106019768
oopere/pruned20-llama-3.2-3b,5.656559779770029,2024-12-12,llama3.2,🟢 pretrained,2.79,14.555256064690026
oopere/pruned40-llama-1b,6.608357202270273,2024-11-26,llama3.2,🟢 pretrained,0.914,17.789757412398924
oopere/pruned40-llama-3.2-1B,6.877693765654211,2025-02-19,llama3.2,🟢 pretrained,0.914,20.727762803234505
oopere/pruned60-llama-1b,5.46756672622325,2024-11-25,llama3.2,🟢 pretrained,0.753,15.354896675651391
orai-nlp/Llama-eus-8B,13.943754358263163,2024-09-30,,🟩 continuously pretrained,8.03,36.42407906558851
pankajmathur/orca_mini_phi-4,40.67628242552744,2025-01-22,mit,"💬 chat models (RLHF, DPO, IFT, ...)",14.66,92.96495956873315
princeton-nlp/Llama-3-8B-ProLong-64k-Base,21.65219829915355,2024-10-16,llama3,🟩 continuously pretrained,8.03,37.690925426774484
princeton-nlp/Llama-3-8B-ProLong-64k-Instruct,23.020991799409,2024-10-16,llama3,🔶 fine-tuned on domain-specific datasets,8.03,46.62174303683738
princeton-nlp/Llama-3-Base-8B-SFT-DPO,18.376219112296344,2024-10-07,,"💬 chat models (RLHF, DPO, IFT, ...)",8.03,44.339622641509436
princeton-nlp/Llama-3-Base-8B-SFT-IPO,18.722473272112868,2024-10-07,,"💬 chat models (RLHF, DPO, IFT, ...)",8.03,42.65947888589399
princeton-nlp/Llama-3-Base-8B-SFT-KTO,18.6446163938307,2024-10-07,,"💬 chat models (RLHF, DPO, IFT, ...)",8.03,42.88409703504043
princeton-nlp/Llama-3-Base-8B-SFT-ORPO,19.268325889820545,2024-10-07,,"💬 chat models (RLHF, DPO, IFT, ...)",8.03,45.39982030548069
princeton-nlp/Llama-3-Base-8B-SFT-RDPO,19.142302231808696,2024-10-07,,"💬 chat models (RLHF, DPO, IFT, ...)",8.03,47.12488769092542
princeton-nlp/Llama-3-Base-8B-SFT-RRHF,16.28272427355282,2024-10-07,,"💬 chat models (RLHF, DPO, IFT, ...)",8.03,39.353099730458226
princeton-nlp/Llama-3-Base-8B-SFT-SLiC-HF,19.7431134910636,2024-10-07,,"💬 chat models (RLHF, DPO, IFT, ...)",8.03,46.99910152740341
princeton-nlp/Llama-3-Instruct-8B-CPO-v0.2,24.883954972962343,2024-09-28,,"💬 chat models (RLHF, DPO, IFT, ...)",8.03,50.89847259658581
princeton-nlp/Llama-3-Instruct-8B-DPO,23.49823972598104,2024-09-28,,"💬 chat models (RLHF, DPO, IFT, ...)",8.03,47.63701707097934
princeton-nlp/Llama-3-Instruct-8B-RDPO,23.603754396673683,2024-09-28,,"💬 chat models (RLHF, DPO, IFT, ...)",8.03,48.427672955974835
princeton-nlp/Llama-3-Instruct-8B-RRHF-v0.2,23.75375059997253,2024-10-07,,"💬 chat models (RLHF, DPO, IFT, ...)",8.03,48.149146451033246
princeton-nlp/Llama-3-Instruct-8B-SimPO,23.664165370275043,2024-09-28,,"💬 chat models (RLHF, DPO, IFT, ...)",8.03,49.73944294699012
princeton-nlp/Mistral-7B-Base-SFT-CPO,17.3989699937128,2024-10-07,,"💬 chat models (RLHF, DPO, IFT, ...)",7.242,42.255166217430364
princeton-nlp/Mistral-7B-Base-SFT-DPO,16.311853642274055,2024-10-07,,"💬 chat models (RLHF, DPO, IFT, ...)",7.242,38.22102425876011
princeton-nlp/Mistral-7B-Base-SFT-RDPO,16.4909336267166,2024-10-07,,"💬 chat models (RLHF, DPO, IFT, ...)",7.242,34.474393530997304
princeton-nlp/Mistral-7B-Base-SFT-SLiC-HF,19.005885681302413,2024-10-07,,"💬 chat models (RLHF, DPO, IFT, ...)",7.242,47.52021563342318
princeton-nlp/Mistral-7B-Base-SFT-SimPO,17.032014558172765,2024-09-21,,"💬 chat models (RLHF, DPO, IFT, ...)",7.242,37.94249775381851
princeton-nlp/Mistral-7B-Instruct-DPO,16.56219551319486,2024-10-07,,"💬 chat models (RLHF, DPO, IFT, ...)",7.242,35.96585804132974
princeton-nlp/Mistral-7B-Instruct-IPO,17.71968449150264,2024-10-07,,"💬 chat models (RLHF, DPO, IFT, ...)",7.242,42.85714285714286
princeton-nlp/Mistral-7B-Instruct-KTO,16.702591779643708,2024-10-07,,"💬 chat models (RLHF, DPO, IFT, ...)",7.242,37.67295597484277
princeton-nlp/Mistral-7B-Instruct-SLiC-HF,16.389143637193502,2024-10-16,,"💬 chat models (RLHF, DPO, IFT, ...)",7.242,36.27133872416891
princeton-nlp/Sheared-LLaMA-1.3B,5.580925572139816,2024-07-29,apache-2.0,🟢 pretrained,1.3,14.141958670260557
princeton-nlp/gemma-2-9b-it-DPO,20.818727391139728,2024-09-19,,"💬 chat models (RLHF, DPO, IFT, ...)",9.242,50.062893081761004
princeton-nlp/gemma-2-9b-it-SimPO,22.3449346084354,2024-08-10,mit,"💬 chat models (RLHF, DPO, IFT, ...)",9.242,56.66666666666668
prithivMLmods/Galactic-Qwen-14B-Exp2,43.56371836153858,2025-03-13,apache-2.0,🔶 fine-tuned on domain-specific datasets,14.766,94.54627133872418
prithivMLmods/Llama-3.1-8B-Open-SFT,21.04370403547396,2025-01-12,creativeml-openrail-m,🔶 fine-tuned on domain-specific datasets,8.03,54.22282120395327
prithivMLmods/Llama-3.2-6B-AlgoCode,9.301000017101474,2025-01-12,llama3.2,🔶 fine-tuned on domain-specific datasets,6.339,29.730458221024257
prithivMLmods/Llama-Express.1-Math,12.170622691501343,2025-01-25,llama3.2,🔶 fine-tuned on domain-specific datasets,1.236,27.10691823899371
prithivMLmods/Magellanic-Qwen-25B-R999,4.9765268528155335,2025-03-04,,🔶 fine-tuned on domain-specific datasets,24.962,12.839173405211143
prithivMLmods/Phi-4-Empathetic,28.208396720096133,2025-01-12,mit,🔶 fine-tuned on domain-specific datasets,14.66,78.05929919137466
prithivMLmods/Phi-4-Math-IO,31.821782745368303,2025-01-12,mit,🔶 fine-tuned on domain-specific datasets,14.66,73.71967654986524
prithivMLmods/Phi-4-o1,30.20428963456544,2025-01-09,mit,🔶 fine-tuned on domain-specific datasets,14.66,79.61365678346812
prithivMLmods/Phi4-Super,30.387370956217424,2025-01-23,,🔶 fine-tuned on domain-specific datasets,14.66,80.00898472596586
prithivMLmods/Primal-Opus-14B-Optimus-v1,36.0644115881976,2025-02-03,apache-2.0,🔶 fine-tuned on domain-specific datasets,14.766,87.20575022461814
prithivMLmods/Primal-Opus-14B-Optimus-v2,40.91271332337514,2025-02-27,apache-2.0,🔶 fine-tuned on domain-specific datasets,14.766,92.99191374663073
prithivMLmods/Qwen2.5-14B-DeepSeek-R1-1M,34.33386526785314,2025-02-01,,🤝 base merges and moerges,14.77,84.5013477088949
qingy2019/LLaMa_3.2_3B_Catalysts,19.930930685006384,2024-10-29,apache-2.0,🔶 fine-tuned on domain-specific datasets,3.0,46.39712488769093
qingy2019/OpenMath2-Llama3.1-8B,12.751664730325508,2024-11-23,,🔶 fine-tuned on domain-specific datasets,8.0,21.96765498652291
qingy2019/Qwen2.5-Ultimate-14B-Instruct,29.44018136092509,2024-12-02,,🤝 base merges and moerges,14.766,75.14824797843666
qingy2024/QwEnlarge-16B-Instruct,37.70013676666704,2025-03-06,,🔶 fine-tuned on domain-specific datasets,15.871,82.99191374663071
qingy2024/Qwen2.5-4B,14.27535656814343,2025-01-16,,🟢 pretrained,4.168,41.1141060197664
qingy2024/Qwen2.5-Coder-Draft-1.5B-Instruct,14.636502505800076,2025-01-31,,🔶 fine-tuned on domain-specific datasets,1.544,24.824797843665767
qingy2024/Qwen2.5-Math-14B-Instruct-Preview,39.91810674601417,2024-12-10,apache-2.0,🔶 fine-tuned on domain-specific datasets,14.77,70.61994609164421
qingy2024/Qwen2.6-14B-Instruct,36.25438494517895,2024-12-04,,🤝 base merges and moerges,14.766,87.10691823899371
qq8933/OpenLongCoT-Base-Gemma2-2B,5.473141918546371,2024-11-12,other,"💬 chat models (RLHF, DPO, IFT, ...)",3.204,9.802336028751125
rasyosef/Phi-1_5-Instruct-v0.1,6.864747864349624,2024-07-25,mit,"💬 chat models (RLHF, DPO, IFT, ...)",1.415,13.378256963162624
rasyosef/phi-2-instruct-apo,12.547052522669906,2024-09-17,mit,"💬 chat models (RLHF, DPO, IFT, ...)",2.775,23.530997304582215
recoilme/Gemma-2-Ataraxy-Gemmasutra-9B-slerp,29.873991757144,2024-09-12,apache-2.0,"💬 chat models (RLHF, DPO, IFT, ...)",10.159,71.24887690925426
recoilme/Gemma-2-Ataraxy-Gemmasutra-9B-slerp,23.910552802690432,2024-09-27,apache-2.0,🤝 base merges and moerges,10.159,71.24887690925426
rhysjones/phi-2-orange-v2,15.324185096371076,2024-06-28,mit,🔶 fine-tuned on domain-specific datasets,2.78,26.92722371967655
riaz/FineLlama-3.1-8B,17.660648060300424,2024-10-12,apache-2.0,🔶 fine-tuned on domain-specific datasets,8.03,39.18238993710692
riaz/FineLlama-3.1-8B,17.14751095671923,2024-10-12,apache-2.0,🔶 fine-tuned on domain-specific datasets,8.03,39.18238993710692
rombodawg/Rombos-Coder-V2.5-Qwen-14b,32.44560837708102,2025-02-06,apache-2.0,🔶 fine-tuned on domain-specific datasets,14.77,72.62353998203054
rombodawg/Rombos-LLM-V2.5-Qwen-0.5b,9.38591999487923,2024-09-29,apache-2.0,🔶 fine-tuned on domain-specific datasets,0.63,21.221922731356692
rombodawg/Rombos-LLM-V2.5-Qwen-14b,39.50095591766085,2024-09-29,apache-2.0,🔶 fine-tuned on domain-specific datasets,14.77,85.68733153638813
rombodawg/Rombos-LLM-V2.5-Qwen-32b,45.83301184834238,2024-10-07,apache-2.0,🔶 fine-tuned on domain-specific datasets,32.764,95.17520215633422
rombodawg/Rombos-LLM-V2.5.1-Qwen-3b,13.357124972053429,2024-10-08,other,🤝 base merges and moerges,3.397,36.92722371967655
rombodawg/Rombos-LLM-V2.5.1-Qwen-3b,13.608595258365549,2024-11-14,other,🔶 fine-tuned on domain-specific datasets,3.397,36.92722371967655
rombodawg/rombos_Replete-Coder-Llama3-8B,11.971032787867795,2024-10-14,other,🔶 fine-tuned on domain-specific datasets,8.03,30.170709793351303
rsh345/mistral-ft-optimized-1218-NeuralHermes-2.5-Mistral-7B,21.02740291549346,2025-01-27,,🤝 base merges and moerges,7.242,58.122192273135674
sabersaleh/Llama2-7B-SimPO,7.610783251808889,2024-11-30,mit,🔶 fine-tuned on domain-specific datasets,7.0,24.384546271338724
sabersaleh/Llama3,17.458608830485915,2024-11-29,mit,🔶 fine-tuned on domain-specific datasets,8.03,46.89128481581312
sabersalehk/Llama3-001-300,17.12107684025811,2024-12-03,mit,🔶 fine-tuned on domain-specific datasets,8.03,45.75022461814915
sabersalehk/Llama3_01_300,16.69882386756007,2024-12-03,mit,🔶 fine-tuned on domain-specific datasets,8.03,46.11859838274932
sequelbox/Llama3.1-70B-PlumChat,37.409205844366646,2024-11-27,llama3.1,🤝 base merges and moerges,70.554,89.29919137466307
sequelbox/Llama3.1-8B-MOTH,20.83650360825358,2024-09-19,llama3.1,🔶 fine-tuned on domain-specific datasets,8.03,44.57322551662175
sequelbox/Llama3.1-8B-PlumCode,9.82399989942098,2024-10-03,llama3.1,🔶 fine-tuned on domain-specific datasets,8.03,26.33423180592992
sequelbox/Llama3.1-8B-PlumMath,13.936685074512214,2024-10-03,llama3.1,🔶 fine-tuned on domain-specific datasets,8.03,38.76010781671159
sethuiyer/Llama-3.1-8B-Experimental-1208-Instruct,23.509819826801674,2025-01-18,,🔶 fine-tuned on domain-specific datasets,8.03,53.665768194070075
sethuiyer/Llamaverse-3.1-8B-Instruct,26.19209991300966,2025-01-14,llama3.1,🤝 base merges and moerges,8.03,60.18867924528302
sethuiyer/Qwen2.5-7B-Anvita,29.89836212098824,2024-10-27,apache-2.0,🤝 base merges and moerges,7.616,75.95687331536388
shastraai/Shastra-LLAMA2-Math-Commonsense-SFT,10.49075907778522,2024-10-27,,🤝 base merges and moerges,6.738,23.8544474393531
shivank21/mistral_dpo_self,9.824435617463962,2025-02-05,,🔶 fine-tuned on domain-specific datasets,7.913,17.843665768194068
siqi00/Mistral-7B-DFT,20.75522180931725,2025-02-05,apache-2.0,🔶 fine-tuned on domain-specific datasets,7.242,51.71608265947888
skymizer/Llama2-7b-sft-chat-custom-template-dpo,10.140548181946365,2024-07-01,llama2,🔶 fine-tuned on domain-specific datasets,6.738,28.068283917340526
someon98/qwen-CoMa-0.5b,5.858059919414088,2024-12-29,,🔶 fine-tuned on domain-specific datasets,0.63,13.656783468104223
sometimesanotion/Qwen2.5-14B-Vimarckoso-v2,36.185823403667726,2024-12-26,,🤝 base merges and moerges,14.0,87.68194070080862
sometimesanotion/Qwen2.5-14B-Vimarckoso-v3,41.02652166075893,2024-12-27,apache-2.0,🤝 base merges and moerges,14.0,92.31805929919138
sometimesanotion/Qwen2.5-14B-Vimarckoso-v3-IF-Variant,34.41237931041414,2024-12-28,,🤝 base merges and moerges,14.0,84.69002695417788
sometimesanotion/Qwen2.5-7B-Gordion-v0.1-Prose,30.518790394446103,2025-02-08,,🤝 base merges and moerges,7.613,79.51482479784366
sometimesanotion/Qwentessential-14B-v1,40.27876153100695,2025-02-16,,🤝 base merges and moerges,14.766,92.13836477987421
sometimesanotion/Qwentinuum-14B-v1,37.151308752643104,2024-12-21,,🤝 base merges and moerges,14.0,88.72416891284814
sometimesanotion/Qwentinuum-14B-v2,37.91575826840247,2024-12-21,,🤝 base merges and moerges,14.0,89.32614555256065
sometimesanotion/Qwentinuum-14B-v6,39.59946867765128,2024-12-22,,🤝 base merges and moerges,14.0,91.76999101527402
sometimesanotion/Qwentinuum-14B-v7,39.15035648193577,2024-12-22,,🤝 base merges and moerges,14.0,91.39263252470799
sometimesanotion/Qwentinuum-14B-v8,38.48492951696213,2024-12-22,,🤝 base merges and moerges,14.0,89.99101527403414
sometimesanotion/Qwenvergence-14B-v0.6-004-model_stock,40.603760450568224,2025-01-01,,🤝 base merges and moerges,14.0,90.8176100628931
sometimesanotion/Qwenvergence-14B-v3,37.51730006937248,2024-12-21,,🤝 base merges and moerges,14.0,89.18238993710692
sometimesanotion/Qwenvergence-14B-v3-Prose,37.52186681948957,2024-12-21,apache-2.0,🤝 base merges and moerges,14.766,88.94878706199462
sometimesanotion/Qwenvergence-14B-v3-Reason,37.613265274956085,2024-12-21,,🔶 fine-tuned on domain-specific datasets,14.0,89.24528301886792
sometimesanotion/Qwenvergence-14B-v3-Reason,36.71404812686041,2024-12-21,,🤝 base merges and moerges,14.0,89.24528301886792
sometimesanotion/Qwenvergence-14B-v8,39.212221774327226,2025-01-16,,🤝 base merges and moerges,14.766,90.88050314465407
sometimesanotion/Qwenvergence-14B-v9,39.81487420685213,2025-01-17,,🤝 base merges and moerges,14.766,90.20664869721475
spmurrayzzz/Mistral-Syndicate-7B,14.012817664482595,2024-06-27,apache-2.0,🔶 fine-tuned on domain-specific datasets,7.242,38.15813117699909
ssmits/Qwen2.5-95B-Instruct,45.257345532181205,2024-09-26,other,"💬 chat models (RLHF, DPO, IFT, ...)",94.648,83.5579514824798
suayptalha/DeepSeek-R1-Distill-Llama-3B,23.27368245692195,2025-02-24,mit,🔶 fine-tuned on domain-specific datasets,3.213,44.8607367475292
suayptalha/Komodo-Llama-3.2-3B-v2-fp16,20.317372826484497,2024-11-19,apache-2.0,🔶 fine-tuned on domain-specific datasets,3.0,40.32345013477088
sumink/Qwenftmodel,10.104913951155991,2024-12-05,other,🔶 fine-tuned on domain-specific datasets,1.544,24.600179694519316
sumink/bbhqwen,7.833827413484496,2025-02-25,,🔶 fine-tuned on domain-specific datasets,3.086,26.594788858939804
sumink/bbhqwen2,6.258601237356344,2025-02-25,,🔶 fine-tuned on domain-specific datasets,3.086,22.30907457322552
sumink/bbhqwen4,5.656083792655539,2025-02-25,,🔶 fine-tuned on domain-specific datasets,3.086,16.97214734950584
sumink/bbhqwen5,5.199436501746352,2025-02-25,,🔶 fine-tuned on domain-specific datasets,3.086,14.869721473495057
sumink/bbhqwen6,4.366128533965068,2025-02-25,,🔶 fine-tuned on domain-specific datasets,3.086,10.161725067385445
synergetic/FrankenQwen2.5-14B,18.126546386620493,2024-11-30,,🔶 fine-tuned on domain-specific datasets,16.972,41.6262353998203
tangledgroup/tangled-llama-pints-1.5b-v0.1-instruct,4.366498008182751,2024-08-29,apache-2.0,🔶 fine-tuned on domain-specific datasets,1.5,10.23360287511231
tanliboy/lambda-qwen2.5-14b-dpo-test,42.61740082662664,2024-09-20,apache-2.0,"💬 chat models (RLHF, DPO, IFT, ...)",14.77,74.61814914645103
tanliboy/lambda-qwen2.5-32b-dpo-test,45.92459258818872,2024-09-30,apache-2.0,"💬 chat models (RLHF, DPO, IFT, ...)",32.764,77.42138364779873
tensopolis/falcon3-10b-tensopolis-v1,35.588967109820835,2025-03-08,other,🤝 base merges and moerges,10.306,72.70440251572326
tensopolis/mistral-small-2501-tensopolis-v1,39.24515046605988,2025-02-08,apache-2.0,🤝 base merges and moerges,23.572,88.48158131176999
tensopolis/phi-4-tensopolis-v1,40.45533321662008,2025-03-09,mit,🤝 base merges and moerges,14.66,85.86702605570528
tensopolis/qwen2.5-14b-tensopolis-v1,41.14159022263494,2025-03-09,apache-2.0,🤝 base merges and moerges,14.77,72.13836477987421
tensopolis/qwen2.5-7b-tensopolis-v1,35.49167672948769,2025-03-07,apache-2.0,🤝 base merges and moerges,7.616,72.98292902066487
theo77186/Qwen2.5-Coder-7B-Instruct-20241106,28.33079885828984,2025-01-19,apache-2.0,"💬 chat models (RLHF, DPO, IFT, ...)",7.616,52.03953279424979
theprint/CleverBoi-Llama-3.1-8B-Instruct,13.970394725475051,2024-09-13,apache-2.0,🔶 fine-tuned on domain-specific datasets,16.061,37.61006289308176
theprint/CleverBoi-Llama-3.1-8B-v2,14.145587569893708,2024-09-22,apache-2.0,🔶 fine-tuned on domain-specific datasets,9.3,35.318957771787964
theprint/ReWiz-Llama-3.1-8B-v2,15.893327785890378,2024-11-03,apache-2.0,🔶 fine-tuned on domain-specific datasets,9.3,40.57502246181492
thomas-yanxin/XinYuan-Qwen2-1_5B,11.515091263493494,2024-09-04,other,🔶 fine-tuned on domain-specific datasets,1.777,30.30548068283917
tianyil1/MistralForCausalLM_Cal_DPO,18.088644447193257,2025-01-25,apache-2.0,🔶 fine-tuned on domain-specific datasets,7.242,40.43126684636118
tiiuae/Falcon3-10B-Base,27.61785087949368,2024-12-12,other,🟢 pretrained,10.306,75.40880503144655
tiiuae/Falcon3-1B-Instruct,16.164597322515025,2024-12-16,other,"💬 chat models (RLHF, DPO, IFT, ...)",1.669,37.58310871518418
tiiuae/Falcon3-3B-Base,15.738743193619,2024-12-13,other,🟢 pretrained,3.228,42.18328840970351
tiiuae/Falcon3-7B-Instruct,36.404684964282325,2024-12-16,other,"💬 chat models (RLHF, DPO, IFT, ...)",7.456,84.18688230008985
tiiuae/Falcon3-Mamba-7B-Instruct,28.109654708582763,2024-12-13,other,"💬 chat models (RLHF, DPO, IFT, ...)",7.273,61.105121293800536
tiiuae/falcon-11B,13.851902586180216,2024-06-09,unknown,🟢 pretrained,11.103,33.47708894878706
tiiuae/falcon-40b,11.40130446230009,2024-06-09,apache-2.0,🟢 pretrained,40.0,26.4240790655885
tiiuae/falcon-mamba-7b,15.179238027611218,2024-07-23,other,🟢 pretrained,7.0,44.60017969451931
tinycompany/ShawtyIsBad-bgem3,12.610397878155718,2025-03-08,apache-2.0,🟢 pretrained,1.436,36.42407906558851
tinycompany/ShawtyIsBad-e5-large,12.316339936795012,2025-03-08,mit,🟢 pretrained,1.436,34.67205750224618
tinycompany/ShawtyIsBad-nomic1.5,12.504999335501656,2025-03-08,mit,🟢 pretrained,1.436,35.51662174303684
tugstugi/Qwen2.5-7B-Instruct-QwQ-v0.1,28.42790067536457,2025-01-19,apache-2.0,🔶 fine-tuned on domain-specific datasets,7.616,55.678346810422276
unsloth/Llama-3.2-1B-Instruct-no-system-message,14.363515028823208,2025-01-24,,"💬 chat models (RLHF, DPO, IFT, ...)",1.236,30.997304582210244
unsloth/phi-4-unsloth-bnb-4bit,39.21645140571378,2025-01-09,mit,"💬 chat models (RLHF, DPO, IFT, ...)",8.483,80.88050314465409
uukuguy/speechless-code-mistral-7b-v1.0,18.19259169032542,2024-06-26,apache-2.0,🔶 fine-tuned on domain-specific datasets,7.0,48.23000898472596
uukuguy/speechless-instruct-mistral-7b-v0.2,18.10671348498029,2024-06-26,apache-2.0,🔶 fine-tuned on domain-specific datasets,7.242,47.99640610961365
uukuguy/speechless-llama2-hermes-orca-platypus-wizardlm-13b,18.701595895131856,2024-06-26,,🔶 fine-tuned on domain-specific datasets,13.016,45.00449236298292
v000000/Qwen2.5-14B-Gutenberg-1e-Delta,40.87901381911441,2024-09-28,apache-2.0,"💬 chat models (RLHF, DPO, IFT, ...)",14.77,69.98203054806828
v000000/Qwen2.5-Lumen-14B,41.13785114892261,2024-09-20,apache-2.0,"💬 chat models (RLHF, DPO, IFT, ...)",14.77,70.46720575022462
vhab10/Llama-3.1-8B-Base-Instruct-SLERP,19.27479354795199,2024-09-29,mit,🤝 base merges and moerges,8.03,51.87780772686433
vhab10/Llama-3.2-Instruct-3B-TIES,17.33432617767801,2024-11-23,mit,🤝 base merges and moerges,1.848,37.870619946091644
vhab10/llama-3-8b-merged-linear,23.91136833689406,2024-09-26,mit,🤝 base merges and moerges,4.65,59.8292902066487
vicgalle/Configurable-Hermes-2-Pro-Llama-3-8B,22.56595247127864,2024-07-24,apache-2.0,🔶 fine-tuned on domain-specific datasets,8.031,55.696316262354
vicgalle/Humanish-RP-Llama-3.1-8B,25.423199454688373,2024-08-03,apache-2.0,"💬 chat models (RLHF, DPO, IFT, ...)",8.03,57.58310871518418
vicgalle/Roleplay-Llama-3-8B,24.020182936148974,2024-06-26,apache-2.0,"💬 chat models (RLHF, DPO, IFT, ...)",8.03,48.81401617250674
vonjack/Qwen2.5-Coder-0.5B-Merged,6.979693269720411,2024-11-19,,🔶 fine-tuned on domain-specific datasets,0.63,11.949685534591197
wave-on-discord/qwent-7b,8.797033099146908,2024-09-30,,🤝 base merges and moerges,7.616,21.491464510332435
weathermanj/Menda-3b-Optim-100,27.957516413922587,2025-03-10,other,🔶 fine-tuned on domain-specific datasets,3.086,60.06289308176102
win10/EVA-Norns-Qwen2.5-v0.1,26.432796717883942,2024-11-18,,🤝 base merges and moerges,7.616,58.005390835579504
win10/Norns-Qwen2.5-12B,17.708127562863925,2024-11-17,,🤝 base merges and moerges,12.277,34.21383647798742
win10/Norns-Qwen2.5-7B,26.380789509358355,2024-11-18,,🤝 base merges and moerges,7.616,58.40071877807726
win10/Qwen2.5-2B-Instruct,10.57067746533664,2024-12-20,,🤝 base merges and moerges,2.9,30.04492362982929
wzhouad/gemma-2-9b-it-WPO-HB,24.97756909058171,2025-01-07,,🔶 fine-tuned on domain-specific datasets,9.242,52.71338724168913
x0000001/Deepseek-Lumen-R1-Qwen2.5-14B,26.028524707214856,2025-01-29,apache-2.0,🔶 fine-tuned on domain-specific datasets,14.77,53.76460017969452
xinchen9/Llama3.1_8B_Instruct_CoT,16.316624597778073,2024-09-19,apache-2.0,🔶 fine-tuned on domain-specific datasets,8.03,43.93530997304582
xinchen9/Llama3.1_CoT_V1,14.734826092960333,2024-09-07,apache-2.0,🔶 fine-tuned on domain-specific datasets,8.03,39.703504043126685
xinchen9/Mistral-7B-CoT,11.26567589705759,2024-09-23,apache-2.0,🔶 fine-tuned on domain-specific datasets,7.242,26.513926325247084
xkp24/Llama-3-8B-Instruct-SPPO-Iter2_gp_2b-table,22.639173242532337,2024-09-30,,"💬 chat models (RLHF, DPO, IFT, ...)",8.03,45.18418688230009
xkp24/Llama-3-8B-Instruct-SPPO-Iter2_gp_8b-table,23.07373460043833,2024-09-30,,"💬 chat models (RLHF, DPO, IFT, ...)",8.03,47.7088948787062
xkp24/Llama-3-8B-Instruct-SPPO-score-Iter2_gp_8b-table-0.002,23.12157632033239,2024-10-01,,"💬 chat models (RLHF, DPO, IFT, ...)",8.03,47.681940700808624
xukp20/Llama-3-8B-Instruct-SPPO-Iter3_bt_2b-table,21.35765886697308,2024-09-29,,"💬 chat models (RLHF, DPO, IFT, ...)",8.03,44.923629829290206
xukp20/Llama-3-8B-Instruct-SPPO-Iter3_bt_8b-table,24.132871091204738,2024-09-29,,"💬 chat models (RLHF, DPO, IFT, ...)",8.03,49.81132075471699
xukp20/Llama-3-8B-Instruct-SPPO-Iter3_gp_2b-table,22.08358104722241,2024-09-29,,"💬 chat models (RLHF, DPO, IFT, ...)",8.03,46.29829290206648
yam-peleg/Hebrew-Mistral-7B,13.302117179699644,2024-07-11,apache-2.0,🔶 fine-tuned on domain-specific datasets,7.504,34.98652291105122
yfzp/Llama-3-8B-Instruct-SPPO-Iter1_bt_2b-table,23.61656457033402,2024-09-30,,"💬 chat models (RLHF, DPO, IFT, ...)",8.03,47.93351302785265
yfzp/Llama-3-8B-Instruct-SPPO-Iter1_bt_8b-table,24.97848128342916,2024-09-30,,"💬 chat models (RLHF, DPO, IFT, ...)",8.03,52.677448337825695
yfzp/Llama-3-8B-Instruct-SPPO-Iter1_gp_2b-table,23.457640244691195,2024-09-29,,"💬 chat models (RLHF, DPO, IFT, ...)",8.03,47.906558849955076
yfzp/Llama-3-8B-Instruct-SPPO-Iter1_gp_8b-table,24.089793367665116,2024-09-29,,"💬 chat models (RLHF, DPO, IFT, ...)",8.03,49.784366576819416
yfzp/Llama-3-8B-Instruct-SPPO-score-Iter1_bt_2b-table-0.001,23.246034978048385,2024-09-30,,"💬 chat models (RLHF, DPO, IFT, ...)",8.03,46.307277628032345
yfzp/Llama-3-8B-Instruct-SPPO-score-Iter1_gp_2b-table-0.001,22.724716099715508,2024-09-29,,"💬 chat models (RLHF, DPO, IFT, ...)",8.03,46.48697214734951
yfzp/Llama-3-8B-Instruct-SPPO-score-Iter1_gp_8b-table-0.002,23.749108318905765,2024-09-29,,"💬 chat models (RLHF, DPO, IFT, ...)",8.03,48.53548966756514
yifAI/Llama-3-8B-Instruct-SPPO-score-Iter3_gp_8b-table-0.002,22.73807535003498,2024-09-30,,"💬 chat models (RLHF, DPO, IFT, ...)",8.03,47.079964061096135
ymcki/gemma-2-2b-ORPO-jpn-it-abliterated-18,15.288362728327092,2024-11-16,gemma,🔶 fine-tuned on domain-specific datasets,2.614,29.730458221024257
ymcki/gemma-2-2b-ORPO-jpn-it-abliterated-18-merge,16.505537805625195,2024-11-16,gemma,🔶 fine-tuned on domain-specific datasets,2.614,30.979335130278525
ymcki/gemma-2-2b-jpn-it-abliterated-17,15.64497618709844,2024-10-18,gemma,🔶 fine-tuned on domain-specific datasets,2.614,7.52021563342318
ymcki/gemma-2-2b-jpn-it-abliterated-17-18-24,14.44776069045957,2024-11-06,gemma,🔶 fine-tuned on domain-specific datasets,2.614,29.595687331536386
ymcki/gemma-2-2b-jpn-it-abliterated-17-ORPO-alpaca,12.53043213387293,2024-10-27,,🔶 fine-tuned on domain-specific datasets,2.614,28.31985624438454
yuvraj17/Llama3-8B-SuperNova-Spectrum-Hermes-DPO,18.088167586242665,2024-09-30,apache-2.0,"💬 chat models (RLHF, DPO, IFT, ...)",8.03,45.76819407008087
yuvraj17/Llama3-8B-SuperNova-Spectrum-dare_ties,19.17256512798472,2024-09-23,apache-2.0,🤝 base merges and moerges,8.03,49.083557951482476
yuvraj17/Llama3-8B-abliterated-Spectrum-slerp,17.72531595014861,2024-09-23,apache-2.0,🤝 base merges and moerges,8.03,46.79245283018869
zake7749/gemma-2-2b-it-chinese-kyara-dpo,19.62411186744714,2024-10-17,gemma,🔶 fine-tuned on domain-specific datasets,2.614,47.24168912848158
zelk12/MT-Gen1-gemma-2-9B,34.51416587215041,2024-10-23,,🤝 base merges and moerges,10.159,80.63791554357591
zelk12/MT-Gen2-GI-gemma-2-9B,34.7634808902102,2024-11-28,,🤝 base merges and moerges,10.159,81.86882300089846
zelk12/MT-Gen2-gemma-2-9B,34.81518978196506,2024-11-10,,🤝 base merges and moerges,10.159,82.96495956873316
zelk12/MT-Gen3-gemma-2-9B,34.862851201023894,2024-11-30,,🤝 base merges and moerges,10.159,80.48517520215633
zelk12/MT-Gen6-gemma-2-9B,19.816468872767587,2025-01-23,gemma,🤝 base merges and moerges,10.159,51.689128481581314
zelk12/MT-Gen7-gemma-2-9B,20.39180070971448,2025-02-15,gemma,🤝 base merges and moerges,10.159,60.40431266846361
zelk12/MT-Merge-gemma-2-9B,34.87860604484159,2024-10-22,,🤝 base merges and moerges,10.159,81.42857142857144
zelk12/MT-Merge2-MU-gemma-2-MTg2MT1g2-9B,34.891868837941765,2024-11-28,,🤝 base merges and moerges,10.159,82.54267744833784
zelk12/MT-Merge4-gemma-2-9B,34.59930867791183,2024-12-21,gemma,🤝 base merges and moerges,10.159,84.47439353099732
zelk12/MT-Merge6-gemma-2-9B,20.20346619991928,2025-02-13,gemma,🤝 base merges and moerges,10.159,59.64061096136568
zelk12/MT1-Gen2-gemma-2-9B,35.005439602301884,2024-11-11,,🤝 base merges and moerges,10.159,81.38364779874213
zelk12/MT1-Gen5-gemma-2-9B,33.556617199966034,2024-12-24,gemma,🤝 base merges and moerges,10.159,73.35130278526506
zelk12/MT1-gemma-2-9B,34.86746462523027,2024-10-14,,🤝 base merges and moerges,10.159,82.20125786163523
zelk12/MT2-Gen1-gemma-2-9B,34.46173377708927,2024-10-27,,🤝 base merges and moerges,10.159,79.66756513926326
zelk12/MT2-Gen2-gemma-2-9B,34.64186698980044,2024-11-12,,🤝 base merges and moerges,10.159,82.0754716981132
zelk12/MT2-Gen3-gemma-2-9B,34.26447113111225,2024-12-04,,🤝 base merges and moerges,10.159,80.85354896675653
zelk12/MT2-Gen4-gemma-2-9B,34.202321593914604,2024-12-15,gemma,🤝 base merges and moerges,10.159,77.05300988319857
zelk12/MT2-Gen5-gemma-2-9B,34.04923355550058,2024-12-25,gemma,🤝 base merges and moerges,10.159,77.28661275831087
zelk12/MT2-Gen6-gemma-2-9B,20.837841635914646,2025-02-05,gemma,🤝 base merges and moerges,10.159,53.539982030548074
zelk12/MT2-Max-Merge_02012025163610-gemma-2-9B,34.675340724715895,2025-01-07,gemma,🤝 base merges and moerges,10.159,83.05480682839173
zelk12/MT3-Gen1-gemma-2-9B,34.08858123026874,2024-10-28,,🤝 base merges and moerges,10.159,73.62982929020664
zelk12/MT3-Gen2-gemma-2-9B,34.34982932139744,2024-11-20,,🤝 base merges and moerges,10.159,72.37196765498653
zelk12/MT3-Gen3-gemma-2-9B,34.43703358555928,2024-12-07,,🤝 base merges and moerges,10.159,79.49685534591194
zelk12/MT3-Gen4-gemma-2-9B,34.517532467321914,2024-12-16,gemma,🤝 base merges and moerges,10.159,85.94788858939802
zelk12/MT3-Gen5-gemma-2-9B,34.7576818343369,2024-12-26,gemma,🤝 base merges and moerges,10.159,78.20305480682839
zelk12/MT3-Gen5-gemma-2-9B_v1,34.734556510838615,2024-12-27,gemma,🤝 base merges and moerges,10.159,80.26954177897574
zelk12/MT3-Gen6-gemma-2-9B,21.10285538804693,2025-02-12,gemma,🤝 base merges and moerges,10.159,61.58131176999101
zelk12/MT3-Max-Merge_02012025163610-gemma-2-9B,22.46770825046867,2025-01-09,gemma,🤝 base merges and moerges,10.159,65.05840071877807
zelk12/MT3-gemma-2-9B,34.21556543403697,2024-10-16,,🤝 base merges and moerges,10.159,79.13746630727762
zelk12/MT4-Gen2-gemma-2-9B,35.05354383653148,2024-11-22,,🤝 base merges and moerges,10.159,82.68643306379157
zelk12/MT4-Gen3-gemma-2-9B,34.3726822248935,2024-12-08,,🤝 base merges and moerges,10.159,81.48247978436657
zelk12/MT4-Gen5-gemma-2-9B,34.72051149657049,2024-12-28,gemma,🤝 base merges and moerges,10.159,82.49775381850853
zelk12/MT4-gemma-2-9B,34.02640198293455,2024-10-20,,🤝 base merges and moerges,10.159,81.77897574123989
zelk12/MT5-Gen1-gemma-2-9B,34.44043157912841,2024-10-31,,🤝 base merges and moerges,10.159,77.96046720575022
zelk12/MT5-Gen2-gemma-2-9B,34.55154984197392,2024-11-23,,🤝 base merges and moerges,10.159,79.54177897574124
zelk12/MT5-Gen3-gemma-2-9B,34.48864530182997,2024-12-08,,🤝 base merges and moerges,10.159,80.50314465408805
zelk12/MT5-gemma-2-9B,34.77304917830787,2024-10-21,,🤝 base merges and moerges,10.159,79.11051212938004
zelk12/MTM-Merge-gemma-2-9B,34.61498534418492,2025-01-01,gemma,🤝 base merges and moerges,10.159,83.30637915543576
zelk12/Rv0.4DMv1t0.25-gemma-2-9B,34.11401781690754,2024-12-31,,🤝 base merges and moerges,10.159,83.24348607367476
zelk12/Test01012025155054t0.5_gemma-2,3.591417057729718,2025-01-01,,🤝 base merges and moerges,3.817,7.466307277628031
zelk12/gemma-2-S2MTM-9B,33.89283041556518,2024-12-11,gemma,🤝 base merges and moerges,10.159,74.68104222821205
zelk12/recoilme-gemma-2-Gutenberg-Doppel-9B-v0.1,33.904825121052134,2024-10-07,,🤝 base merges and moerges,10.159,77.43935309973047
zelk12/recoilme-gemma-2-Ifable-9B-v0.1,34.40699088269145,2024-10-07,,🤝 base merges and moerges,10.159,78.44564240790656
zelk12/recoilme-gemma-2-psy10k-mental_healt-9B-v0.1,32.586530614782504,2024-10-07,,🤝 base merges and moerges,10.159,80.63791554357594
zetasepic/Qwen2.5-32B-Instruct-abliterated-v2,46.88867299768722,2024-12-07,apache-2.0,🔶 fine-tuned on domain-specific datasets,32.764,79.15543575920934
zetasepic/Qwen2.5-72B-Instruct-abliterated,46.33795303791254,2024-11-08,other,🔶 fine-tuned on domain-specific datasets,72.706,95.60646900269542
