variant,target,feature,coef
base,metric/the_pile_arxiv_val_loss,train_the_pile_arxiv,-0.16515503154354044
base,metric/the_pile_arxiv_val_loss,train_the_pile_stackexchange,-0.04069774339006533
base,metric/the_pile_arxiv_val_loss,train_the_pile_arxiv*train_the_pile_freelaw,-0.16427140453617772
base,metric/the_pile_arxiv_val_loss,train_the_pile_arxiv*train_the_pile_pubmed_central,-0.12366834130545501
base,metric/the_pile_arxiv_val_loss,train_the_pile_arxiv*train_the_pile_wikipedia_en,-0.13041247508822695
base,metric/the_pile_arxiv_val_loss,train_the_pile_arxiv*train_the_pile_dm_mathematics,-0.05077345672013981
base,metric/the_pile_arxiv_val_loss,train_the_pile_arxiv*train_the_pile_github,-0.10434053525903864
base,metric/the_pile_arxiv_val_loss,train_the_pile_arxiv*train_the_pile_stackexchange,-0.06003334623513812
base,metric/the_pile_arxiv_val_loss,train_the_pile_arxiv*train_the_pile_gutenberg_pg_19,-0.09018070297771519
base,metric/the_pile_arxiv_val_loss,train_the_pile_arxiv*train_the_pile_pile_cc,-0.16432925784511282
base,metric/the_pile_arxiv_val_loss,train_the_pile_arxiv*train_the_pile_ubuntu_irc,-0.035602301607756806
base,metric/the_pile_arxiv_val_loss,train_the_pile_arxiv*train_the_pile_europarl,-0.006782202096244992
base,metric/the_pile_arxiv_val_loss,train_the_pile_arxiv*train_the_pile_hackernews,-0.00845364267457984
base,metric/the_pile_arxiv_val_loss,train_the_pile_arxiv*train_the_pile_pubmed_abstracts,-0.10723094382642777
base,metric/the_pile_arxiv_val_loss,train_the_pile_arxiv*train_the_pile_uspto_backgrounds,-0.09611945766436561
base,metric/the_pile_arxiv_val_loss,train_the_pile_freelaw*train_the_pile_freelaw,0.2479036846074952
base,metric/the_pile_arxiv_val_loss,train_the_pile_freelaw*train_the_pile_dm_mathematics,-0.014633717528291783
base,metric/the_pile_arxiv_val_loss,train_the_pile_freelaw*train_the_pile_stackexchange,-0.09041170402439293
base,metric/the_pile_arxiv_val_loss,train_the_pile_freelaw*train_the_pile_gutenberg_pg_19,0.004217435259131243
base,metric/the_pile_arxiv_val_loss,train_the_pile_freelaw*train_the_pile_pubmed_abstracts,-0.004867042121774665
base,metric/the_pile_arxiv_val_loss,train_the_pile_freelaw*train_the_pile_uspto_backgrounds,0.035538137901644576
base,metric/the_pile_arxiv_val_loss,train_the_pile_nih_exporter*train_the_pile_wikipedia_en,0.031494029569698864
base,metric/the_pile_arxiv_val_loss,train_the_pile_nih_exporter*train_the_pile_stackexchange,-0.01146785918020595
base,metric/the_pile_arxiv_val_loss,train_the_pile_nih_exporter*train_the_pile_europarl,-0.029355215936597887
base,metric/the_pile_arxiv_val_loss,train_the_pile_nih_exporter*train_the_pile_pubmed_abstracts,0.03738944504932883
base,metric/the_pile_arxiv_val_loss,train_the_pile_nih_exporter*train_the_pile_uspto_backgrounds,0.027510029709523435
base,metric/the_pile_arxiv_val_loss,train_the_pile_pubmed_central*train_the_pile_wikipedia_en,-0.053708435410591275
base,metric/the_pile_arxiv_val_loss,train_the_pile_pubmed_central*train_the_pile_github,-0.014498903651341474
base,metric/the_pile_arxiv_val_loss,train_the_pile_pubmed_central*train_the_pile_stackexchange,-0.03498563242532665
base,metric/the_pile_arxiv_val_loss,train_the_pile_pubmed_central*train_the_pile_enron_emails,-0.006625942225234365
base,metric/the_pile_arxiv_val_loss,train_the_pile_pubmed_central*train_the_pile_gutenberg_pg_19,-0.007258970551902685
base,metric/the_pile_arxiv_val_loss,train_the_pile_pubmed_central*train_the_pile_pile_cc,-0.011401556106531811
base,metric/the_pile_arxiv_val_loss,train_the_pile_pubmed_central*train_the_pile_europarl,-0.018036768836576088
base,metric/the_pile_arxiv_val_loss,train_the_pile_wikipedia_en*train_the_pile_wikipedia_en,0.09363402694000557
base,metric/the_pile_arxiv_val_loss,train_the_pile_wikipedia_en*train_the_pile_stackexchange,-0.044900956319889045
base,metric/the_pile_arxiv_val_loss,train_the_pile_wikipedia_en*train_the_pile_gutenberg_pg_19,-0.00677687334149716
base,metric/the_pile_arxiv_val_loss,train_the_pile_wikipedia_en*train_the_pile_pile_cc,0.012195616736959737
base,metric/the_pile_arxiv_val_loss,train_the_pile_wikipedia_en*train_the_pile_europarl,-0.00213337566190123
base,metric/the_pile_arxiv_val_loss,train_the_pile_wikipedia_en*train_the_pile_uspto_backgrounds,0.05618364093971612
base,metric/the_pile_arxiv_val_loss,train_the_pile_dm_mathematics*train_the_pile_pile_cc,0.04357120922605024
base,metric/the_pile_arxiv_val_loss,train_the_pile_github*train_the_pile_github,0.13487388560532815
base,metric/the_pile_arxiv_val_loss,train_the_pile_github*train_the_pile_stackexchange,-0.01366026086511005
base,metric/the_pile_arxiv_val_loss,train_the_pile_github*train_the_pile_enron_emails,-0.0019195825014687474
base,metric/the_pile_arxiv_val_loss,train_the_pile_github*train_the_pile_gutenberg_pg_19,0.0002207381189143445
base,metric/the_pile_arxiv_val_loss,train_the_pile_github*train_the_pile_pile_cc,0.008912668200566848
base,metric/the_pile_arxiv_val_loss,train_the_pile_github*train_the_pile_hackernews,0.026743545025337413
base,metric/the_pile_arxiv_val_loss,train_the_pile_philpapers*train_the_pile_uspto_backgrounds,-0.00808310949754807
base,metric/the_pile_arxiv_val_loss,train_the_pile_stackexchange*train_the_pile_enron_emails,-0.030672506653401693
base,metric/the_pile_arxiv_val_loss,train_the_pile_stackexchange*train_the_pile_gutenberg_pg_19,-0.010730772592411142
base,metric/the_pile_arxiv_val_loss,train_the_pile_stackexchange*train_the_pile_pile_cc,-0.030900206489858775
base,metric/the_pile_arxiv_val_loss,train_the_pile_stackexchange*train_the_pile_ubuntu_irc,-0.001662513386698186
base,metric/the_pile_arxiv_val_loss,train_the_pile_stackexchange*train_the_pile_pubmed_abstracts,-0.011331488206862387
base,metric/the_pile_arxiv_val_loss,train_the_pile_stackexchange*train_the_pile_uspto_backgrounds,-0.06035767494874547
base,metric/the_pile_arxiv_val_loss,train_the_pile_enron_emails*train_the_pile_pile_cc,0.02756706301960747
base,metric/the_pile_arxiv_val_loss,train_the_pile_enron_emails*train_the_pile_uspto_backgrounds,0.05161883506461632
base,metric/the_pile_arxiv_val_loss,train_the_pile_gutenberg_pg_19*train_the_pile_gutenberg_pg_19,0.02492059003124611
base,metric/the_pile_arxiv_val_loss,train_the_pile_gutenberg_pg_19*train_the_pile_pile_cc,0.011094521573475727
base,metric/the_pile_arxiv_val_loss,train_the_pile_gutenberg_pg_19*train_the_pile_hackernews,-0.00973506968125479
base,metric/the_pile_arxiv_val_loss,train_the_pile_gutenberg_pg_19*train_the_pile_pubmed_abstracts,-0.017136945970072277
base,metric/the_pile_arxiv_val_loss,train_the_pile_gutenberg_pg_19*train_the_pile_uspto_backgrounds,0.035952343715626986
base,metric/the_pile_arxiv_val_loss,train_the_pile_pile_cc*train_the_pile_pile_cc,0.1070538659650079
base,metric/the_pile_arxiv_val_loss,train_the_pile_pile_cc*train_the_pile_pubmed_abstracts,0.07670992668865984
base,metric/the_pile_arxiv_val_loss,train_the_pile_ubuntu_irc*train_the_pile_uspto_backgrounds,-0.00799648014995907
base,metric/the_pile_arxiv_val_loss,train_the_pile_hackernews*train_the_pile_uspto_backgrounds,0.015701034897635666
base,metric/the_pile_freelaw_val_loss,train_the_pile_arxiv,0.010424138996717921
base,metric/the_pile_freelaw_val_loss,train_the_pile_freelaw,-0.203630831683914
base,metric/the_pile_freelaw_val_loss,train_the_pile_stackexchange,0.044633717884743115
base,metric/the_pile_freelaw_val_loss,train_the_pile_enron_emails,-0.002781395293625499
base,metric/the_pile_freelaw_val_loss,train_the_pile_pile_cc,-0.07233020342050578
base,metric/the_pile_freelaw_val_loss,train_the_pile_arxiv*train_the_pile_arxiv,0.08378451474725081
base,metric/the_pile_freelaw_val_loss,train_the_pile_arxiv*train_the_pile_freelaw,-0.15402529117210612
base,metric/the_pile_freelaw_val_loss,train_the_pile_arxiv*train_the_pile_nih_exporter,-0.006787821165413001
base,metric/the_pile_freelaw_val_loss,train_the_pile_arxiv*train_the_pile_pubmed_central,0.007439854148220251
base,metric/the_pile_freelaw_val_loss,train_the_pile_arxiv*train_the_pile_dm_mathematics,0.02186090729942387
base,metric/the_pile_freelaw_val_loss,train_the_pile_arxiv*train_the_pile_github,-0.023628047042746302
base,metric/the_pile_freelaw_val_loss,train_the_pile_arxiv*train_the_pile_stackexchange,0.0028036002112422523
base,metric/the_pile_freelaw_val_loss,train_the_pile_arxiv*train_the_pile_enron_emails,-0.015776414500175917
base,metric/the_pile_freelaw_val_loss,train_the_pile_arxiv*train_the_pile_pile_cc,-0.023221832861425703
base,metric/the_pile_freelaw_val_loss,train_the_pile_arxiv*train_the_pile_ubuntu_irc,0.01086850793196879
base,metric/the_pile_freelaw_val_loss,train_the_pile_arxiv*train_the_pile_pubmed_abstracts,0.01661914989443734
base,metric/the_pile_freelaw_val_loss,train_the_pile_arxiv*train_the_pile_uspto_backgrounds,0.002381286556505436
base,metric/the_pile_freelaw_val_loss,train_the_pile_freelaw*train_the_pile_pubmed_central,-0.13710617711339967
base,metric/the_pile_freelaw_val_loss,train_the_pile_freelaw*train_the_pile_wikipedia_en,-0.09135767727397515
base,metric/the_pile_freelaw_val_loss,train_the_pile_freelaw*train_the_pile_dm_mathematics,-0.026348940230445594
base,metric/the_pile_freelaw_val_loss,train_the_pile_freelaw*train_the_pile_github,-0.10733648571934996
base,metric/the_pile_freelaw_val_loss,train_the_pile_freelaw*train_the_pile_philpapers,-0.010354530264689384
base,metric/the_pile_freelaw_val_loss,train_the_pile_freelaw*train_the_pile_stackexchange,-0.10972962784614582
base,metric/the_pile_freelaw_val_loss,train_the_pile_freelaw*train_the_pile_enron_emails,-0.025446574060701502
base,metric/the_pile_freelaw_val_loss,train_the_pile_freelaw*train_the_pile_gutenberg_pg_19,-0.045355263642577914
base,metric/the_pile_freelaw_val_loss,train_the_pile_freelaw*train_the_pile_pile_cc,-0.07075889516485642
base,metric/the_pile_freelaw_val_loss,train_the_pile_freelaw*train_the_pile_ubuntu_irc,-0.02602822288767692
base,metric/the_pile_freelaw_val_loss,train_the_pile_freelaw*train_the_pile_europarl,-0.015284377746753293
base,metric/the_pile_freelaw_val_loss,train_the_pile_freelaw*train_the_pile_hackernews,-0.000373594856018218
base,metric/the_pile_freelaw_val_loss,train_the_pile_freelaw*train_the_pile_pubmed_abstracts,-0.09519673106374942
base,metric/the_pile_freelaw_val_loss,train_the_pile_freelaw*train_the_pile_uspto_backgrounds,-0.08687367518387976
base,metric/the_pile_freelaw_val_loss,train_the_pile_nih_exporter*train_the_pile_nih_exporter,-0.015617642563402041
base,metric/the_pile_freelaw_val_loss,train_the_pile_nih_exporter*train_the_pile_github,0.0043664269724993324
base,metric/the_pile_freelaw_val_loss,train_the_pile_nih_exporter*train_the_pile_stackexchange,-0.008856329076312166
base,metric/the_pile_freelaw_val_loss,train_the_pile_nih_exporter*train_the_pile_enron_emails,-0.010296944518289152
base,metric/the_pile_freelaw_val_loss,train_the_pile_nih_exporter*train_the_pile_pile_cc,-0.0018262873695040454
base,metric/the_pile_freelaw_val_loss,train_the_pile_nih_exporter*train_the_pile_pubmed_abstracts,-0.002981529350735444
base,metric/the_pile_freelaw_val_loss,train_the_pile_pubmed_central*train_the_pile_pubmed_central,0.09643481059623667
base,metric/the_pile_freelaw_val_loss,train_the_pile_pubmed_central*train_the_pile_github,-0.0012563773272025306
base,metric/the_pile_freelaw_val_loss,train_the_pile_pubmed_central*train_the_pile_enron_emails,-0.002627942854986785
base,metric/the_pile_freelaw_val_loss,train_the_pile_pubmed_central*train_the_pile_gutenberg_pg_19,-0.04499356597813456
base,metric/the_pile_freelaw_val_loss,train_the_pile_pubmed_central*train_the_pile_pile_cc,-0.00819553080292268
base,metric/the_pile_freelaw_val_loss,train_the_pile_pubmed_central*train_the_pile_ubuntu_irc,-0.044663602740766487
base,metric/the_pile_freelaw_val_loss,train_the_pile_pubmed_central*train_the_pile_hackernews,-0.030404422167160418
base,metric/the_pile_freelaw_val_loss,train_the_pile_pubmed_central*train_the_pile_pubmed_abstracts,0.04395874693182734
base,metric/the_pile_freelaw_val_loss,train_the_pile_pubmed_central*train_the_pile_uspto_backgrounds,0.013092921313294452
base,metric/the_pile_freelaw_val_loss,train_the_pile_wikipedia_en*train_the_pile_dm_mathematics,-0.02073174393737523
base,metric/the_pile_freelaw_val_loss,train_the_pile_wikipedia_en*train_the_pile_philpapers,-0.005074493195050967
base,metric/the_pile_freelaw_val_loss,train_the_pile_wikipedia_en*train_the_pile_gutenberg_pg_19,-0.006338898293432434
base,metric/the_pile_freelaw_val_loss,train_the_pile_wikipedia_en*train_the_pile_hackernews,-0.00230050086794505
base,metric/the_pile_freelaw_val_loss,train_the_pile_wikipedia_en*train_the_pile_pubmed_abstracts,-0.024914174498988768
base,metric/the_pile_freelaw_val_loss,train_the_pile_dm_mathematics*train_the_pile_stackexchange,0.0012085296549465285
base,metric/the_pile_freelaw_val_loss,train_the_pile_dm_mathematics*train_the_pile_gutenberg_pg_19,-0.012386508505970827
base,metric/the_pile_freelaw_val_loss,train_the_pile_dm_mathematics*train_the_pile_europarl,0.017455877546975154
base,metric/the_pile_freelaw_val_loss,train_the_pile_dm_mathematics*train_the_pile_uspto_backgrounds,0.004941063721439934
base,metric/the_pile_freelaw_val_loss,train_the_pile_github*train_the_pile_github,0.13035774310125972
base,metric/the_pile_freelaw_val_loss,train_the_pile_github*train_the_pile_gutenberg_pg_19,0.012716627456269686
base,metric/the_pile_freelaw_val_loss,train_the_pile_github*train_the_pile_europarl,-0.024234079558675948
base,metric/the_pile_freelaw_val_loss,train_the_pile_github*train_the_pile_pubmed_abstracts,0.031440057402434655
base,metric/the_pile_freelaw_val_loss,train_the_pile_github*train_the_pile_uspto_backgrounds,-0.004029780869968621
base,metric/the_pile_freelaw_val_loss,train_the_pile_philpapers*train_the_pile_pubmed_abstracts,-0.01752498258318766
base,metric/the_pile_freelaw_val_loss,train_the_pile_stackexchange*train_the_pile_stackexchange,0.06463427466508251
base,metric/the_pile_freelaw_val_loss,train_the_pile_stackexchange*train_the_pile_enron_emails,-0.0005109276856176708
base,metric/the_pile_freelaw_val_loss,train_the_pile_stackexchange*train_the_pile_pubmed_abstracts,0.0034745407649050186
base,metric/the_pile_freelaw_val_loss,train_the_pile_stackexchange*train_the_pile_uspto_backgrounds,0.0043346032109534876
base,metric/the_pile_freelaw_val_loss,train_the_pile_gutenberg_pg_19*train_the_pile_pile_cc,-0.003845706636989342
base,metric/the_pile_freelaw_val_loss,train_the_pile_gutenberg_pg_19*train_the_pile_ubuntu_irc,-0.001485392592427399
base,metric/the_pile_freelaw_val_loss,train_the_pile_gutenberg_pg_19*train_the_pile_europarl,-0.003636641292526123
base,metric/the_pile_freelaw_val_loss,train_the_pile_pile_cc*train_the_pile_hackernews,-0.011824556497150524
base,metric/the_pile_freelaw_val_loss,train_the_pile_pile_cc*train_the_pile_pubmed_abstracts,-0.007130269620545814
base,metric/the_pile_freelaw_val_loss,train_the_pile_pile_cc*train_the_pile_uspto_backgrounds,-0.023971843392976984
base,metric/the_pile_freelaw_val_loss,train_the_pile_ubuntu_irc*train_the_pile_hackernews,-0.024172317045842273
base,metric/the_pile_freelaw_val_loss,train_the_pile_ubuntu_irc*train_the_pile_pubmed_abstracts,0.025148499002269845
base,metric/the_pile_freelaw_val_loss,train_the_pile_europarl*train_the_pile_hackernews,0.0006938257015260118
base,metric/the_pile_freelaw_val_loss,train_the_pile_hackernews*train_the_pile_pubmed_abstracts,0.0012851184875856162
base,metric/the_pile_freelaw_val_loss,train_the_pile_hackernews*train_the_pile_uspto_backgrounds,-0.01391673219107518
base,metric/the_pile_freelaw_val_loss,train_the_pile_pubmed_abstracts*train_the_pile_uspto_backgrounds,0.022927830731292165
base,metric/the_pile_freelaw_val_loss,train_the_pile_uspto_backgrounds*train_the_pile_uspto_backgrounds,0.016514877257751245
base,metric/the_pile_pubmed_central_val_loss,train_the_pile_nih_exporter,-0.006009540229242267
base,metric/the_pile_pubmed_central_val_loss,train_the_pile_pubmed_central,-0.2237809972682841
base,metric/the_pile_pubmed_central_val_loss,train_the_pile_europarl,-0.012866418760265369
base,metric/the_pile_pubmed_central_val_loss,train_the_pile_pubmed_abstracts,-0.07830618448283116
base,metric/the_pile_pubmed_central_val_loss,train_the_pile_arxiv*train_the_pile_pubmed_central,-0.10576582896409016
base,metric/the_pile_pubmed_central_val_loss,train_the_pile_arxiv*train_the_pile_github,-0.027026652109874
base,metric/the_pile_pubmed_central_val_loss,train_the_pile_arxiv*train_the_pile_hackernews,-0.012909522723043803
base,metric/the_pile_pubmed_central_val_loss,train_the_pile_arxiv*train_the_pile_pubmed_abstracts,-0.007237281346620988
base,metric/the_pile_pubmed_central_val_loss,train_the_pile_freelaw*train_the_pile_freelaw,0.1144422995246233
base,metric/the_pile_pubmed_central_val_loss,train_the_pile_freelaw*train_the_pile_pubmed_central,-0.10828421684658508
base,metric/the_pile_pubmed_central_val_loss,train_the_pile_freelaw*train_the_pile_enron_emails,0.01092651367499935
base,metric/the_pile_pubmed_central_val_loss,train_the_pile_freelaw*train_the_pile_pubmed_abstracts,-0.010027434803595577
base,metric/the_pile_pubmed_central_val_loss,train_the_pile_nih_exporter*train_the_pile_ubuntu_irc,-0.0008671224974861348
base,metric/the_pile_pubmed_central_val_loss,train_the_pile_pubmed_central*train_the_pile_wikipedia_en,-0.09505773443662255
base,metric/the_pile_pubmed_central_val_loss,train_the_pile_pubmed_central*train_the_pile_dm_mathematics,-0.018919632177298817
base,metric/the_pile_pubmed_central_val_loss,train_the_pile_pubmed_central*train_the_pile_github,-0.09923070469129294
base,metric/the_pile_pubmed_central_val_loss,train_the_pile_pubmed_central*train_the_pile_stackexchange,-0.1200588409380348
base,metric/the_pile_pubmed_central_val_loss,train_the_pile_pubmed_central*train_the_pile_gutenberg_pg_19,-0.07469107082197973
base,metric/the_pile_pubmed_central_val_loss,train_the_pile_pubmed_central*train_the_pile_pile_cc,-0.09169894125476599
base,metric/the_pile_pubmed_central_val_loss,train_the_pile_pubmed_central*train_the_pile_ubuntu_irc,-0.012083672806712117
base,metric/the_pile_pubmed_central_val_loss,train_the_pile_pubmed_central*train_the_pile_hackernews,-0.016268396285196843
base,metric/the_pile_pubmed_central_val_loss,train_the_pile_pubmed_central*train_the_pile_pubmed_abstracts,-0.07098947339780846
base,metric/the_pile_pubmed_central_val_loss,train_the_pile_pubmed_central*train_the_pile_uspto_backgrounds,-0.09752251115029553
base,metric/the_pile_pubmed_central_val_loss,train_the_pile_dm_mathematics*train_the_pile_pile_cc,0.005224165586240938
base,metric/the_pile_pubmed_central_val_loss,train_the_pile_dm_mathematics*train_the_pile_ubuntu_irc,-0.006490649245731475
base,metric/the_pile_pubmed_central_val_loss,train_the_pile_dm_mathematics*train_the_pile_uspto_backgrounds,-0.019526216907773813
base,metric/the_pile_pubmed_central_val_loss,train_the_pile_github*train_the_pile_github,0.10777355168400875
base,metric/the_pile_pubmed_central_val_loss,train_the_pile_github*train_the_pile_gutenberg_pg_19,0.012464038420153036
base,metric/the_pile_pubmed_central_val_loss,train_the_pile_github*train_the_pile_pile_cc,0.009513841677536609
base,metric/the_pile_pubmed_central_val_loss,train_the_pile_github*train_the_pile_hackernews,0.01885660169651943
base,metric/the_pile_pubmed_central_val_loss,train_the_pile_philpapers*train_the_pile_hackernews,-0.00920955302702881
base,metric/the_pile_pubmed_central_val_loss,train_the_pile_philpapers*train_the_pile_pubmed_abstracts,-0.021157394783965566
base,metric/the_pile_pubmed_central_val_loss,train_the_pile_stackexchange*train_the_pile_stackexchange,0.06291980742410012
base,metric/the_pile_pubmed_central_val_loss,train_the_pile_stackexchange*train_the_pile_hackernews,-0.009243025193848464
base,metric/the_pile_pubmed_central_val_loss,train_the_pile_enron_emails*train_the_pile_gutenberg_pg_19,0.017917036604859327
base,metric/the_pile_pubmed_central_val_loss,train_the_pile_gutenberg_pg_19*train_the_pile_pile_cc,0.01827801738363743
base,metric/the_pile_pubmed_central_val_loss,train_the_pile_gutenberg_pg_19*train_the_pile_pubmed_abstracts,-0.021300190654024817
base,metric/the_pile_pubmed_central_val_loss,train_the_pile_gutenberg_pg_19*train_the_pile_uspto_backgrounds,0.00045404649574172994
base,metric/the_pile_pubmed_central_val_loss,train_the_pile_pile_cc*train_the_pile_pile_cc,0.09810881157753532
base,metric/the_pile_pubmed_central_val_loss,train_the_pile_ubuntu_irc*train_the_pile_hackernews,-0.003122810474834372
base,metric/the_pile_pubmed_central_val_loss,train_the_pile_ubuntu_irc*train_the_pile_uspto_backgrounds,-0.02113834447874391
base,metric/the_pile_pubmed_central_val_loss,train_the_pile_europarl*train_the_pile_europarl,-0.01812657579878645
base,metric/the_pile_pubmed_central_val_loss,train_the_pile_europarl*train_the_pile_hackernews,-0.005788339157200441
base,metric/the_pile_wikipedia_en_val_loss,train_the_pile_wikipedia_en,-0.005309100228132819
base,metric/the_pile_wikipedia_en_val_loss,train_the_pile_philpapers,-0.006402865225419521
base,metric/the_pile_wikipedia_en_val_loss,train_the_pile_gutenberg_pg_19,-0.0005467671877994132
base,metric/the_pile_wikipedia_en_val_loss,train_the_pile_pile_cc,-0.10995677017286624
base,metric/the_pile_wikipedia_en_val_loss,train_the_pile_arxiv*train_the_pile_arxiv,0.031646001197211955
base,metric/the_pile_wikipedia_en_val_loss,train_the_pile_arxiv*train_the_pile_nih_exporter,0.0016594587531284042
base,metric/the_pile_wikipedia_en_val_loss,train_the_pile_arxiv*train_the_pile_wikipedia_en,-0.11898619483695569
base,metric/the_pile_wikipedia_en_val_loss,train_the_pile_arxiv*train_the_pile_dm_mathematics,0.006365773284391721
base,metric/the_pile_wikipedia_en_val_loss,train_the_pile_arxiv*train_the_pile_enron_emails,-0.0038355267364653277
base,metric/the_pile_wikipedia_en_val_loss,train_the_pile_arxiv*train_the_pile_gutenberg_pg_19,-0.005470563181430842
base,metric/the_pile_wikipedia_en_val_loss,train_the_pile_arxiv*train_the_pile_pile_cc,-0.02449339169885717
base,metric/the_pile_wikipedia_en_val_loss,train_the_pile_arxiv*train_the_pile_ubuntu_irc,0.006630682757975068
base,metric/the_pile_wikipedia_en_val_loss,train_the_pile_arxiv*train_the_pile_hackernews,-0.01480955075948046
base,metric/the_pile_wikipedia_en_val_loss,train_the_pile_arxiv*train_the_pile_pubmed_abstracts,0.008363985710363375
base,metric/the_pile_wikipedia_en_val_loss,train_the_pile_arxiv*train_the_pile_uspto_backgrounds,0.006234796327110348
base,metric/the_pile_wikipedia_en_val_loss,train_the_pile_freelaw*train_the_pile_freelaw,0.016727543606689776
base,metric/the_pile_wikipedia_en_val_loss,train_the_pile_freelaw*train_the_pile_nih_exporter,-0.0021804169209271172
base,metric/the_pile_wikipedia_en_val_loss,train_the_pile_freelaw*train_the_pile_wikipedia_en,-0.10456582647765628
base,metric/the_pile_wikipedia_en_val_loss,train_the_pile_freelaw*train_the_pile_philpapers,-0.0024728352292745274
base,metric/the_pile_wikipedia_en_val_loss,train_the_pile_freelaw*train_the_pile_stackexchange,-0.009751663642752704
base,metric/the_pile_wikipedia_en_val_loss,train_the_pile_freelaw*train_the_pile_pile_cc,-0.02247786016630368
base,metric/the_pile_wikipedia_en_val_loss,train_the_pile_freelaw*train_the_pile_ubuntu_irc,0.002892319567018883
base,metric/the_pile_wikipedia_en_val_loss,train_the_pile_freelaw*train_the_pile_europarl,0.002318583961134078
base,metric/the_pile_wikipedia_en_val_loss,train_the_pile_nih_exporter*train_the_pile_github,0.002863937389003465
base,metric/the_pile_wikipedia_en_val_loss,train_the_pile_nih_exporter*train_the_pile_gutenberg_pg_19,-0.017698249753333135
base,metric/the_pile_wikipedia_en_val_loss,train_the_pile_nih_exporter*train_the_pile_pile_cc,-0.0005409464624358696
base,metric/the_pile_wikipedia_en_val_loss,train_the_pile_nih_exporter*train_the_pile_europarl,-0.0006660998556692855
base,metric/the_pile_wikipedia_en_val_loss,train_the_pile_nih_exporter*train_the_pile_pubmed_abstracts,-0.0024293753714618345
base,metric/the_pile_wikipedia_en_val_loss,train_the_pile_pubmed_central*train_the_pile_pubmed_central,0.027691052405883033
base,metric/the_pile_wikipedia_en_val_loss,train_the_pile_pubmed_central*train_the_pile_wikipedia_en,-0.13199664771262223
base,metric/the_pile_wikipedia_en_val_loss,train_the_pile_pubmed_central*train_the_pile_github,-0.01730591891874745
base,metric/the_pile_wikipedia_en_val_loss,train_the_pile_pubmed_central*train_the_pile_enron_emails,-0.0017707590826639519
base,metric/the_pile_wikipedia_en_val_loss,train_the_pile_pubmed_central*train_the_pile_gutenberg_pg_19,-0.023151582091719143
base,metric/the_pile_wikipedia_en_val_loss,train_the_pile_pubmed_central*train_the_pile_pile_cc,-0.02137331514467897
base,metric/the_pile_wikipedia_en_val_loss,train_the_pile_pubmed_central*train_the_pile_ubuntu_irc,-0.004678306330142812
base,metric/the_pile_wikipedia_en_val_loss,train_the_pile_wikipedia_en*train_the_pile_dm_mathematics,-0.03316593815448544
base,metric/the_pile_wikipedia_en_val_loss,train_the_pile_wikipedia_en*train_the_pile_github,-0.11479673948598726
base,metric/the_pile_wikipedia_en_val_loss,train_the_pile_wikipedia_en*train_the_pile_stackexchange,-0.09438228597103626
base,metric/the_pile_wikipedia_en_val_loss,train_the_pile_wikipedia_en*train_the_pile_gutenberg_pg_19,-0.05874812343611103
base,metric/the_pile_wikipedia_en_val_loss,train_the_pile_wikipedia_en*train_the_pile_pile_cc,-0.08972473804690295
base,metric/the_pile_wikipedia_en_val_loss,train_the_pile_wikipedia_en*train_the_pile_ubuntu_irc,-0.035018610914739845
base,metric/the_pile_wikipedia_en_val_loss,train_the_pile_wikipedia_en*train_the_pile_europarl,-0.016583086925289994
base,metric/the_pile_wikipedia_en_val_loss,train_the_pile_wikipedia_en*train_the_pile_hackernews,-0.013323223958189452
base,metric/the_pile_wikipedia_en_val_loss,train_the_pile_wikipedia_en*train_the_pile_pubmed_abstracts,-0.08185206948205666
base,metric/the_pile_wikipedia_en_val_loss,train_the_pile_wikipedia_en*train_the_pile_uspto_backgrounds,-0.11236947528608085
base,metric/the_pile_wikipedia_en_val_loss,train_the_pile_dm_mathematics*train_the_pile_dm_mathematics,0.011653358604604595
base,metric/the_pile_wikipedia_en_val_loss,train_the_pile_dm_mathematics*train_the_pile_github,0.004507718635629861
base,metric/the_pile_wikipedia_en_val_loss,train_the_pile_dm_mathematics*train_the_pile_gutenberg_pg_19,-0.02095055485219995
base,metric/the_pile_wikipedia_en_val_loss,train_the_pile_dm_mathematics*train_the_pile_pile_cc,-0.0036085773139615486
base,metric/the_pile_wikipedia_en_val_loss,train_the_pile_dm_mathematics*train_the_pile_pubmed_abstracts,0.011124484321763562
base,metric/the_pile_wikipedia_en_val_loss,train_the_pile_dm_mathematics*train_the_pile_uspto_backgrounds,0.004014336871302297
base,metric/the_pile_wikipedia_en_val_loss,train_the_pile_github*train_the_pile_github,0.08443551455793419
base,metric/the_pile_wikipedia_en_val_loss,train_the_pile_github*train_the_pile_philpapers,-0.011435782920210781
base,metric/the_pile_wikipedia_en_val_loss,train_the_pile_github*train_the_pile_enron_emails,0.008472727568237642
base,metric/the_pile_wikipedia_en_val_loss,train_the_pile_github*train_the_pile_gutenberg_pg_19,0.009071728584490334
base,metric/the_pile_wikipedia_en_val_loss,train_the_pile_github*train_the_pile_pile_cc,-0.023947765472104067
base,metric/the_pile_wikipedia_en_val_loss,train_the_pile_github*train_the_pile_hackernews,0.013508784567337243
base,metric/the_pile_wikipedia_en_val_loss,train_the_pile_github*train_the_pile_pubmed_abstracts,0.003192731270151943
base,metric/the_pile_wikipedia_en_val_loss,train_the_pile_github*train_the_pile_uspto_backgrounds,0.0033851110924625932
base,metric/the_pile_wikipedia_en_val_loss,train_the_pile_philpapers*train_the_pile_enron_emails,-0.00014885911573422187
base,metric/the_pile_wikipedia_en_val_loss,train_the_pile_philpapers*train_the_pile_europarl,-0.005773779927091232
base,metric/the_pile_wikipedia_en_val_loss,train_the_pile_philpapers*train_the_pile_pubmed_abstracts,-0.014651312811726951
base,metric/the_pile_wikipedia_en_val_loss,train_the_pile_philpapers*train_the_pile_uspto_backgrounds,-0.0049230380097037355
base,metric/the_pile_wikipedia_en_val_loss,train_the_pile_stackexchange*train_the_pile_stackexchange,0.04411885183779906
base,metric/the_pile_wikipedia_en_val_loss,train_the_pile_stackexchange*train_the_pile_gutenberg_pg_19,-0.009748855057257968
base,metric/the_pile_wikipedia_en_val_loss,train_the_pile_stackexchange*train_the_pile_pile_cc,-0.026485327222322354
base,metric/the_pile_wikipedia_en_val_loss,train_the_pile_stackexchange*train_the_pile_hackernews,0.005125655022130438
base,metric/the_pile_wikipedia_en_val_loss,train_the_pile_stackexchange*train_the_pile_pubmed_abstracts,-0.004147940592574043
base,metric/the_pile_wikipedia_en_val_loss,train_the_pile_stackexchange*train_the_pile_uspto_backgrounds,-0.0009216621554795422
base,metric/the_pile_wikipedia_en_val_loss,train_the_pile_enron_emails*train_the_pile_enron_emails,-0.00214847555578682
base,metric/the_pile_wikipedia_en_val_loss,train_the_pile_enron_emails*train_the_pile_europarl,-0.017895376276805118
base,metric/the_pile_wikipedia_en_val_loss,train_the_pile_gutenberg_pg_19*train_the_pile_pile_cc,-0.01440799605061931
base,metric/the_pile_wikipedia_en_val_loss,train_the_pile_gutenberg_pg_19*train_the_pile_hackernews,-0.00010594129031614193
base,metric/the_pile_wikipedia_en_val_loss,train_the_pile_pile_cc*train_the_pile_ubuntu_irc,-0.008817191336992589
base,metric/the_pile_wikipedia_en_val_loss,train_the_pile_pile_cc*train_the_pile_europarl,-0.0006944402066776184
base,metric/the_pile_wikipedia_en_val_loss,train_the_pile_pile_cc*train_the_pile_hackernews,-0.001135489625026828
base,metric/the_pile_wikipedia_en_val_loss,train_the_pile_pile_cc*train_the_pile_pubmed_abstracts,-0.015522036081418554
base,metric/the_pile_wikipedia_en_val_loss,train_the_pile_pile_cc*train_the_pile_uspto_backgrounds,-0.025662125347808044
base,metric/the_pile_wikipedia_en_val_loss,train_the_pile_ubuntu_irc*train_the_pile_uspto_backgrounds,-0.0005420465735485987
base,metric/the_pile_wikipedia_en_val_loss,train_the_pile_europarl*train_the_pile_hackernews,-0.010132701688003435
base,metric/the_pile_wikipedia_en_val_loss,train_the_pile_hackernews*train_the_pile_uspto_backgrounds,-0.0007424821968337081
base,metric/the_pile_wikipedia_en_val_loss,train_the_pile_pubmed_abstracts*train_the_pile_uspto_backgrounds,0.005985590876479408
base,metric/the_pile_wikipedia_en_val_loss,train_the_pile_uspto_backgrounds*train_the_pile_uspto_backgrounds,0.0026717698689365747
base,metric/the_pile_dm_mathematics_val_loss,train_the_pile_dm_mathematics,-1.982398636388727
base,metric/the_pile_dm_mathematics_val_loss,train_the_pile_ubuntu_irc,-0.053648970789585415
base,metric/the_pile_dm_mathematics_val_loss,train_the_pile_arxiv*train_the_pile_arxiv,0.049514755649107636
base,metric/the_pile_dm_mathematics_val_loss,train_the_pile_arxiv*train_the_pile_freelaw,-0.028198384682539886
base,metric/the_pile_dm_mathematics_val_loss,train_the_pile_arxiv*train_the_pile_nih_exporter,0.024771552572410878
base,metric/the_pile_dm_mathematics_val_loss,train_the_pile_arxiv*train_the_pile_stackexchange,-0.1119670342776347
base,metric/the_pile_dm_mathematics_val_loss,train_the_pile_arxiv*train_the_pile_ubuntu_irc,-0.017182680729882983
base,metric/the_pile_dm_mathematics_val_loss,train_the_pile_freelaw*train_the_pile_freelaw,0.059882684255178766
base,metric/the_pile_dm_mathematics_val_loss,train_the_pile_freelaw*train_the_pile_pubmed_central,-0.029681862374753454
base,metric/the_pile_dm_mathematics_val_loss,train_the_pile_freelaw*train_the_pile_gutenberg_pg_19,-0.05901784057095158
base,metric/the_pile_dm_mathematics_val_loss,train_the_pile_freelaw*train_the_pile_ubuntu_irc,-0.019619868857196097
base,metric/the_pile_dm_mathematics_val_loss,train_the_pile_nih_exporter*train_the_pile_github,-0.000935628926386239
base,metric/the_pile_dm_mathematics_val_loss,train_the_pile_nih_exporter*train_the_pile_stackexchange,-0.08639637345091923
base,metric/the_pile_dm_mathematics_val_loss,train_the_pile_nih_exporter*train_the_pile_ubuntu_irc,-0.007922055957233684
base,metric/the_pile_dm_mathematics_val_loss,train_the_pile_nih_exporter*train_the_pile_uspto_backgrounds,-0.007196398546281685
base,metric/the_pile_dm_mathematics_val_loss,train_the_pile_pubmed_central*train_the_pile_stackexchange,-0.06138980994568054
base,metric/the_pile_dm_mathematics_val_loss,train_the_pile_pubmed_central*train_the_pile_enron_emails,0.006177751242909138
base,metric/the_pile_dm_mathematics_val_loss,train_the_pile_pubmed_central*train_the_pile_pubmed_abstracts,0.04210994136788766
base,metric/the_pile_dm_mathematics_val_loss,train_the_pile_pubmed_central*train_the_pile_uspto_backgrounds,-0.003535713367637328
base,metric/the_pile_dm_mathematics_val_loss,train_the_pile_wikipedia_en*train_the_pile_dm_mathematics,-0.012345729215398676
base,metric/the_pile_dm_mathematics_val_loss,train_the_pile_wikipedia_en*train_the_pile_stackexchange,-0.011179696961956495
base,metric/the_pile_dm_mathematics_val_loss,train_the_pile_wikipedia_en*train_the_pile_gutenberg_pg_19,-0.010157430250670244
base,metric/the_pile_dm_mathematics_val_loss,train_the_pile_wikipedia_en*train_the_pile_hackernews,-0.0764651895099142
base,metric/the_pile_dm_mathematics_val_loss,train_the_pile_wikipedia_en*train_the_pile_pubmed_abstracts,-0.007044533364608863
base,metric/the_pile_dm_mathematics_val_loss,train_the_pile_dm_mathematics*train_the_pile_dm_mathematics,1.1486399135288188
base,metric/the_pile_dm_mathematics_val_loss,train_the_pile_github*train_the_pile_gutenberg_pg_19,-0.053311614988437575
base,metric/the_pile_dm_mathematics_val_loss,train_the_pile_github*train_the_pile_pile_cc,0.013213829222824493
base,metric/the_pile_dm_mathematics_val_loss,train_the_pile_github*train_the_pile_hackernews,-0.03852836087135195
base,metric/the_pile_dm_mathematics_val_loss,train_the_pile_github*train_the_pile_pubmed_abstracts,-0.04855426852439463
base,metric/the_pile_dm_mathematics_val_loss,train_the_pile_philpapers*train_the_pile_pile_cc,-0.009411310529776723
base,metric/the_pile_dm_mathematics_val_loss,train_the_pile_philpapers*train_the_pile_ubuntu_irc,-0.0082498755400115
base,metric/the_pile_dm_mathematics_val_loss,train_the_pile_philpapers*train_the_pile_pubmed_abstracts,-0.02101556866069698
base,metric/the_pile_dm_mathematics_val_loss,train_the_pile_philpapers*train_the_pile_uspto_backgrounds,-0.06346363890353625
base,metric/the_pile_dm_mathematics_val_loss,train_the_pile_stackexchange*train_the_pile_enron_emails,-0.02033949185851343
base,metric/the_pile_dm_mathematics_val_loss,train_the_pile_stackexchange*train_the_pile_pile_cc,-0.04066540526315755
base,metric/the_pile_dm_mathematics_val_loss,train_the_pile_enron_emails*train_the_pile_uspto_backgrounds,-0.02004443970688079
base,metric/the_pile_dm_mathematics_val_loss,train_the_pile_gutenberg_pg_19*train_the_pile_europarl,-0.04328439432140835
base,metric/the_pile_dm_mathematics_val_loss,train_the_pile_europarl*train_the_pile_hackernews,-0.0006529751571572001
base,metric/the_pile_github_val_loss,train_the_pile_github,-0.3453819247461458
base,metric/the_pile_github_val_loss,train_the_pile_stackexchange,-0.173858891091927
base,metric/the_pile_github_val_loss,train_the_pile_enron_emails,-0.00027623929139811485
base,metric/the_pile_github_val_loss,train_the_pile_ubuntu_irc,-0.030451205880660838
base,metric/the_pile_github_val_loss,train_the_pile_hackernews,-0.0063885454009504515
base,metric/the_pile_github_val_loss,train_the_pile_arxiv*train_the_pile_arxiv,0.11477857799119455
base,metric/the_pile_github_val_loss,train_the_pile_arxiv*train_the_pile_freelaw,0.03164133622075293
base,metric/the_pile_github_val_loss,train_the_pile_arxiv*train_the_pile_wikipedia_en,0.0005836409814089017
base,metric/the_pile_github_val_loss,train_the_pile_arxiv*train_the_pile_dm_mathematics,0.0326461378105684
base,metric/the_pile_github_val_loss,train_the_pile_arxiv*train_the_pile_github,-0.12850440733899493
base,metric/the_pile_github_val_loss,train_the_pile_arxiv*train_the_pile_stackexchange,-0.0657831900393807
base,metric/the_pile_github_val_loss,train_the_pile_arxiv*train_the_pile_uspto_backgrounds,-0.007488518248174991
base,metric/the_pile_github_val_loss,train_the_pile_freelaw*train_the_pile_freelaw,0.14791616850824973
base,metric/the_pile_github_val_loss,train_the_pile_freelaw*train_the_pile_pubmed_central,0.014720336857455964
base,metric/the_pile_github_val_loss,train_the_pile_freelaw*train_the_pile_github,-0.10821518005251424
base,metric/the_pile_github_val_loss,train_the_pile_freelaw*train_the_pile_stackexchange,-0.09060370875543303
base,metric/the_pile_github_val_loss,train_the_pile_nih_exporter*train_the_pile_pubmed_central,-0.04975120298878956
base,metric/the_pile_github_val_loss,train_the_pile_nih_exporter*train_the_pile_github,-0.008551281132863707
base,metric/the_pile_github_val_loss,train_the_pile_nih_exporter*train_the_pile_stackexchange,-0.01813793230806357
base,metric/the_pile_github_val_loss,train_the_pile_pubmed_central*train_the_pile_pubmed_central,0.20074673595522927
base,metric/the_pile_github_val_loss,train_the_pile_pubmed_central*train_the_pile_github,-0.1505453887764987
base,metric/the_pile_github_val_loss,train_the_pile_pubmed_central*train_the_pile_stackexchange,-0.05275085429827236
base,metric/the_pile_github_val_loss,train_the_pile_pubmed_central*train_the_pile_enron_emails,-0.007440019412826057
base,metric/the_pile_github_val_loss,train_the_pile_pubmed_central*train_the_pile_gutenberg_pg_19,-0.004438825821166844
base,metric/the_pile_github_val_loss,train_the_pile_pubmed_central*train_the_pile_ubuntu_irc,-0.04008430532078176
base,metric/the_pile_github_val_loss,train_the_pile_pubmed_central*train_the_pile_pubmed_abstracts,0.041632000885229815
base,metric/the_pile_github_val_loss,train_the_pile_pubmed_central*train_the_pile_uspto_backgrounds,0.0259495079588467
base,metric/the_pile_github_val_loss,train_the_pile_wikipedia_en*train_the_pile_wikipedia_en,0.031876642259917744
base,metric/the_pile_github_val_loss,train_the_pile_wikipedia_en*train_the_pile_github,-0.07840327975316774
base,metric/the_pile_github_val_loss,train_the_pile_wikipedia_en*train_the_pile_stackexchange,-0.022695556257212635
base,metric/the_pile_github_val_loss,train_the_pile_dm_mathematics*train_the_pile_github,-0.019055512230472187
base,metric/the_pile_github_val_loss,train_the_pile_dm_mathematics*train_the_pile_stackexchange,-0.022755447008012485
base,metric/the_pile_github_val_loss,train_the_pile_dm_mathematics*train_the_pile_gutenberg_pg_19,0.003670622983937755
base,metric/the_pile_github_val_loss,train_the_pile_dm_mathematics*train_the_pile_hackernews,-0.006332859627476157
base,metric/the_pile_github_val_loss,train_the_pile_dm_mathematics*train_the_pile_pubmed_abstracts,-0.01440011775539695
base,metric/the_pile_github_val_loss,train_the_pile_github*train_the_pile_stackexchange,-0.019337472643228576
base,metric/the_pile_github_val_loss,train_the_pile_github*train_the_pile_gutenberg_pg_19,-0.06613829913577622
base,metric/the_pile_github_val_loss,train_the_pile_github*train_the_pile_pile_cc,-0.1370232847775735
base,metric/the_pile_github_val_loss,train_the_pile_github*train_the_pile_ubuntu_irc,-0.02035295400215449
base,metric/the_pile_github_val_loss,train_the_pile_github*train_the_pile_pubmed_abstracts,-0.07805562873396714
base,metric/the_pile_github_val_loss,train_the_pile_github*train_the_pile_uspto_backgrounds,-0.09062349318889953
base,metric/the_pile_github_val_loss,train_the_pile_philpapers*train_the_pile_gutenberg_pg_19,-0.005660646946883771
base,metric/the_pile_github_val_loss,train_the_pile_philpapers*train_the_pile_ubuntu_irc,-0.00197921345242205
base,metric/the_pile_github_val_loss,train_the_pile_philpapers*train_the_pile_hackernews,-0.011048804949189391
base,metric/the_pile_github_val_loss,train_the_pile_philpapers*train_the_pile_uspto_backgrounds,-0.011472172437254746
base,metric/the_pile_github_val_loss,train_the_pile_stackexchange*train_the_pile_gutenberg_pg_19,-0.03450296908591988
base,metric/the_pile_github_val_loss,train_the_pile_stackexchange*train_the_pile_pile_cc,-0.043447492702784384
base,metric/the_pile_github_val_loss,train_the_pile_stackexchange*train_the_pile_pubmed_abstracts,-0.02573304087262368
base,metric/the_pile_github_val_loss,train_the_pile_stackexchange*train_the_pile_uspto_backgrounds,-0.047420016122097716
base,metric/the_pile_github_val_loss,train_the_pile_enron_emails*train_the_pile_ubuntu_irc,-0.01628617618499947
base,metric/the_pile_github_val_loss,train_the_pile_enron_emails*train_the_pile_europarl,-0.02462310809808974
base,metric/the_pile_github_val_loss,train_the_pile_gutenberg_pg_19*train_the_pile_pile_cc,0.0073300754429119755
base,metric/the_pile_github_val_loss,train_the_pile_gutenberg_pg_19*train_the_pile_ubuntu_irc,-0.006843625206747208
base,metric/the_pile_github_val_loss,train_the_pile_gutenberg_pg_19*train_the_pile_uspto_backgrounds,0.04032507666528819
base,metric/the_pile_github_val_loss,train_the_pile_pile_cc*train_the_pile_pile_cc,0.04609898588983788
base,metric/the_pile_github_val_loss,train_the_pile_pubmed_abstracts*train_the_pile_uspto_backgrounds,-0.0005472986739326785
base,metric/the_pile_github_val_loss,train_the_pile_uspto_backgrounds*train_the_pile_uspto_backgrounds,0.045677457463784404
base,metric/the_pile_stackexchange_val_loss,train_the_pile_github,-0.13585704861493733
base,metric/the_pile_stackexchange_val_loss,train_the_pile_stackexchange,-0.26907258198893375
base,metric/the_pile_stackexchange_val_loss,train_the_pile_ubuntu_irc,-0.015810711031386596
base,metric/the_pile_stackexchange_val_loss,train_the_pile_hackernews,-0.013151150172853605
base,metric/the_pile_stackexchange_val_loss,train_the_pile_arxiv*train_the_pile_arxiv,0.079876138642759
base,metric/the_pile_stackexchange_val_loss,train_the_pile_arxiv*train_the_pile_freelaw,0.03386856370438585
base,metric/the_pile_stackexchange_val_loss,train_the_pile_arxiv*train_the_pile_dm_mathematics,0.014630229997089841
base,metric/the_pile_stackexchange_val_loss,train_the_pile_arxiv*train_the_pile_github,-0.05437895083035969
base,metric/the_pile_stackexchange_val_loss,train_the_pile_arxiv*train_the_pile_stackexchange,-0.10610743602415305
base,metric/the_pile_stackexchange_val_loss,train_the_pile_arxiv*train_the_pile_pile_cc,-0.005241932640682065
base,metric/the_pile_stackexchange_val_loss,train_the_pile_arxiv*train_the_pile_ubuntu_irc,-0.01601632717843144
base,metric/the_pile_stackexchange_val_loss,train_the_pile_arxiv*train_the_pile_uspto_backgrounds,-0.006978042640681058
base,metric/the_pile_stackexchange_val_loss,train_the_pile_freelaw*train_the_pile_freelaw,0.12503274660802435
base,metric/the_pile_stackexchange_val_loss,train_the_pile_freelaw*train_the_pile_pubmed_central,0.005691217631482955
base,metric/the_pile_stackexchange_val_loss,train_the_pile_freelaw*train_the_pile_dm_mathematics,-0.004076168920504483
base,metric/the_pile_stackexchange_val_loss,train_the_pile_freelaw*train_the_pile_github,-0.031805094513246666
base,metric/the_pile_stackexchange_val_loss,train_the_pile_freelaw*train_the_pile_stackexchange,-0.1338564217397585
base,metric/the_pile_stackexchange_val_loss,train_the_pile_nih_exporter*train_the_pile_pubmed_central,-0.030963411928560468
base,metric/the_pile_stackexchange_val_loss,train_the_pile_nih_exporter*train_the_pile_stackexchange,-0.009848711509908726
base,metric/the_pile_stackexchange_val_loss,train_the_pile_pubmed_central*train_the_pile_pubmed_central,0.1456563372115415
base,metric/the_pile_stackexchange_val_loss,train_the_pile_pubmed_central*train_the_pile_dm_mathematics,0.0006722842203614244
base,metric/the_pile_stackexchange_val_loss,train_the_pile_pubmed_central*train_the_pile_github,-0.06070482283762463
base,metric/the_pile_stackexchange_val_loss,train_the_pile_pubmed_central*train_the_pile_stackexchange,-0.08303503270358605
base,metric/the_pile_stackexchange_val_loss,train_the_pile_pubmed_central*train_the_pile_enron_emails,-0.024445061907652298
base,metric/the_pile_stackexchange_val_loss,train_the_pile_pubmed_central*train_the_pile_pile_cc,-0.017335278060692096
base,metric/the_pile_stackexchange_val_loss,train_the_pile_pubmed_central*train_the_pile_ubuntu_irc,-0.028614769932432435
base,metric/the_pile_stackexchange_val_loss,train_the_pile_pubmed_central*train_the_pile_europarl,-0.00025047383739811176
base,metric/the_pile_stackexchange_val_loss,train_the_pile_pubmed_central*train_the_pile_pubmed_abstracts,0.010459893297891359
base,metric/the_pile_stackexchange_val_loss,train_the_pile_pubmed_central*train_the_pile_uspto_backgrounds,0.03282182862636441
base,metric/the_pile_stackexchange_val_loss,train_the_pile_wikipedia_en*train_the_pile_wikipedia_en,0.022216539796146708
base,metric/the_pile_stackexchange_val_loss,train_the_pile_wikipedia_en*train_the_pile_github,-0.02020480835276017
base,metric/the_pile_stackexchange_val_loss,train_the_pile_wikipedia_en*train_the_pile_philpapers,-0.005572873950524939
base,metric/the_pile_stackexchange_val_loss,train_the_pile_wikipedia_en*train_the_pile_stackexchange,-0.06347022593745395
base,metric/the_pile_stackexchange_val_loss,train_the_pile_dm_mathematics*train_the_pile_stackexchange,-0.0006578851421292148
base,metric/the_pile_stackexchange_val_loss,train_the_pile_github*train_the_pile_stackexchange,-0.011887123639094508
base,metric/the_pile_stackexchange_val_loss,train_the_pile_github*train_the_pile_gutenberg_pg_19,-0.010522535392502561
base,metric/the_pile_stackexchange_val_loss,train_the_pile_github*train_the_pile_pile_cc,-0.04447834871884754
base,metric/the_pile_stackexchange_val_loss,train_the_pile_github*train_the_pile_ubuntu_irc,-0.004382389071318977
base,metric/the_pile_stackexchange_val_loss,train_the_pile_github*train_the_pile_pubmed_abstracts,-0.024249453031844597
base,metric/the_pile_stackexchange_val_loss,train_the_pile_github*train_the_pile_uspto_backgrounds,-0.021945303631772353
base,metric/the_pile_stackexchange_val_loss,train_the_pile_philpapers*train_the_pile_hackernews,-0.017641774584429993
base,metric/the_pile_stackexchange_val_loss,train_the_pile_philpapers*train_the_pile_uspto_backgrounds,-0.009390475377417416
base,metric/the_pile_stackexchange_val_loss,train_the_pile_stackexchange*train_the_pile_gutenberg_pg_19,-0.0496693014707663
base,metric/the_pile_stackexchange_val_loss,train_the_pile_stackexchange*train_the_pile_pile_cc,-0.08307362801660405
base,metric/the_pile_stackexchange_val_loss,train_the_pile_stackexchange*train_the_pile_pubmed_abstracts,-0.07286192563564182
base,metric/the_pile_stackexchange_val_loss,train_the_pile_stackexchange*train_the_pile_uspto_backgrounds,-0.07096973145639036
base,metric/the_pile_stackexchange_val_loss,train_the_pile_enron_emails*train_the_pile_ubuntu_irc,-0.0015928534823930571
base,metric/the_pile_stackexchange_val_loss,train_the_pile_enron_emails*train_the_pile_europarl,-0.009535525030121512
base,metric/the_pile_stackexchange_val_loss,train_the_pile_enron_emails*train_the_pile_hackernews,0.002001408856255783
base,metric/the_pile_stackexchange_val_loss,train_the_pile_gutenberg_pg_19*train_the_pile_uspto_backgrounds,0.027766575341721864
base,metric/the_pile_stackexchange_val_loss,train_the_pile_pile_cc*train_the_pile_pile_cc,0.006710198567031051
base,metric/the_pile_stackexchange_val_loss,train_the_pile_pile_cc*train_the_pile_hackernews,-0.00235675319857212
base,metric/the_pile_stackexchange_val_loss,train_the_pile_ubuntu_irc*train_the_pile_hackernews,-0.005940211822338761
base,metric/the_pile_stackexchange_val_loss,train_the_pile_europarl*train_the_pile_pubmed_abstracts,0.012954163531224036
base,metric/the_pile_stackexchange_val_loss,train_the_pile_pubmed_abstracts*train_the_pile_uspto_backgrounds,-0.0027260092664652706
base,metric/the_pile_stackexchange_val_loss,train_the_pile_uspto_backgrounds*train_the_pile_uspto_backgrounds,0.017575644219799322
base,metric/the_pile_gutenberg_pg_19_val_loss,train_the_pile_freelaw,-0.011791146818531217
base,metric/the_pile_gutenberg_pg_19_val_loss,train_the_pile_wikipedia_en,-0.0030467839758722072
base,metric/the_pile_gutenberg_pg_19_val_loss,train_the_pile_enron_emails,-0.001954611282275458
base,metric/the_pile_gutenberg_pg_19_val_loss,train_the_pile_gutenberg_pg_19,-0.409924789423367
base,metric/the_pile_gutenberg_pg_19_val_loss,train_the_pile_pile_cc,-0.09718382438640671
base,metric/the_pile_gutenberg_pg_19_val_loss,train_the_pile_arxiv*train_the_pile_arxiv,0.05280212585283315
base,metric/the_pile_gutenberg_pg_19_val_loss,train_the_pile_arxiv*train_the_pile_freelaw,-0.019554407693843045
base,metric/the_pile_gutenberg_pg_19_val_loss,train_the_pile_arxiv*train_the_pile_nih_exporter,-0.009444795386216044
base,metric/the_pile_gutenberg_pg_19_val_loss,train_the_pile_arxiv*train_the_pile_pubmed_central,0.019042744755500763
base,metric/the_pile_gutenberg_pg_19_val_loss,train_the_pile_arxiv*train_the_pile_dm_mathematics,0.0008803674260570278
base,metric/the_pile_gutenberg_pg_19_val_loss,train_the_pile_arxiv*train_the_pile_philpapers,-0.01379046567381879
base,metric/the_pile_gutenberg_pg_19_val_loss,train_the_pile_arxiv*train_the_pile_stackexchange,0.0019959079282614502
base,metric/the_pile_gutenberg_pg_19_val_loss,train_the_pile_arxiv*train_the_pile_gutenberg_pg_19,-0.04568705098369091
base,metric/the_pile_gutenberg_pg_19_val_loss,train_the_pile_arxiv*train_the_pile_pile_cc,-0.025254226262624094
base,metric/the_pile_gutenberg_pg_19_val_loss,train_the_pile_arxiv*train_the_pile_ubuntu_irc,0.012554220669586998
base,metric/the_pile_gutenberg_pg_19_val_loss,train_the_pile_arxiv*train_the_pile_europarl,-0.0029729054838210545
base,metric/the_pile_gutenberg_pg_19_val_loss,train_the_pile_arxiv*train_the_pile_hackernews,-0.00913023253274988
base,metric/the_pile_gutenberg_pg_19_val_loss,train_the_pile_arxiv*train_the_pile_pubmed_abstracts,0.01729294423546629
base,metric/the_pile_gutenberg_pg_19_val_loss,train_the_pile_arxiv*train_the_pile_uspto_backgrounds,0.020094307028357343
base,metric/the_pile_gutenberg_pg_19_val_loss,train_the_pile_freelaw*train_the_pile_pubmed_central,-0.014364023750380758
base,metric/the_pile_gutenberg_pg_19_val_loss,train_the_pile_freelaw*train_the_pile_wikipedia_en,-0.022632221796751954
base,metric/the_pile_gutenberg_pg_19_val_loss,train_the_pile_freelaw*train_the_pile_github,-0.003054955031620045
base,metric/the_pile_gutenberg_pg_19_val_loss,train_the_pile_freelaw*train_the_pile_philpapers,-0.005097247432301724
base,metric/the_pile_gutenberg_pg_19_val_loss,train_the_pile_freelaw*train_the_pile_stackexchange,-0.010875857735152237
base,metric/the_pile_gutenberg_pg_19_val_loss,train_the_pile_freelaw*train_the_pile_gutenberg_pg_19,-0.009891697389291713
base,metric/the_pile_gutenberg_pg_19_val_loss,train_the_pile_freelaw*train_the_pile_pile_cc,-0.014776177619197988
base,metric/the_pile_gutenberg_pg_19_val_loss,train_the_pile_freelaw*train_the_pile_pubmed_abstracts,-0.017791342767141918
base,metric/the_pile_gutenberg_pg_19_val_loss,train_the_pile_freelaw*train_the_pile_uspto_backgrounds,-0.020338639898326863
base,metric/the_pile_gutenberg_pg_19_val_loss,train_the_pile_nih_exporter*train_the_pile_dm_mathematics,-0.0007686339312654965
base,metric/the_pile_gutenberg_pg_19_val_loss,train_the_pile_nih_exporter*train_the_pile_github,0.011311683162054399
base,metric/the_pile_gutenberg_pg_19_val_loss,train_the_pile_nih_exporter*train_the_pile_stackexchange,-3.277987786022547e-05
base,metric/the_pile_gutenberg_pg_19_val_loss,train_the_pile_nih_exporter*train_the_pile_hackernews,-0.003649623885681427
base,metric/the_pile_gutenberg_pg_19_val_loss,train_the_pile_pubmed_central*train_the_pile_pubmed_central,0.06897458511405459
base,metric/the_pile_gutenberg_pg_19_val_loss,train_the_pile_pubmed_central*train_the_pile_wikipedia_en,-0.017110937423697927
base,metric/the_pile_gutenberg_pg_19_val_loss,train_the_pile_pubmed_central*train_the_pile_dm_mathematics,0.004208634692808718
base,metric/the_pile_gutenberg_pg_19_val_loss,train_the_pile_pubmed_central*train_the_pile_github,0.005230889800467334
base,metric/the_pile_gutenberg_pg_19_val_loss,train_the_pile_pubmed_central*train_the_pile_enron_emails,-0.010495027725609207
base,metric/the_pile_gutenberg_pg_19_val_loss,train_the_pile_pubmed_central*train_the_pile_gutenberg_pg_19,-0.036797544920856365
base,metric/the_pile_gutenberg_pg_19_val_loss,train_the_pile_pubmed_central*train_the_pile_pile_cc,-0.019781799375352797
base,metric/the_pile_gutenberg_pg_19_val_loss,train_the_pile_pubmed_central*train_the_pile_ubuntu_irc,-0.007427014414602385
base,metric/the_pile_gutenberg_pg_19_val_loss,train_the_pile_pubmed_central*train_the_pile_hackernews,-0.018818110289904703
base,metric/the_pile_gutenberg_pg_19_val_loss,train_the_pile_pubmed_central*train_the_pile_pubmed_abstracts,0.038428316813480884
base,metric/the_pile_gutenberg_pg_19_val_loss,train_the_pile_pubmed_central*train_the_pile_uspto_backgrounds,0.025842014411306017
base,metric/the_pile_gutenberg_pg_19_val_loss,train_the_pile_wikipedia_en*train_the_pile_gutenberg_pg_19,-0.01770321243432035
base,metric/the_pile_gutenberg_pg_19_val_loss,train_the_pile_wikipedia_en*train_the_pile_pile_cc,-0.019336253624239658
base,metric/the_pile_gutenberg_pg_19_val_loss,train_the_pile_wikipedia_en*train_the_pile_ubuntu_irc,-0.0036997005034138455
base,metric/the_pile_gutenberg_pg_19_val_loss,train_the_pile_wikipedia_en*train_the_pile_europarl,0.006208662652903834
base,metric/the_pile_gutenberg_pg_19_val_loss,train_the_pile_wikipedia_en*train_the_pile_hackernews,-0.0078059293710300015
base,metric/the_pile_gutenberg_pg_19_val_loss,train_the_pile_wikipedia_en*train_the_pile_pubmed_abstracts,-0.023003238760949726
base,metric/the_pile_gutenberg_pg_19_val_loss,train_the_pile_dm_mathematics*train_the_pile_stackexchange,0.0009996456959359553
base,metric/the_pile_gutenberg_pg_19_val_loss,train_the_pile_dm_mathematics*train_the_pile_enron_emails,-0.0023327713239315716
base,metric/the_pile_gutenberg_pg_19_val_loss,train_the_pile_dm_mathematics*train_the_pile_gutenberg_pg_19,-0.01035175573132799
base,metric/the_pile_gutenberg_pg_19_val_loss,train_the_pile_dm_mathematics*train_the_pile_ubuntu_irc,0.0004308438872218054
base,metric/the_pile_gutenberg_pg_19_val_loss,train_the_pile_dm_mathematics*train_the_pile_europarl,0.0010161317885873772
base,metric/the_pile_gutenberg_pg_19_val_loss,train_the_pile_dm_mathematics*train_the_pile_uspto_backgrounds,0.011980239845733754
base,metric/the_pile_gutenberg_pg_19_val_loss,train_the_pile_github*train_the_pile_github,0.06858381006728986
base,metric/the_pile_gutenberg_pg_19_val_loss,train_the_pile_github*train_the_pile_gutenberg_pg_19,-0.031675089585475526
base,metric/the_pile_gutenberg_pg_19_val_loss,train_the_pile_github*train_the_pile_pile_cc,-0.01514868440966197
base,metric/the_pile_gutenberg_pg_19_val_loss,train_the_pile_github*train_the_pile_ubuntu_irc,-0.01044295870371031
base,metric/the_pile_gutenberg_pg_19_val_loss,train_the_pile_github*train_the_pile_europarl,-0.0014565106655186314
base,metric/the_pile_gutenberg_pg_19_val_loss,train_the_pile_github*train_the_pile_hackernews,0.00550576241605344
base,metric/the_pile_gutenberg_pg_19_val_loss,train_the_pile_github*train_the_pile_pubmed_abstracts,0.006950652523400569
base,metric/the_pile_gutenberg_pg_19_val_loss,train_the_pile_github*train_the_pile_uspto_backgrounds,0.016776704155507437
base,metric/the_pile_gutenberg_pg_19_val_loss,train_the_pile_philpapers*train_the_pile_stackexchange,0.0033304248587963797
base,metric/the_pile_gutenberg_pg_19_val_loss,train_the_pile_philpapers*train_the_pile_hackernews,-0.002430880256586016
base,metric/the_pile_gutenberg_pg_19_val_loss,train_the_pile_philpapers*train_the_pile_pubmed_abstracts,-0.01159218976016992
base,metric/the_pile_gutenberg_pg_19_val_loss,train_the_pile_stackexchange*train_the_pile_stackexchange,0.03654953562482827
base,metric/the_pile_gutenberg_pg_19_val_loss,train_the_pile_stackexchange*train_the_pile_gutenberg_pg_19,-0.017728756964424972
base,metric/the_pile_gutenberg_pg_19_val_loss,train_the_pile_stackexchange*train_the_pile_pile_cc,-0.0110583552533527
base,metric/the_pile_gutenberg_pg_19_val_loss,train_the_pile_stackexchange*train_the_pile_ubuntu_irc,0.0004863371823407294
base,metric/the_pile_gutenberg_pg_19_val_loss,train_the_pile_stackexchange*train_the_pile_europarl,-0.0003042769215902607
base,metric/the_pile_gutenberg_pg_19_val_loss,train_the_pile_stackexchange*train_the_pile_hackernews,-0.0037947535002492037
base,metric/the_pile_gutenberg_pg_19_val_loss,train_the_pile_enron_emails*train_the_pile_gutenberg_pg_19,0.007412450849265687
base,metric/the_pile_gutenberg_pg_19_val_loss,train_the_pile_enron_emails*train_the_pile_pile_cc,-0.002094435333827073
base,metric/the_pile_gutenberg_pg_19_val_loss,train_the_pile_enron_emails*train_the_pile_hackernews,0.003919810345356908
base,metric/the_pile_gutenberg_pg_19_val_loss,train_the_pile_enron_emails*train_the_pile_pubmed_abstracts,-0.010821887336832795
base,metric/the_pile_gutenberg_pg_19_val_loss,train_the_pile_gutenberg_pg_19*train_the_pile_gutenberg_pg_19,0.23135216634863418
base,metric/the_pile_gutenberg_pg_19_val_loss,train_the_pile_gutenberg_pg_19*train_the_pile_pubmed_abstracts,-0.007428784973678974
base,metric/the_pile_gutenberg_pg_19_val_loss,train_the_pile_gutenberg_pg_19*train_the_pile_uspto_backgrounds,-0.025146992391572344
base,metric/the_pile_gutenberg_pg_19_val_loss,train_the_pile_pile_cc*train_the_pile_ubuntu_irc,-0.0027528136778107726
base,metric/the_pile_gutenberg_pg_19_val_loss,train_the_pile_pile_cc*train_the_pile_pubmed_abstracts,-0.010415038138658518
base,metric/the_pile_gutenberg_pg_19_val_loss,train_the_pile_pile_cc*train_the_pile_uspto_backgrounds,-0.01445809336340453
base,metric/the_pile_gutenberg_pg_19_val_loss,train_the_pile_europarl*train_the_pile_hackernews,-0.004456893548319911
base,metric/the_pile_gutenberg_pg_19_val_loss,train_the_pile_europarl*train_the_pile_pubmed_abstracts,-0.0075763723923176676
base,metric/the_pile_gutenberg_pg_19_val_loss,train_the_pile_europarl*train_the_pile_uspto_backgrounds,-0.010073590719678775
base,metric/the_pile_gutenberg_pg_19_val_loss,train_the_pile_hackernews*train_the_pile_pubmed_abstracts,-0.011464717065218932
base,metric/the_pile_gutenberg_pg_19_val_loss,train_the_pile_hackernews*train_the_pile_uspto_backgrounds,-0.028108948595058112
base,metric/the_pile_gutenberg_pg_19_val_loss,train_the_pile_pubmed_abstracts*train_the_pile_uspto_backgrounds,0.03667383566755386
base,metric/the_pile_gutenberg_pg_19_val_loss,train_the_pile_uspto_backgrounds*train_the_pile_uspto_backgrounds,0.00732104600642364
base,metric/the_pile_pile_cc_val_loss,train_the_pile_arxiv,0.003212445080504755
base,metric/the_pile_pile_cc_val_loss,train_the_pile_wikipedia_en,-0.010633411378238419
base,metric/the_pile_pile_cc_val_loss,train_the_pile_pile_cc,-0.12281347864020803
base,metric/the_pile_pile_cc_val_loss,train_the_pile_ubuntu_irc,-0.024184067928040055
base,metric/the_pile_pile_cc_val_loss,train_the_pile_hackernews,-0.000612098364142568
base,metric/the_pile_pile_cc_val_loss,train_the_pile_arxiv*train_the_pile_arxiv,0.05947981600460941
base,metric/the_pile_pile_cc_val_loss,train_the_pile_arxiv*train_the_pile_freelaw,0.0024653134480163287
base,metric/the_pile_pile_cc_val_loss,train_the_pile_arxiv*train_the_pile_pubmed_central,0.016913798899676088
base,metric/the_pile_pile_cc_val_loss,train_the_pile_arxiv*train_the_pile_wikipedia_en,-0.01423769502471575
base,metric/the_pile_pile_cc_val_loss,train_the_pile_arxiv*train_the_pile_dm_mathematics,0.012088657871855674
base,metric/the_pile_pile_cc_val_loss,train_the_pile_arxiv*train_the_pile_github,0.000141436511526019
base,metric/the_pile_pile_cc_val_loss,train_the_pile_arxiv*train_the_pile_gutenberg_pg_19,-0.014112803586058579
base,metric/the_pile_pile_cc_val_loss,train_the_pile_arxiv*train_the_pile_pile_cc,-0.04253532797860925
base,metric/the_pile_pile_cc_val_loss,train_the_pile_arxiv*train_the_pile_europarl,-0.0020879186515697333
base,metric/the_pile_pile_cc_val_loss,train_the_pile_arxiv*train_the_pile_hackernews,-0.011983394565400245
base,metric/the_pile_pile_cc_val_loss,train_the_pile_arxiv*train_the_pile_pubmed_abstracts,0.012163375217978886
base,metric/the_pile_pile_cc_val_loss,train_the_pile_arxiv*train_the_pile_uspto_backgrounds,0.004659482238117183
base,metric/the_pile_pile_cc_val_loss,train_the_pile_freelaw*train_the_pile_freelaw,0.028615440563543433
base,metric/the_pile_pile_cc_val_loss,train_the_pile_freelaw*train_the_pile_nih_exporter,0.0008705340157839234
base,metric/the_pile_pile_cc_val_loss,train_the_pile_freelaw*train_the_pile_pubmed_central,-0.009610243379736582
base,metric/the_pile_pile_cc_val_loss,train_the_pile_freelaw*train_the_pile_wikipedia_en,-0.015722596188114425
base,metric/the_pile_pile_cc_val_loss,train_the_pile_freelaw*train_the_pile_philpapers,-0.00010177057952447993
base,metric/the_pile_pile_cc_val_loss,train_the_pile_freelaw*train_the_pile_stackexchange,-0.010849008111972874
base,metric/the_pile_pile_cc_val_loss,train_the_pile_freelaw*train_the_pile_enron_emails,-0.003641436516068266
base,metric/the_pile_pile_cc_val_loss,train_the_pile_freelaw*train_the_pile_gutenberg_pg_19,-0.0031853277105723062
base,metric/the_pile_pile_cc_val_loss,train_the_pile_freelaw*train_the_pile_pile_cc,-0.033442340094105905
base,metric/the_pile_pile_cc_val_loss,train_the_pile_freelaw*train_the_pile_europarl,0.0030521604978339355
base,metric/the_pile_pile_cc_val_loss,train_the_pile_freelaw*train_the_pile_hackernews,-0.005573819039140011
base,metric/the_pile_pile_cc_val_loss,train_the_pile_freelaw*train_the_pile_uspto_backgrounds,-0.00263227831108163
base,metric/the_pile_pile_cc_val_loss,train_the_pile_nih_exporter*train_the_pile_pubmed_central,-0.008655320937647265
base,metric/the_pile_pile_cc_val_loss,train_the_pile_nih_exporter*train_the_pile_wikipedia_en,0.0003257202659025477
base,metric/the_pile_pile_cc_val_loss,train_the_pile_nih_exporter*train_the_pile_dm_mathematics,-0.0010820895583171278
base,metric/the_pile_pile_cc_val_loss,train_the_pile_nih_exporter*train_the_pile_github,0.008508396171227875
base,metric/the_pile_pile_cc_val_loss,train_the_pile_nih_exporter*train_the_pile_philpapers,0.0006350363154457969
base,metric/the_pile_pile_cc_val_loss,train_the_pile_nih_exporter*train_the_pile_pile_cc,-0.0008353902455540592
base,metric/the_pile_pile_cc_val_loss,train_the_pile_nih_exporter*train_the_pile_ubuntu_irc,0.00030606591301068323
base,metric/the_pile_pile_cc_val_loss,train_the_pile_nih_exporter*train_the_pile_europarl,-0.0028745793484779283
base,metric/the_pile_pile_cc_val_loss,train_the_pile_nih_exporter*train_the_pile_hackernews,-0.0005167199011849803
base,metric/the_pile_pile_cc_val_loss,train_the_pile_nih_exporter*train_the_pile_pubmed_abstracts,-0.0019686494693279323
base,metric/the_pile_pile_cc_val_loss,train_the_pile_nih_exporter*train_the_pile_uspto_backgrounds,-0.004046634493329926
base,metric/the_pile_pile_cc_val_loss,train_the_pile_pubmed_central*train_the_pile_pubmed_central,0.050505572797729
base,metric/the_pile_pile_cc_val_loss,train_the_pile_pubmed_central*train_the_pile_wikipedia_en,-0.020676558586620607
base,metric/the_pile_pile_cc_val_loss,train_the_pile_pubmed_central*train_the_pile_dm_mathematics,0.012579094237680383
base,metric/the_pile_pile_cc_val_loss,train_the_pile_pubmed_central*train_the_pile_github,-0.00016907416282702607
base,metric/the_pile_pile_cc_val_loss,train_the_pile_pubmed_central*train_the_pile_philpapers,0.0012843974433357037
base,metric/the_pile_pile_cc_val_loss,train_the_pile_pubmed_central*train_the_pile_stackexchange,-0.005086023731253727
base,metric/the_pile_pile_cc_val_loss,train_the_pile_pubmed_central*train_the_pile_enron_emails,-0.006293126587570491
base,metric/the_pile_pile_cc_val_loss,train_the_pile_pubmed_central*train_the_pile_gutenberg_pg_19,-0.013770401510799352
base,metric/the_pile_pile_cc_val_loss,train_the_pile_pubmed_central*train_the_pile_pile_cc,-0.03937319711195652
base,metric/the_pile_pile_cc_val_loss,train_the_pile_pubmed_central*train_the_pile_ubuntu_irc,-0.006661977351376445
base,metric/the_pile_pile_cc_val_loss,train_the_pile_pubmed_central*train_the_pile_europarl,-0.0022607051565788536
base,metric/the_pile_pile_cc_val_loss,train_the_pile_pubmed_central*train_the_pile_hackernews,-0.01204024141762872
base,metric/the_pile_pile_cc_val_loss,train_the_pile_pubmed_central*train_the_pile_pubmed_abstracts,0.018630422914624037
base,metric/the_pile_pile_cc_val_loss,train_the_pile_pubmed_central*train_the_pile_uspto_backgrounds,0.016791563006948746
base,metric/the_pile_pile_cc_val_loss,train_the_pile_wikipedia_en*train_the_pile_dm_mathematics,-0.010057186829054902
base,metric/the_pile_pile_cc_val_loss,train_the_pile_wikipedia_en*train_the_pile_github,-0.016531991497261107
base,metric/the_pile_pile_cc_val_loss,train_the_pile_wikipedia_en*train_the_pile_philpapers,0.0001756918794850185
base,metric/the_pile_pile_cc_val_loss,train_the_pile_wikipedia_en*train_the_pile_stackexchange,-0.015525518756112133
base,metric/the_pile_pile_cc_val_loss,train_the_pile_wikipedia_en*train_the_pile_gutenberg_pg_19,-0.010963833508307682
base,metric/the_pile_pile_cc_val_loss,train_the_pile_wikipedia_en*train_the_pile_pile_cc,-0.02589981422950474
base,metric/the_pile_pile_cc_val_loss,train_the_pile_wikipedia_en*train_the_pile_ubuntu_irc,-0.014699814306219083
base,metric/the_pile_pile_cc_val_loss,train_the_pile_wikipedia_en*train_the_pile_hackernews,-0.00047039610232568567
base,metric/the_pile_pile_cc_val_loss,train_the_pile_wikipedia_en*train_the_pile_pubmed_abstracts,-0.01841571873953654
base,metric/the_pile_pile_cc_val_loss,train_the_pile_wikipedia_en*train_the_pile_uspto_backgrounds,-0.016550464940351232
base,metric/the_pile_pile_cc_val_loss,train_the_pile_dm_mathematics*train_the_pile_dm_mathematics,0.003395438380580953
base,metric/the_pile_pile_cc_val_loss,train_the_pile_dm_mathematics*train_the_pile_github,0.004711527959970009
base,metric/the_pile_pile_cc_val_loss,train_the_pile_dm_mathematics*train_the_pile_philpapers,-0.0010931709830614591
base,metric/the_pile_pile_cc_val_loss,train_the_pile_dm_mathematics*train_the_pile_gutenberg_pg_19,-0.0007595090075966784
base,metric/the_pile_pile_cc_val_loss,train_the_pile_dm_mathematics*train_the_pile_pile_cc,-0.015085268762879448
base,metric/the_pile_pile_cc_val_loss,train_the_pile_dm_mathematics*train_the_pile_europarl,0.0012878589357724253
base,metric/the_pile_pile_cc_val_loss,train_the_pile_dm_mathematics*train_the_pile_hackernews,-0.004792129316685569
base,metric/the_pile_pile_cc_val_loss,train_the_pile_dm_mathematics*train_the_pile_pubmed_abstracts,0.01171049616595165
base,metric/the_pile_pile_cc_val_loss,train_the_pile_github*train_the_pile_github,0.08178216520895806
base,metric/the_pile_pile_cc_val_loss,train_the_pile_github*train_the_pile_philpapers,-0.008483019131812394
base,metric/the_pile_pile_cc_val_loss,train_the_pile_github*train_the_pile_stackexchange,-0.0014902557856063916
base,metric/the_pile_pile_cc_val_loss,train_the_pile_github*train_the_pile_enron_emails,0.002049370644854707
base,metric/the_pile_pile_cc_val_loss,train_the_pile_github*train_the_pile_gutenberg_pg_19,0.002930172429861359
base,metric/the_pile_pile_cc_val_loss,train_the_pile_github*train_the_pile_pile_cc,-0.039502481970327935
base,metric/the_pile_pile_cc_val_loss,train_the_pile_github*train_the_pile_ubuntu_irc,-0.0009992931807174799
base,metric/the_pile_pile_cc_val_loss,train_the_pile_github*train_the_pile_pubmed_abstracts,0.012189952391206554
base,metric/the_pile_pile_cc_val_loss,train_the_pile_github*train_the_pile_uspto_backgrounds,0.006438719645357019
base,metric/the_pile_pile_cc_val_loss,train_the_pile_philpapers*train_the_pile_pubmed_abstracts,-0.01333441196930903
base,metric/the_pile_pile_cc_val_loss,train_the_pile_philpapers*train_the_pile_uspto_backgrounds,-0.000787303696452985
base,metric/the_pile_pile_cc_val_loss,train_the_pile_stackexchange*train_the_pile_stackexchange,0.02672936557489322
base,metric/the_pile_pile_cc_val_loss,train_the_pile_stackexchange*train_the_pile_gutenberg_pg_19,-0.004205168867690843
base,metric/the_pile_pile_cc_val_loss,train_the_pile_stackexchange*train_the_pile_pile_cc,-0.028598139802691023
base,metric/the_pile_pile_cc_val_loss,train_the_pile_stackexchange*train_the_pile_ubuntu_irc,-0.001104078248794314
base,metric/the_pile_pile_cc_val_loss,train_the_pile_stackexchange*train_the_pile_pubmed_abstracts,-0.0037030731890417704
base,metric/the_pile_pile_cc_val_loss,train_the_pile_enron_emails*train_the_pile_gutenberg_pg_19,0.0019491364665602836
base,metric/the_pile_pile_cc_val_loss,train_the_pile_enron_emails*train_the_pile_pile_cc,-0.003666582818683488
base,metric/the_pile_pile_cc_val_loss,train_the_pile_enron_emails*train_the_pile_europarl,-0.012336608017791685
base,metric/the_pile_pile_cc_val_loss,train_the_pile_enron_emails*train_the_pile_pubmed_abstracts,-0.005633370503890052
base,metric/the_pile_pile_cc_val_loss,train_the_pile_enron_emails*train_the_pile_uspto_backgrounds,-0.005496416242568515
base,metric/the_pile_pile_cc_val_loss,train_the_pile_gutenberg_pg_19*train_the_pile_gutenberg_pg_19,0.005456022536098526
base,metric/the_pile_pile_cc_val_loss,train_the_pile_gutenberg_pg_19*train_the_pile_pile_cc,-0.024784749259256177
base,metric/the_pile_pile_cc_val_loss,train_the_pile_gutenberg_pg_19*train_the_pile_hackernews,-0.006599064865720398
base,metric/the_pile_pile_cc_val_loss,train_the_pile_gutenberg_pg_19*train_the_pile_pubmed_abstracts,-0.004030168217777654
base,metric/the_pile_pile_cc_val_loss,train_the_pile_gutenberg_pg_19*train_the_pile_uspto_backgrounds,-0.005757719513912525
base,metric/the_pile_pile_cc_val_loss,train_the_pile_pile_cc*train_the_pile_ubuntu_irc,-0.00829152590955364
base,metric/the_pile_pile_cc_val_loss,train_the_pile_pile_cc*train_the_pile_europarl,-0.0005790919620465823
base,metric/the_pile_pile_cc_val_loss,train_the_pile_pile_cc*train_the_pile_hackernews,-0.0005783640681789893
base,metric/the_pile_pile_cc_val_loss,train_the_pile_pile_cc*train_the_pile_pubmed_abstracts,-0.033517149442714694
base,metric/the_pile_pile_cc_val_loss,train_the_pile_pile_cc*train_the_pile_uspto_backgrounds,-0.03991422913683892
base,metric/the_pile_pile_cc_val_loss,train_the_pile_ubuntu_irc*train_the_pile_ubuntu_irc,0.020724657758867848
base,metric/the_pile_pile_cc_val_loss,train_the_pile_ubuntu_irc*train_the_pile_europarl,-0.0012608008251565842
base,metric/the_pile_pile_cc_val_loss,train_the_pile_ubuntu_irc*train_the_pile_hackernews,-0.002333405907224705
base,metric/the_pile_pile_cc_val_loss,train_the_pile_ubuntu_irc*train_the_pile_uspto_backgrounds,-0.005781917344327761
base,metric/the_pile_pile_cc_val_loss,train_the_pile_hackernews*train_the_pile_uspto_backgrounds,-0.007864569091024889
base,metric/the_pile_pile_cc_val_loss,train_the_pile_pubmed_abstracts*train_the_pile_uspto_backgrounds,0.0107462315177546
base,metric/the_pile_pile_cc_val_loss,train_the_pile_uspto_backgrounds*train_the_pile_uspto_backgrounds,0.015820512181672276
base,metric/the_pile_ubuntu_irc_val_loss,train_the_pile_philpapers,-0.01961690259519726
base,metric/the_pile_ubuntu_irc_val_loss,train_the_pile_enron_emails,-0.014898988308078788
base,metric/the_pile_ubuntu_irc_val_loss,train_the_pile_ubuntu_irc,-1.4686169314494586
base,metric/the_pile_ubuntu_irc_val_loss,train_the_pile_europarl,-0.027843826513942547
base,metric/the_pile_ubuntu_irc_val_loss,train_the_pile_hackernews,-0.019966253199968406
base,metric/the_pile_ubuntu_irc_val_loss,train_the_pile_arxiv*train_the_pile_arxiv,0.05688787261435236
base,metric/the_pile_ubuntu_irc_val_loss,train_the_pile_arxiv*train_the_pile_dm_mathematics,0.0353842387817037
base,metric/the_pile_ubuntu_irc_val_loss,train_the_pile_arxiv*train_the_pile_github,-0.018411534612530728
base,metric/the_pile_ubuntu_irc_val_loss,train_the_pile_arxiv*train_the_pile_ubuntu_irc,-0.013559289176517473
base,metric/the_pile_ubuntu_irc_val_loss,train_the_pile_arxiv*train_the_pile_europarl,-0.039894667427840765
base,metric/the_pile_ubuntu_irc_val_loss,train_the_pile_freelaw*train_the_pile_freelaw,0.06688249437233075
base,metric/the_pile_ubuntu_irc_val_loss,train_the_pile_freelaw*train_the_pile_nih_exporter,0.001405159554248435
base,metric/the_pile_ubuntu_irc_val_loss,train_the_pile_freelaw*train_the_pile_wikipedia_en,0.007245524712110417
base,metric/the_pile_ubuntu_irc_val_loss,train_the_pile_freelaw*train_the_pile_stackexchange,-0.029959171569727244
base,metric/the_pile_ubuntu_irc_val_loss,train_the_pile_freelaw*train_the_pile_enron_emails,-0.015045754105997594
base,metric/the_pile_ubuntu_irc_val_loss,train_the_pile_freelaw*train_the_pile_ubuntu_irc,-0.01843687704897409
base,metric/the_pile_ubuntu_irc_val_loss,train_the_pile_freelaw*train_the_pile_europarl,-0.0018306567016301675
base,metric/the_pile_ubuntu_irc_val_loss,train_the_pile_freelaw*train_the_pile_pubmed_abstracts,0.02821569228127586
base,metric/the_pile_ubuntu_irc_val_loss,train_the_pile_nih_exporter*train_the_pile_pubmed_central,-0.023452847254808493
base,metric/the_pile_ubuntu_irc_val_loss,train_the_pile_nih_exporter*train_the_pile_enron_emails,-0.0055859905515155146
base,metric/the_pile_ubuntu_irc_val_loss,train_the_pile_nih_exporter*train_the_pile_gutenberg_pg_19,-0.005061348621872929
base,metric/the_pile_ubuntu_irc_val_loss,train_the_pile_nih_exporter*train_the_pile_pile_cc,-0.02224160601809355
base,metric/the_pile_ubuntu_irc_val_loss,train_the_pile_nih_exporter*train_the_pile_pubmed_abstracts,-0.008105378373504044
base,metric/the_pile_ubuntu_irc_val_loss,train_the_pile_nih_exporter*train_the_pile_uspto_backgrounds,-0.00449929623959001
base,metric/the_pile_ubuntu_irc_val_loss,train_the_pile_pubmed_central*train_the_pile_pubmed_central,0.1190659551529114
base,metric/the_pile_ubuntu_irc_val_loss,train_the_pile_pubmed_central*train_the_pile_github,-0.00871975102120553
base,metric/the_pile_ubuntu_irc_val_loss,train_the_pile_pubmed_central*train_the_pile_stackexchange,-0.012679827607444405
base,metric/the_pile_ubuntu_irc_val_loss,train_the_pile_pubmed_central*train_the_pile_gutenberg_pg_19,-0.05373767824585828
base,metric/the_pile_ubuntu_irc_val_loss,train_the_pile_pubmed_central*train_the_pile_ubuntu_irc,-0.013746921212242722
base,metric/the_pile_ubuntu_irc_val_loss,train_the_pile_pubmed_central*train_the_pile_europarl,-0.010437398993238213
base,metric/the_pile_ubuntu_irc_val_loss,train_the_pile_pubmed_central*train_the_pile_pubmed_abstracts,0.011354053902644616
base,metric/the_pile_ubuntu_irc_val_loss,train_the_pile_pubmed_central*train_the_pile_uspto_backgrounds,0.025743257236089577
base,metric/the_pile_ubuntu_irc_val_loss,train_the_pile_wikipedia_en*train_the_pile_wikipedia_en,0.010119129978171932
base,metric/the_pile_ubuntu_irc_val_loss,train_the_pile_wikipedia_en*train_the_pile_dm_mathematics,-0.003970997899786534
base,metric/the_pile_ubuntu_irc_val_loss,train_the_pile_wikipedia_en*train_the_pile_europarl,0.009052261401836235
base,metric/the_pile_ubuntu_irc_val_loss,train_the_pile_dm_mathematics*train_the_pile_philpapers,-0.008290812539021003
base,metric/the_pile_ubuntu_irc_val_loss,train_the_pile_dm_mathematics*train_the_pile_hackernews,-0.005258895130635628
base,metric/the_pile_ubuntu_irc_val_loss,train_the_pile_dm_mathematics*train_the_pile_pubmed_abstracts,0.01965669507084055
base,metric/the_pile_ubuntu_irc_val_loss,train_the_pile_github*train_the_pile_pile_cc,-0.011381109274745428
base,metric/the_pile_ubuntu_irc_val_loss,train_the_pile_github*train_the_pile_europarl,-0.0013798589445651861
base,metric/the_pile_ubuntu_irc_val_loss,train_the_pile_github*train_the_pile_hackernews,-0.00932992891802252
base,metric/the_pile_ubuntu_irc_val_loss,train_the_pile_philpapers*train_the_pile_hackernews,-0.010639814194778868
base,metric/the_pile_ubuntu_irc_val_loss,train_the_pile_philpapers*train_the_pile_pubmed_abstracts,-0.02696967723267352
base,metric/the_pile_ubuntu_irc_val_loss,train_the_pile_stackexchange*train_the_pile_enron_emails,-0.012477206802934274
base,metric/the_pile_ubuntu_irc_val_loss,train_the_pile_enron_emails*train_the_pile_europarl,-0.042842337439381574
base,metric/the_pile_ubuntu_irc_val_loss,train_the_pile_enron_emails*train_the_pile_hackernews,-0.00010008446233047691
base,metric/the_pile_ubuntu_irc_val_loss,train_the_pile_enron_emails*train_the_pile_uspto_backgrounds,-0.007858880212730575
base,metric/the_pile_ubuntu_irc_val_loss,train_the_pile_gutenberg_pg_19*train_the_pile_pubmed_abstracts,-0.007244034494588273
base,metric/the_pile_ubuntu_irc_val_loss,train_the_pile_pile_cc*train_the_pile_europarl,-0.013917626504991256
base,metric/the_pile_ubuntu_irc_val_loss,train_the_pile_pile_cc*train_the_pile_hackernews,-0.00205452487869961
base,metric/the_pile_ubuntu_irc_val_loss,train_the_pile_ubuntu_irc*train_the_pile_ubuntu_irc,0.8429138406260329
base,metric/the_pile_hackernews_val_loss,train_the_pile_stackexchange,-0.012337344823542862
base,metric/the_pile_hackernews_val_loss,train_the_pile_enron_emails,-0.007505205322327749
base,metric/the_pile_hackernews_val_loss,train_the_pile_pile_cc,-0.0751828055681093
base,metric/the_pile_hackernews_val_loss,train_the_pile_ubuntu_irc,-0.007108570482196794
base,metric/the_pile_hackernews_val_loss,train_the_pile_hackernews,-0.4424140304242547
base,metric/the_pile_hackernews_val_loss,train_the_pile_arxiv*train_the_pile_arxiv,0.06675372397742657
base,metric/the_pile_hackernews_val_loss,train_the_pile_arxiv*train_the_pile_freelaw,0.017298826703076663
base,metric/the_pile_hackernews_val_loss,train_the_pile_arxiv*train_the_pile_nih_exporter,-0.004079856287511187
base,metric/the_pile_hackernews_val_loss,train_the_pile_arxiv*train_the_pile_pubmed_central,0.019066722828818668
base,metric/the_pile_hackernews_val_loss,train_the_pile_arxiv*train_the_pile_wikipedia_en,0.01391180911298819
base,metric/the_pile_hackernews_val_loss,train_the_pile_arxiv*train_the_pile_dm_mathematics,-0.004369869695829622
base,metric/the_pile_hackernews_val_loss,train_the_pile_arxiv*train_the_pile_philpapers,-0.0023888015740538885
base,metric/the_pile_hackernews_val_loss,train_the_pile_arxiv*train_the_pile_stackexchange,-0.013564726747117109
base,metric/the_pile_hackernews_val_loss,train_the_pile_arxiv*train_the_pile_enron_emails,0.0019363309094960353
base,metric/the_pile_hackernews_val_loss,train_the_pile_arxiv*train_the_pile_gutenberg_pg_19,-0.008575937934255323
base,metric/the_pile_hackernews_val_loss,train_the_pile_arxiv*train_the_pile_pile_cc,-0.021818623509648492
base,metric/the_pile_hackernews_val_loss,train_the_pile_arxiv*train_the_pile_ubuntu_irc,-0.004656463158571882
base,metric/the_pile_hackernews_val_loss,train_the_pile_arxiv*train_the_pile_europarl,-0.005096848145038362
base,metric/the_pile_hackernews_val_loss,train_the_pile_arxiv*train_the_pile_hackernews,-0.03323987606459214
base,metric/the_pile_hackernews_val_loss,train_the_pile_arxiv*train_the_pile_pubmed_abstracts,0.004163537687617404
base,metric/the_pile_hackernews_val_loss,train_the_pile_arxiv*train_the_pile_uspto_backgrounds,0.008193937083853601
base,metric/the_pile_hackernews_val_loss,train_the_pile_freelaw*train_the_pile_freelaw,0.0356672462273979
base,metric/the_pile_hackernews_val_loss,train_the_pile_freelaw*train_the_pile_pubmed_central,-0.004477541421465646
base,metric/the_pile_hackernews_val_loss,train_the_pile_freelaw*train_the_pile_wikipedia_en,-0.0015349935848112787
base,metric/the_pile_hackernews_val_loss,train_the_pile_freelaw*train_the_pile_dm_mathematics,-0.0010346573271524282
base,metric/the_pile_hackernews_val_loss,train_the_pile_freelaw*train_the_pile_philpapers,-0.0054239487743606455
base,metric/the_pile_hackernews_val_loss,train_the_pile_freelaw*train_the_pile_stackexchange,-0.013868740450698342
base,metric/the_pile_hackernews_val_loss,train_the_pile_freelaw*train_the_pile_enron_emails,-0.002022675356367588
base,metric/the_pile_hackernews_val_loss,train_the_pile_freelaw*train_the_pile_gutenberg_pg_19,-0.0014388897146286298
base,metric/the_pile_hackernews_val_loss,train_the_pile_freelaw*train_the_pile_pile_cc,-0.012984075754512672
base,metric/the_pile_hackernews_val_loss,train_the_pile_freelaw*train_the_pile_ubuntu_irc,-0.01002385524767427
base,metric/the_pile_hackernews_val_loss,train_the_pile_freelaw*train_the_pile_hackernews,-0.014555681519606513
base,metric/the_pile_hackernews_val_loss,train_the_pile_freelaw*train_the_pile_pubmed_abstracts,-0.015912307874877466
base,metric/the_pile_hackernews_val_loss,train_the_pile_freelaw*train_the_pile_uspto_backgrounds,-0.006071446147584307
base,metric/the_pile_hackernews_val_loss,train_the_pile_nih_exporter*train_the_pile_pubmed_central,-0.0024880743780014737
base,metric/the_pile_hackernews_val_loss,train_the_pile_nih_exporter*train_the_pile_dm_mathematics,-0.011424340740177572
base,metric/the_pile_hackernews_val_loss,train_the_pile_nih_exporter*train_the_pile_github,0.006755892083405895
base,metric/the_pile_hackernews_val_loss,train_the_pile_nih_exporter*train_the_pile_philpapers,0.0001407304862795046
base,metric/the_pile_hackernews_val_loss,train_the_pile_nih_exporter*train_the_pile_stackexchange,-0.008578305256928397
base,metric/the_pile_hackernews_val_loss,train_the_pile_nih_exporter*train_the_pile_enron_emails,-0.0010538069112166675
base,metric/the_pile_hackernews_val_loss,train_the_pile_nih_exporter*train_the_pile_pile_cc,-5.011077238274817e-05
base,metric/the_pile_hackernews_val_loss,train_the_pile_nih_exporter*train_the_pile_ubuntu_irc,0.006496557516683618
base,metric/the_pile_hackernews_val_loss,train_the_pile_nih_exporter*train_the_pile_hackernews,0.003900590807198177
base,metric/the_pile_hackernews_val_loss,train_the_pile_nih_exporter*train_the_pile_pubmed_abstracts,0.0027175800154018736
base,metric/the_pile_hackernews_val_loss,train_the_pile_nih_exporter*train_the_pile_uspto_backgrounds,-0.018188364108886704
base,metric/the_pile_hackernews_val_loss,train_the_pile_pubmed_central*train_the_pile_pubmed_central,0.08225319105589123
base,metric/the_pile_hackernews_val_loss,train_the_pile_pubmed_central*train_the_pile_wikipedia_en,0.003450065523443737
base,metric/the_pile_hackernews_val_loss,train_the_pile_pubmed_central*train_the_pile_dm_mathematics,0.019118364035289104
base,metric/the_pile_hackernews_val_loss,train_the_pile_pubmed_central*train_the_pile_stackexchange,-0.006824494954293405
base,metric/the_pile_hackernews_val_loss,train_the_pile_pubmed_central*train_the_pile_enron_emails,-0.009015422338363561
base,metric/the_pile_hackernews_val_loss,train_the_pile_pubmed_central*train_the_pile_gutenberg_pg_19,-0.016106624899364107
base,metric/the_pile_hackernews_val_loss,train_the_pile_pubmed_central*train_the_pile_pile_cc,-0.030072986213425558
base,metric/the_pile_hackernews_val_loss,train_the_pile_pubmed_central*train_the_pile_ubuntu_irc,-0.007008837670140291
base,metric/the_pile_hackernews_val_loss,train_the_pile_pubmed_central*train_the_pile_hackernews,-0.03578027095939448
base,metric/the_pile_hackernews_val_loss,train_the_pile_pubmed_central*train_the_pile_pubmed_abstracts,0.020474153937510578
base,metric/the_pile_hackernews_val_loss,train_the_pile_pubmed_central*train_the_pile_uspto_backgrounds,0.02064503154516155
base,metric/the_pile_hackernews_val_loss,train_the_pile_wikipedia_en*train_the_pile_wikipedia_en,0.01954689595724941
base,metric/the_pile_hackernews_val_loss,train_the_pile_wikipedia_en*train_the_pile_dm_mathematics,-0.0033278192195542876
base,metric/the_pile_hackernews_val_loss,train_the_pile_wikipedia_en*train_the_pile_philpapers,0.008594851159162219
base,metric/the_pile_hackernews_val_loss,train_the_pile_wikipedia_en*train_the_pile_stackexchange,-0.00042434642470191706
base,metric/the_pile_hackernews_val_loss,train_the_pile_wikipedia_en*train_the_pile_gutenberg_pg_19,-0.01755343865000109
base,metric/the_pile_hackernews_val_loss,train_the_pile_wikipedia_en*train_the_pile_pile_cc,-0.015902061967344745
base,metric/the_pile_hackernews_val_loss,train_the_pile_wikipedia_en*train_the_pile_ubuntu_irc,-0.01839074866586398
base,metric/the_pile_hackernews_val_loss,train_the_pile_wikipedia_en*train_the_pile_hackernews,-0.0077478824092856585
base,metric/the_pile_hackernews_val_loss,train_the_pile_wikipedia_en*train_the_pile_pubmed_abstracts,-0.003363430061340916
base,metric/the_pile_hackernews_val_loss,train_the_pile_dm_mathematics*train_the_pile_github,-0.0011836729363929022
base,metric/the_pile_hackernews_val_loss,train_the_pile_dm_mathematics*train_the_pile_philpapers,0.012602453005497113
base,metric/the_pile_hackernews_val_loss,train_the_pile_dm_mathematics*train_the_pile_stackexchange,0.0042435276083512595
base,metric/the_pile_hackernews_val_loss,train_the_pile_dm_mathematics*train_the_pile_enron_emails,-0.003820569693168093
base,metric/the_pile_hackernews_val_loss,train_the_pile_dm_mathematics*train_the_pile_gutenberg_pg_19,-7.648312518992958e-05
base,metric/the_pile_hackernews_val_loss,train_the_pile_dm_mathematics*train_the_pile_ubuntu_irc,0.003963981496037381
base,metric/the_pile_hackernews_val_loss,train_the_pile_dm_mathematics*train_the_pile_hackernews,-0.001711934143471862
base,metric/the_pile_hackernews_val_loss,train_the_pile_dm_mathematics*train_the_pile_uspto_backgrounds,0.0035383633908853225
base,metric/the_pile_hackernews_val_loss,train_the_pile_github*train_the_pile_github,0.036284774827953795
base,metric/the_pile_hackernews_val_loss,train_the_pile_github*train_the_pile_enron_emails,-0.0013810328222858175
base,metric/the_pile_hackernews_val_loss,train_the_pile_github*train_the_pile_gutenberg_pg_19,-0.006704290038551115
base,metric/the_pile_hackernews_val_loss,train_the_pile_github*train_the_pile_pile_cc,-0.021925481941781174
base,metric/the_pile_hackernews_val_loss,train_the_pile_github*train_the_pile_ubuntu_irc,-0.008163150223849813
base,metric/the_pile_hackernews_val_loss,train_the_pile_github*train_the_pile_hackernews,-0.010656130685171057
base,metric/the_pile_hackernews_val_loss,train_the_pile_github*train_the_pile_pubmed_abstracts,0.0038541708279678706
base,metric/the_pile_hackernews_val_loss,train_the_pile_github*train_the_pile_uspto_backgrounds,0.002762115422953273
base,metric/the_pile_hackernews_val_loss,train_the_pile_philpapers*train_the_pile_philpapers,-0.01700188766290823
base,metric/the_pile_hackernews_val_loss,train_the_pile_philpapers*train_the_pile_stackexchange,0.0024995534373698377
base,metric/the_pile_hackernews_val_loss,train_the_pile_philpapers*train_the_pile_enron_emails,-0.004025931496287574
base,metric/the_pile_hackernews_val_loss,train_the_pile_philpapers*train_the_pile_gutenberg_pg_19,-0.0010112213367670022
base,metric/the_pile_hackernews_val_loss,train_the_pile_philpapers*train_the_pile_europarl,0.0046461778701000584
base,metric/the_pile_hackernews_val_loss,train_the_pile_philpapers*train_the_pile_pubmed_abstracts,-0.002694110472869548
base,metric/the_pile_hackernews_val_loss,train_the_pile_stackexchange*train_the_pile_enron_emails,-0.0049770295214183816
base,metric/the_pile_hackernews_val_loss,train_the_pile_stackexchange*train_the_pile_gutenberg_pg_19,-0.006486740805373004
base,metric/the_pile_hackernews_val_loss,train_the_pile_stackexchange*train_the_pile_pile_cc,-0.015480539135828341
base,metric/the_pile_hackernews_val_loss,train_the_pile_stackexchange*train_the_pile_ubuntu_irc,0.0011334762598659814
base,metric/the_pile_hackernews_val_loss,train_the_pile_stackexchange*train_the_pile_pubmed_abstracts,-0.004724611779685628
base,metric/the_pile_hackernews_val_loss,train_the_pile_stackexchange*train_the_pile_uspto_backgrounds,-0.01031497606211166
base,metric/the_pile_hackernews_val_loss,train_the_pile_enron_emails*train_the_pile_pubmed_abstracts,-0.0007168245664117694
base,metric/the_pile_hackernews_val_loss,train_the_pile_enron_emails*train_the_pile_uspto_backgrounds,-0.0030937198065278167
base,metric/the_pile_hackernews_val_loss,train_the_pile_gutenberg_pg_19*train_the_pile_gutenberg_pg_19,0.0013287897979614204
base,metric/the_pile_hackernews_val_loss,train_the_pile_gutenberg_pg_19*train_the_pile_pile_cc,-0.008303356362103909
base,metric/the_pile_hackernews_val_loss,train_the_pile_gutenberg_pg_19*train_the_pile_uspto_backgrounds,0.005574123395760421
base,metric/the_pile_hackernews_val_loss,train_the_pile_pile_cc*train_the_pile_europarl,-0.01184273348099382
base,metric/the_pile_hackernews_val_loss,train_the_pile_pile_cc*train_the_pile_hackernews,0.01752902673930014
base,metric/the_pile_hackernews_val_loss,train_the_pile_pile_cc*train_the_pile_pubmed_abstracts,-0.010138261786487801
base,metric/the_pile_hackernews_val_loss,train_the_pile_pile_cc*train_the_pile_uspto_backgrounds,-0.016476217609592527
base,metric/the_pile_hackernews_val_loss,train_the_pile_ubuntu_irc*train_the_pile_europarl,0.00488423591398299
base,metric/the_pile_hackernews_val_loss,train_the_pile_ubuntu_irc*train_the_pile_hackernews,0.005196133569138982
base,metric/the_pile_hackernews_val_loss,train_the_pile_ubuntu_irc*train_the_pile_pubmed_abstracts,-0.009069070838244698
base,metric/the_pile_hackernews_val_loss,train_the_pile_ubuntu_irc*train_the_pile_uspto_backgrounds,-0.002912789035400495
base,metric/the_pile_hackernews_val_loss,train_the_pile_europarl*train_the_pile_hackernews,-0.0037405696261432184
base,metric/the_pile_hackernews_val_loss,train_the_pile_europarl*train_the_pile_pubmed_abstracts,-0.0006586833111584255
base,metric/the_pile_hackernews_val_loss,train_the_pile_europarl*train_the_pile_uspto_backgrounds,0.012887188477339571
base,metric/the_pile_hackernews_val_loss,train_the_pile_hackernews*train_the_pile_hackernews,0.3041458794763214
base,metric/the_pile_hackernews_val_loss,train_the_pile_hackernews*train_the_pile_pubmed_abstracts,-0.015724933361644645
base,metric/the_pile_hackernews_val_loss,train_the_pile_hackernews*train_the_pile_uspto_backgrounds,-0.014024285343936849
base,metric/the_pile_hackernews_val_loss,train_the_pile_pubmed_abstracts*train_the_pile_uspto_backgrounds,0.01617937207488653
base,metric/the_pile_hackernews_val_loss,train_the_pile_uspto_backgrounds*train_the_pile_uspto_backgrounds,0.014963380505209824
base,metric/the_pile_pubmed_abstracts_val_loss,train_the_pile_nih_exporter,-0.02823044250437608
base,metric/the_pile_pubmed_abstracts_val_loss,train_the_pile_pubmed_central,-0.14624459670341144
base,metric/the_pile_pubmed_abstracts_val_loss,train_the_pile_github,0.06227534306955069
base,metric/the_pile_pubmed_abstracts_val_loss,train_the_pile_uspto_backgrounds,-0.0401702953223009
base,metric/the_pile_pubmed_abstracts_val_loss,train_the_pile_arxiv*train_the_pile_arxiv,0.04943496559711276
base,metric/the_pile_pubmed_abstracts_val_loss,train_the_pile_arxiv*train_the_pile_freelaw,0.0173583741999585
base,metric/the_pile_pubmed_abstracts_val_loss,train_the_pile_arxiv*train_the_pile_nih_exporter,-0.016154791808395286
base,metric/the_pile_pubmed_abstracts_val_loss,train_the_pile_arxiv*train_the_pile_pubmed_central,-0.0412790592755072
base,metric/the_pile_pubmed_abstracts_val_loss,train_the_pile_arxiv*train_the_pile_github,-0.0057631506921271575
base,metric/the_pile_pubmed_abstracts_val_loss,train_the_pile_arxiv*train_the_pile_stackexchange,0.003089716305780871
base,metric/the_pile_pubmed_abstracts_val_loss,train_the_pile_arxiv*train_the_pile_gutenberg_pg_19,0.0014197964975897392
base,metric/the_pile_pubmed_abstracts_val_loss,train_the_pile_arxiv*train_the_pile_ubuntu_irc,0.009264743320754828
base,metric/the_pile_pubmed_abstracts_val_loss,train_the_pile_arxiv*train_the_pile_hackernews,-0.005580945572364757
base,metric/the_pile_pubmed_abstracts_val_loss,train_the_pile_arxiv*train_the_pile_pubmed_abstracts,-0.11499588126473753
base,metric/the_pile_pubmed_abstracts_val_loss,train_the_pile_freelaw*train_the_pile_freelaw,0.07159739561906488
base,metric/the_pile_pubmed_abstracts_val_loss,train_the_pile_freelaw*train_the_pile_nih_exporter,-0.01424964568435606
base,metric/the_pile_pubmed_abstracts_val_loss,train_the_pile_freelaw*train_the_pile_pubmed_central,-0.03115523534596234
base,metric/the_pile_pubmed_abstracts_val_loss,train_the_pile_freelaw*train_the_pile_wikipedia_en,0.005105184405997896
base,metric/the_pile_pubmed_abstracts_val_loss,train_the_pile_freelaw*train_the_pile_github,0.0076243376352544785
base,metric/the_pile_pubmed_abstracts_val_loss,train_the_pile_freelaw*train_the_pile_stackexchange,0.010786300410830878
base,metric/the_pile_pubmed_abstracts_val_loss,train_the_pile_freelaw*train_the_pile_pile_cc,-0.0045062148257334735
base,metric/the_pile_pubmed_abstracts_val_loss,train_the_pile_freelaw*train_the_pile_ubuntu_irc,0.007357332501148
base,metric/the_pile_pubmed_abstracts_val_loss,train_the_pile_freelaw*train_the_pile_europarl,0.018469010402357548
base,metric/the_pile_pubmed_abstracts_val_loss,train_the_pile_freelaw*train_the_pile_hackernews,0.008120670269474122
base,metric/the_pile_pubmed_abstracts_val_loss,train_the_pile_freelaw*train_the_pile_pubmed_abstracts,-0.12394220239275218
base,metric/the_pile_pubmed_abstracts_val_loss,train_the_pile_freelaw*train_the_pile_uspto_backgrounds,-0.019878462247676854
base,metric/the_pile_pubmed_abstracts_val_loss,train_the_pile_nih_exporter*train_the_pile_wikipedia_en,-0.001829147772265856
base,metric/the_pile_pubmed_abstracts_val_loss,train_the_pile_nih_exporter*train_the_pile_github,-0.020893240137034936
base,metric/the_pile_pubmed_abstracts_val_loss,train_the_pile_nih_exporter*train_the_pile_stackexchange,-0.0031299606475539495
base,metric/the_pile_pubmed_abstracts_val_loss,train_the_pile_nih_exporter*train_the_pile_pile_cc,-0.006142285178918383
base,metric/the_pile_pubmed_abstracts_val_loss,train_the_pile_pubmed_central*train_the_pile_wikipedia_en,-0.02845632906216464
base,metric/the_pile_pubmed_abstracts_val_loss,train_the_pile_pubmed_central*train_the_pile_dm_mathematics,-0.006945725347750542
base,metric/the_pile_pubmed_abstracts_val_loss,train_the_pile_pubmed_central*train_the_pile_github,-0.04654993924439697
base,metric/the_pile_pubmed_abstracts_val_loss,train_the_pile_pubmed_central*train_the_pile_stackexchange,-0.04640822277139827
base,metric/the_pile_pubmed_abstracts_val_loss,train_the_pile_pubmed_central*train_the_pile_gutenberg_pg_19,-0.01722962892350793
base,metric/the_pile_pubmed_abstracts_val_loss,train_the_pile_pubmed_central*train_the_pile_pile_cc,-0.024535324690735674
base,metric/the_pile_pubmed_abstracts_val_loss,train_the_pile_pubmed_central*train_the_pile_ubuntu_irc,-0.00675366502019671
base,metric/the_pile_pubmed_abstracts_val_loss,train_the_pile_pubmed_central*train_the_pile_hackernews,-0.008948382109309776
base,metric/the_pile_pubmed_abstracts_val_loss,train_the_pile_pubmed_central*train_the_pile_pubmed_abstracts,-0.04231892730537999
base,metric/the_pile_pubmed_abstracts_val_loss,train_the_pile_pubmed_central*train_the_pile_uspto_backgrounds,-0.019853630545788238
base,metric/the_pile_pubmed_abstracts_val_loss,train_the_pile_wikipedia_en*train_the_pile_github,0.006811518710069442
base,metric/the_pile_pubmed_abstracts_val_loss,train_the_pile_wikipedia_en*train_the_pile_philpapers,-0.00697715454325236
base,metric/the_pile_pubmed_abstracts_val_loss,train_the_pile_wikipedia_en*train_the_pile_enron_emails,0.006198756411337034
base,metric/the_pile_pubmed_abstracts_val_loss,train_the_pile_wikipedia_en*train_the_pile_hackernews,-0.0016224800765902991
base,metric/the_pile_pubmed_abstracts_val_loss,train_the_pile_wikipedia_en*train_the_pile_pubmed_abstracts,-0.08518526203664757
base,metric/the_pile_pubmed_abstracts_val_loss,train_the_pile_dm_mathematics*train_the_pile_github,0.01998805295554956
base,metric/the_pile_pubmed_abstracts_val_loss,train_the_pile_dm_mathematics*train_the_pile_enron_emails,-0.0030954266883314314
base,metric/the_pile_pubmed_abstracts_val_loss,train_the_pile_dm_mathematics*train_the_pile_gutenberg_pg_19,-0.01281845903616765
base,metric/the_pile_pubmed_abstracts_val_loss,train_the_pile_dm_mathematics*train_the_pile_pubmed_abstracts,-0.031320181279483064
base,metric/the_pile_pubmed_abstracts_val_loss,train_the_pile_dm_mathematics*train_the_pile_uspto_backgrounds,-0.009460558299358084
base,metric/the_pile_pubmed_abstracts_val_loss,train_the_pile_github*train_the_pile_github,0.09445802629756468
base,metric/the_pile_pubmed_abstracts_val_loss,train_the_pile_github*train_the_pile_philpapers,-0.003917889305094154
base,metric/the_pile_pubmed_abstracts_val_loss,train_the_pile_github*train_the_pile_gutenberg_pg_19,0.013047374041015173
base,metric/the_pile_pubmed_abstracts_val_loss,train_the_pile_github*train_the_pile_hackernews,0.03740057674097489
base,metric/the_pile_pubmed_abstracts_val_loss,train_the_pile_github*train_the_pile_pubmed_abstracts,-0.12353740914988415
base,metric/the_pile_pubmed_abstracts_val_loss,train_the_pile_github*train_the_pile_uspto_backgrounds,-0.025856632957464907
base,metric/the_pile_pubmed_abstracts_val_loss,train_the_pile_philpapers*train_the_pile_gutenberg_pg_19,0.007100210097758456
base,metric/the_pile_pubmed_abstracts_val_loss,train_the_pile_philpapers*train_the_pile_hackernews,-0.0029569820201875096
base,metric/the_pile_pubmed_abstracts_val_loss,train_the_pile_philpapers*train_the_pile_uspto_backgrounds,-0.006727974062725146
base,metric/the_pile_pubmed_abstracts_val_loss,train_the_pile_stackexchange*train_the_pile_stackexchange,0.11173253977235216
base,metric/the_pile_pubmed_abstracts_val_loss,train_the_pile_stackexchange*train_the_pile_enron_emails,-0.022053486503406584
base,metric/the_pile_pubmed_abstracts_val_loss,train_the_pile_stackexchange*train_the_pile_gutenberg_pg_19,-0.004772255767281717
base,metric/the_pile_pubmed_abstracts_val_loss,train_the_pile_stackexchange*train_the_pile_ubuntu_irc,-0.0016539652394078808
base,metric/the_pile_pubmed_abstracts_val_loss,train_the_pile_stackexchange*train_the_pile_hackernews,-0.0031365238007196334
base,metric/the_pile_pubmed_abstracts_val_loss,train_the_pile_stackexchange*train_the_pile_pubmed_abstracts,-0.1359465447294814
base,metric/the_pile_pubmed_abstracts_val_loss,train_the_pile_stackexchange*train_the_pile_uspto_backgrounds,-0.012928783003057708
base,metric/the_pile_pubmed_abstracts_val_loss,train_the_pile_enron_emails*train_the_pile_gutenberg_pg_19,0.004826779718358408
base,metric/the_pile_pubmed_abstracts_val_loss,train_the_pile_enron_emails*train_the_pile_uspto_backgrounds,0.002108205455413958
base,metric/the_pile_pubmed_abstracts_val_loss,train_the_pile_gutenberg_pg_19*train_the_pile_gutenberg_pg_19,0.008052596514996596
base,metric/the_pile_pubmed_abstracts_val_loss,train_the_pile_gutenberg_pg_19*train_the_pile_pubmed_abstracts,-0.06391106530346338
base,metric/the_pile_pubmed_abstracts_val_loss,train_the_pile_pile_cc*train_the_pile_hackernews,-0.011639789669988772
base,metric/the_pile_pubmed_abstracts_val_loss,train_the_pile_pile_cc*train_the_pile_pubmed_abstracts,-0.10866976412134985
base,metric/the_pile_pubmed_abstracts_val_loss,train_the_pile_pile_cc*train_the_pile_uspto_backgrounds,-0.011829091770608046
base,metric/the_pile_pubmed_abstracts_val_loss,train_the_pile_ubuntu_irc*train_the_pile_pubmed_abstracts,-0.04344072354660754
base,metric/the_pile_pubmed_abstracts_val_loss,train_the_pile_europarl*train_the_pile_hackernews,-0.01284257353434278
base,metric/the_pile_pubmed_abstracts_val_loss,train_the_pile_europarl*train_the_pile_pubmed_abstracts,-0.021687983130347616
base,metric/the_pile_pubmed_abstracts_val_loss,train_the_pile_europarl*train_the_pile_uspto_backgrounds,-0.006306955770152571
base,metric/the_pile_pubmed_abstracts_val_loss,train_the_pile_hackernews*train_the_pile_pubmed_abstracts,-0.008198549585860443
base,metric/the_pile_pubmed_abstracts_val_loss,train_the_pile_hackernews*train_the_pile_uspto_backgrounds,-0.010213794652647898
base,metric/the_pile_pubmed_abstracts_val_loss,train_the_pile_pubmed_abstracts*train_the_pile_pubmed_abstracts,0.02926057408931012
base,metric/the_pile_pubmed_abstracts_val_loss,train_the_pile_pubmed_abstracts*train_the_pile_uspto_backgrounds,-0.06916975146326133
base,metric/the_pile_uspto_backgrounds_val_loss,train_the_pile_pile_cc,-0.02304519492197765
base,metric/the_pile_uspto_backgrounds_val_loss,train_the_pile_pubmed_abstracts,-0.05965859496212423
base,metric/the_pile_uspto_backgrounds_val_loss,train_the_pile_arxiv*train_the_pile_arxiv,0.03015635188806782
base,metric/the_pile_uspto_backgrounds_val_loss,train_the_pile_arxiv*train_the_pile_freelaw,0.003926470144541826
base,metric/the_pile_uspto_backgrounds_val_loss,train_the_pile_arxiv*train_the_pile_philpapers,0.0029500607680693503
base,metric/the_pile_uspto_backgrounds_val_loss,train_the_pile_arxiv*train_the_pile_stackexchange,0.010278368743375203
base,metric/the_pile_uspto_backgrounds_val_loss,train_the_pile_arxiv*train_the_pile_enron_emails,0.002207403718920258
base,metric/the_pile_uspto_backgrounds_val_loss,train_the_pile_arxiv*train_the_pile_pile_cc,-0.008484166155442723
base,metric/the_pile_uspto_backgrounds_val_loss,train_the_pile_arxiv*train_the_pile_europarl,-0.0014245829777033117
base,metric/the_pile_uspto_backgrounds_val_loss,train_the_pile_arxiv*train_the_pile_hackernews,-0.004572413742909748
base,metric/the_pile_uspto_backgrounds_val_loss,train_the_pile_arxiv*train_the_pile_uspto_backgrounds,-0.10468216600101429
base,metric/the_pile_uspto_backgrounds_val_loss,train_the_pile_freelaw*train_the_pile_freelaw,0.02876158883067358
base,metric/the_pile_uspto_backgrounds_val_loss,train_the_pile_freelaw*train_the_pile_pubmed_central,-0.00770428416571036
base,metric/the_pile_uspto_backgrounds_val_loss,train_the_pile_freelaw*train_the_pile_dm_mathematics,0.009813453595065627
base,metric/the_pile_uspto_backgrounds_val_loss,train_the_pile_freelaw*train_the_pile_philpapers,0.003562212440888282
base,metric/the_pile_uspto_backgrounds_val_loss,train_the_pile_freelaw*train_the_pile_gutenberg_pg_19,0.011412772981398306
base,metric/the_pile_uspto_backgrounds_val_loss,train_the_pile_freelaw*train_the_pile_pile_cc,-0.005017479515448047
base,metric/the_pile_uspto_backgrounds_val_loss,train_the_pile_freelaw*train_the_pile_europarl,0.007350990011884001
base,metric/the_pile_uspto_backgrounds_val_loss,train_the_pile_freelaw*train_the_pile_uspto_backgrounds,-0.11974335576358774
base,metric/the_pile_uspto_backgrounds_val_loss,train_the_pile_nih_exporter*train_the_pile_pubmed_central,-0.0017712872840749943
base,metric/the_pile_uspto_backgrounds_val_loss,train_the_pile_nih_exporter*train_the_pile_stackexchange,-0.009496001212739866
base,metric/the_pile_uspto_backgrounds_val_loss,train_the_pile_nih_exporter*train_the_pile_europarl,-0.0025364293274610476
base,metric/the_pile_uspto_backgrounds_val_loss,train_the_pile_nih_exporter*train_the_pile_uspto_backgrounds,-0.00911495376773096
base,metric/the_pile_uspto_backgrounds_val_loss,train_the_pile_pubmed_central*train_the_pile_github,-0.006275443153465887
base,metric/the_pile_uspto_backgrounds_val_loss,train_the_pile_pubmed_central*train_the_pile_gutenberg_pg_19,-0.0011981633808853418
base,metric/the_pile_uspto_backgrounds_val_loss,train_the_pile_pubmed_central*train_the_pile_pile_cc,-0.008253026274146438
base,metric/the_pile_uspto_backgrounds_val_loss,train_the_pile_pubmed_central*train_the_pile_europarl,-0.0003664037194350912
base,metric/the_pile_uspto_backgrounds_val_loss,train_the_pile_pubmed_central*train_the_pile_uspto_backgrounds,-0.10710893156752457
base,metric/the_pile_uspto_backgrounds_val_loss,train_the_pile_wikipedia_en*train_the_pile_github,0.0036289774557323007
base,metric/the_pile_uspto_backgrounds_val_loss,train_the_pile_wikipedia_en*train_the_pile_stackexchange,-0.0005438740058530233
base,metric/the_pile_uspto_backgrounds_val_loss,train_the_pile_wikipedia_en*train_the_pile_europarl,-0.007684065206927909
base,metric/the_pile_uspto_backgrounds_val_loss,train_the_pile_wikipedia_en*train_the_pile_hackernews,-0.027762551473245745
base,metric/the_pile_uspto_backgrounds_val_loss,train_the_pile_wikipedia_en*train_the_pile_uspto_backgrounds,-0.1006752227863531
base,metric/the_pile_uspto_backgrounds_val_loss,train_the_pile_dm_mathematics*train_the_pile_philpapers,-0.006471366236908613
base,metric/the_pile_uspto_backgrounds_val_loss,train_the_pile_dm_mathematics*train_the_pile_uspto_backgrounds,-0.044103224760774516
base,metric/the_pile_uspto_backgrounds_val_loss,train_the_pile_github*train_the_pile_github,0.11650339883315906
base,metric/the_pile_uspto_backgrounds_val_loss,train_the_pile_github*train_the_pile_philpapers,-0.0002355776604323532
base,metric/the_pile_uspto_backgrounds_val_loss,train_the_pile_github*train_the_pile_stackexchange,0.02424870395179133
base,metric/the_pile_uspto_backgrounds_val_loss,train_the_pile_github*train_the_pile_ubuntu_irc,0.0006601596894224064
base,metric/the_pile_uspto_backgrounds_val_loss,train_the_pile_github*train_the_pile_hackernews,0.013745479586712898
base,metric/the_pile_uspto_backgrounds_val_loss,train_the_pile_github*train_the_pile_uspto_backgrounds,-0.12088001273190846
base,metric/the_pile_uspto_backgrounds_val_loss,train_the_pile_philpapers*train_the_pile_stackexchange,-0.011387793872091495
base,metric/the_pile_uspto_backgrounds_val_loss,train_the_pile_philpapers*train_the_pile_europarl,-0.0008838206710355472
base,metric/the_pile_uspto_backgrounds_val_loss,train_the_pile_philpapers*train_the_pile_pubmed_abstracts,-0.0021163785732383686
base,metric/the_pile_uspto_backgrounds_val_loss,train_the_pile_philpapers*train_the_pile_uspto_backgrounds,-0.007657749756570978
base,metric/the_pile_uspto_backgrounds_val_loss,train_the_pile_stackexchange*train_the_pile_stackexchange,0.051439835760456736
base,metric/the_pile_uspto_backgrounds_val_loss,train_the_pile_stackexchange*train_the_pile_gutenberg_pg_19,-0.004806737992162981
base,metric/the_pile_uspto_backgrounds_val_loss,train_the_pile_stackexchange*train_the_pile_europarl,-0.0069917235859961215
base,metric/the_pile_uspto_backgrounds_val_loss,train_the_pile_stackexchange*train_the_pile_hackernews,0.002601793317387947
base,metric/the_pile_uspto_backgrounds_val_loss,train_the_pile_stackexchange*train_the_pile_pubmed_abstracts,-0.0003031783811506295
base,metric/the_pile_uspto_backgrounds_val_loss,train_the_pile_stackexchange*train_the_pile_uspto_backgrounds,-0.10051273885976918
base,metric/the_pile_uspto_backgrounds_val_loss,train_the_pile_gutenberg_pg_19*train_the_pile_hackernews,0.0024403285880454386
base,metric/the_pile_uspto_backgrounds_val_loss,train_the_pile_gutenberg_pg_19*train_the_pile_uspto_backgrounds,-0.08255191726343289
base,metric/the_pile_uspto_backgrounds_val_loss,train_the_pile_pile_cc*train_the_pile_pubmed_abstracts,-0.005204495852686946
base,metric/the_pile_uspto_backgrounds_val_loss,train_the_pile_pile_cc*train_the_pile_uspto_backgrounds,-0.12884629777425013
base,metric/the_pile_uspto_backgrounds_val_loss,train_the_pile_ubuntu_irc*train_the_pile_hackernews,0.007854764909235487
base,metric/the_pile_uspto_backgrounds_val_loss,train_the_pile_ubuntu_irc*train_the_pile_uspto_backgrounds,-0.02780683795106344
base,metric/the_pile_uspto_backgrounds_val_loss,train_the_pile_europarl*train_the_pile_uspto_backgrounds,-0.025136580622149927
base,metric/the_pile_uspto_backgrounds_val_loss,train_the_pile_hackernews*train_the_pile_uspto_backgrounds,-0.008667661745168271
base,metric/the_pile_uspto_backgrounds_val_loss,train_the_pile_pubmed_abstracts*train_the_pile_uspto_backgrounds,-0.06994885801463596
base,metric/the_pile_uspto_backgrounds_val_loss,train_the_pile_uspto_backgrounds*train_the_pile_uspto_backgrounds,0.014743965808247985
base,mean_loss,train_the_pile_dm_mathematics,-0.06413258417908105
base,mean_loss,train_the_pile_enron_emails,-0.010645537313949398
base,mean_loss,train_the_pile_ubuntu_irc,-0.1259246735450182
base,mean_loss,train_the_pile_arxiv*train_the_pile_arxiv,0.13142394489146264
base,mean_loss,train_the_pile_arxiv*train_the_pile_github,-0.023566572786263413
base,mean_loss,train_the_pile_arxiv*train_the_pile_stackexchange,-0.010095325683277062
base,mean_loss,train_the_pile_arxiv*train_the_pile_gutenberg_pg_19,-0.0002400473874062995
base,mean_loss,train_the_pile_arxiv*train_the_pile_pile_cc,-0.020858953445428183
base,mean_loss,train_the_pile_arxiv*train_the_pile_ubuntu_irc,-0.0021983987745840183
base,mean_loss,train_the_pile_arxiv*train_the_pile_europarl,-0.002933431136217852
base,mean_loss,train_the_pile_arxiv*train_the_pile_hackernews,-0.0021368167533384196
base,mean_loss,train_the_pile_arxiv*train_the_pile_uspto_backgrounds,-0.0006080592484132969
base,mean_loss,train_the_pile_freelaw*train_the_pile_freelaw,0.14525496822185505
base,mean_loss,train_the_pile_freelaw*train_the_pile_pubmed_central,-0.010143639518266101
base,mean_loss,train_the_pile_freelaw*train_the_pile_dm_mathematics,-0.016253593133086268
base,mean_loss,train_the_pile_freelaw*train_the_pile_stackexchange,-0.027848052987459956
base,mean_loss,train_the_pile_freelaw*train_the_pile_gutenberg_pg_19,-0.0012596389245153247
base,mean_loss,train_the_pile_freelaw*train_the_pile_pile_cc,-0.004123254932778434
base,mean_loss,train_the_pile_freelaw*train_the_pile_hackernews,-3.4510199744901026e-05
base,mean_loss,train_the_pile_freelaw*train_the_pile_pubmed_abstracts,-0.0014989821089794726
base,mean_loss,train_the_pile_freelaw*train_the_pile_uspto_backgrounds,-0.012452032830569629
base,mean_loss,train_the_pile_nih_exporter*train_the_pile_pubmed_central,-0.00898628717335345
base,mean_loss,train_the_pile_nih_exporter*train_the_pile_wikipedia_en,0.003902289342332268
base,mean_loss,train_the_pile_nih_exporter*train_the_pile_stackexchange,-0.01094658861222107
base,mean_loss,train_the_pile_nih_exporter*train_the_pile_ubuntu_irc,-0.003598720076921321
base,mean_loss,train_the_pile_nih_exporter*train_the_pile_uspto_backgrounds,-0.004358682460009332
base,mean_loss,train_the_pile_pubmed_central*train_the_pile_pubmed_central,0.134944580371158
base,mean_loss,train_the_pile_pubmed_central*train_the_pile_wikipedia_en,-0.018686308214470048
base,mean_loss,train_the_pile_pubmed_central*train_the_pile_github,-0.02393125583923423
base,mean_loss,train_the_pile_pubmed_central*train_the_pile_philpapers,0.002650003578215735
base,mean_loss,train_the_pile_pubmed_central*train_the_pile_stackexchange,-0.02561380424820501
base,mean_loss,train_the_pile_pubmed_central*train_the_pile_enron_emails,-0.002933821493672
base,mean_loss,train_the_pile_pubmed_central*train_the_pile_gutenberg_pg_19,-0.024676375759904084
base,mean_loss,train_the_pile_pubmed_central*train_the_pile_pile_cc,-0.01073462304786745
base,mean_loss,train_the_pile_pubmed_central*train_the_pile_ubuntu_irc,-0.01430284405817615
base,mean_loss,train_the_pile_pubmed_central*train_the_pile_europarl,-0.003528646484722848
base,mean_loss,train_the_pile_pubmed_central*train_the_pile_hackernews,-0.0183315900586644
base,mean_loss,train_the_pile_pubmed_central*train_the_pile_pubmed_abstracts,0.030194307452131572
base,mean_loss,train_the_pile_pubmed_central*train_the_pile_uspto_backgrounds,0.003826426845307651
base,mean_loss,train_the_pile_wikipedia_en*train_the_pile_wikipedia_en,0.07633927184911768
base,mean_loss,train_the_pile_wikipedia_en*train_the_pile_dm_mathematics,-0.01605232781017438
base,mean_loss,train_the_pile_wikipedia_en*train_the_pile_github,-0.0026178629567566634
base,mean_loss,train_the_pile_wikipedia_en*train_the_pile_stackexchange,-0.018541134463503226
base,mean_loss,train_the_pile_wikipedia_en*train_the_pile_gutenberg_pg_19,-0.013935151079547441
base,mean_loss,train_the_pile_wikipedia_en*train_the_pile_hackernews,-0.006272870384662582
base,mean_loss,train_the_pile_wikipedia_en*train_the_pile_pubmed_abstracts,-0.0011995899702155499
base,mean_loss,train_the_pile_dm_mathematics*train_the_pile_dm_mathematics,0.05956426176017721
base,mean_loss,train_the_pile_dm_mathematics*train_the_pile_github,-0.0060345436672462095
base,mean_loss,train_the_pile_dm_mathematics*train_the_pile_gutenberg_pg_19,-0.002418699327277878
base,mean_loss,train_the_pile_dm_mathematics*train_the_pile_europarl,0.0017605137960974712
base,mean_loss,train_the_pile_dm_mathematics*train_the_pile_hackernews,-0.0005543897255101165
base,mean_loss,train_the_pile_dm_mathematics*train_the_pile_uspto_backgrounds,-0.005143838463466485
base,mean_loss,train_the_pile_github*train_the_pile_github,0.13039262489060155
base,mean_loss,train_the_pile_github*train_the_pile_philpapers,-0.0002000113447933549
base,mean_loss,train_the_pile_github*train_the_pile_stackexchange,0.006994056285739501
base,mean_loss,train_the_pile_github*train_the_pile_ubuntu_irc,-0.0020946639466749638
base,mean_loss,train_the_pile_github*train_the_pile_uspto_backgrounds,-0.005606909522206312
base,mean_loss,train_the_pile_philpapers*train_the_pile_stackexchange,5.1472643581928606e-05
base,mean_loss,train_the_pile_philpapers*train_the_pile_hackernews,-0.010918636830322086
base,mean_loss,train_the_pile_philpapers*train_the_pile_pubmed_abstracts,-0.012696232044271335
base,mean_loss,train_the_pile_philpapers*train_the_pile_uspto_backgrounds,-0.011515517795193638
base,mean_loss,train_the_pile_stackexchange*train_the_pile_stackexchange,0.08232854685045343
base,mean_loss,train_the_pile_stackexchange*train_the_pile_enron_emails,-0.011893535371385594
base,mean_loss,train_the_pile_stackexchange*train_the_pile_gutenberg_pg_19,-0.005997215519466412
base,mean_loss,train_the_pile_stackexchange*train_the_pile_pile_cc,-0.01688575395802459
base,mean_loss,train_the_pile_stackexchange*train_the_pile_uspto_backgrounds,-0.008604635840381505
base,mean_loss,train_the_pile_enron_emails*train_the_pile_gutenberg_pg_19,0.003753369542874261
base,mean_loss,train_the_pile_enron_emails*train_the_pile_europarl,-0.0024731594083115464
base,mean_loss,train_the_pile_gutenberg_pg_19*train_the_pile_gutenberg_pg_19,0.02378547135078239
base,mean_loss,train_the_pile_gutenberg_pg_19*train_the_pile_pile_cc,0.01038287614167441
base,mean_loss,train_the_pile_gutenberg_pg_19*train_the_pile_ubuntu_irc,-0.0014700674376854838
base,mean_loss,train_the_pile_gutenberg_pg_19*train_the_pile_hackernews,-0.0014870953168451694
base,mean_loss,train_the_pile_gutenberg_pg_19*train_the_pile_pubmed_abstracts,-0.0009867137635425412
base,mean_loss,train_the_pile_gutenberg_pg_19*train_the_pile_uspto_backgrounds,0.008771355283302593
base,mean_loss,train_the_pile_pile_cc*train_the_pile_pile_cc,0.08044853622740897
base,mean_loss,train_the_pile_pile_cc*train_the_pile_pubmed_abstracts,0.005739550113649072
base,mean_loss,train_the_pile_pile_cc*train_the_pile_uspto_backgrounds,-0.0008365088374708663
base,mean_loss,train_the_pile_ubuntu_irc*train_the_pile_ubuntu_irc,0.08876377660384674
base,mean_loss,train_the_pile_ubuntu_irc*train_the_pile_europarl,0.0006519858864954005
base,mean_loss,train_the_pile_ubuntu_irc*train_the_pile_uspto_backgrounds,-0.011353146722936074
base,mean_loss,train_the_pile_europarl*train_the_pile_hackernews,-0.0028759135159247134
base,mean_loss,train_the_pile_europarl*train_the_pile_pubmed_abstracts,0.0025350849484758234
base,mean_loss,train_the_pile_pubmed_abstracts*train_the_pile_pubmed_abstracts,0.014589355221969478
base,mean_loss,train_the_pile_pubmed_abstracts*train_the_pile_uspto_backgrounds,0.003630680775037875
base,mean_loss,train_the_pile_uspto_backgrounds*train_the_pile_uspto_backgrounds,0.06698912035855646
with_Qp,metric/the_pile_arxiv_val_loss,train_the_pile_arxiv,-0.14031748300062682
with_Qp,metric/the_pile_arxiv_val_loss,train_the_pile_arxiv*train_the_pile_freelaw,-0.15281212785827347
with_Qp,metric/the_pile_arxiv_val_loss,train_the_pile_arxiv*train_the_pile_pubmed_central,-0.1079977457543137
with_Qp,metric/the_pile_arxiv_val_loss,train_the_pile_arxiv*train_the_pile_wikipedia_en,-0.12830168325760252
with_Qp,metric/the_pile_arxiv_val_loss,train_the_pile_arxiv*train_the_pile_dm_mathematics,-0.04646072873703665
with_Qp,metric/the_pile_arxiv_val_loss,train_the_pile_arxiv*train_the_pile_github,-0.11204417974758943
with_Qp,metric/the_pile_arxiv_val_loss,train_the_pile_arxiv*train_the_pile_stackexchange,-0.055579755275534846
with_Qp,metric/the_pile_arxiv_val_loss,train_the_pile_arxiv*train_the_pile_gutenberg_pg_19,-0.0882256583989762
with_Qp,metric/the_pile_arxiv_val_loss,train_the_pile_arxiv*train_the_pile_pile_cc,-0.17762624079603598
with_Qp,metric/the_pile_arxiv_val_loss,train_the_pile_arxiv*train_the_pile_ubuntu_irc,-0.0308514878439765
with_Qp,metric/the_pile_arxiv_val_loss,train_the_pile_arxiv*train_the_pile_europarl,-0.004885775389268745
with_Qp,metric/the_pile_arxiv_val_loss,train_the_pile_arxiv*train_the_pile_hackernews,-0.0033539824432540005
with_Qp,metric/the_pile_arxiv_val_loss,train_the_pile_arxiv*train_the_pile_pubmed_abstracts,-0.09515190583574355
with_Qp,metric/the_pile_arxiv_val_loss,train_the_pile_arxiv*train_the_pile_uspto_backgrounds,-0.09189777866397704
with_Qp,metric/the_pile_arxiv_val_loss,train_the_pile_freelaw*train_the_pile_freelaw,0.22807798381075944
with_Qp,metric/the_pile_arxiv_val_loss,train_the_pile_freelaw*train_the_pile_pubmed_central,-0.015433642014622424
with_Qp,metric/the_pile_arxiv_val_loss,train_the_pile_freelaw*train_the_pile_wikipedia_en,0.005544520862667411
with_Qp,metric/the_pile_arxiv_val_loss,train_the_pile_freelaw*train_the_pile_dm_mathematics,-0.012179510030433669
with_Qp,metric/the_pile_arxiv_val_loss,train_the_pile_freelaw*train_the_pile_stackexchange,-0.036151852460308845
with_Qp,metric/the_pile_arxiv_val_loss,train_the_pile_freelaw*train_the_pile_pile_cc,-0.02400329326033189
with_Qp,metric/the_pile_arxiv_val_loss,train_the_pile_freelaw*train_the_pile_uspto_backgrounds,0.02663142450014307
with_Qp,metric/the_pile_arxiv_val_loss,train_the_pile_nih_exporter*train_the_pile_wikipedia_en,0.02843355300144251
with_Qp,metric/the_pile_arxiv_val_loss,train_the_pile_nih_exporter*train_the_pile_stackexchange,-0.00869996838391785
with_Qp,metric/the_pile_arxiv_val_loss,train_the_pile_nih_exporter*train_the_pile_europarl,-0.033043944902039574
with_Qp,metric/the_pile_arxiv_val_loss,train_the_pile_nih_exporter*train_the_pile_hackernews,-0.0030870765561031156
with_Qp,metric/the_pile_arxiv_val_loss,train_the_pile_nih_exporter*train_the_pile_pubmed_abstracts,0.03639430781757457
with_Qp,metric/the_pile_arxiv_val_loss,train_the_pile_nih_exporter*train_the_pile_uspto_backgrounds,0.03259842968233675
with_Qp,metric/the_pile_arxiv_val_loss,train_the_pile_pubmed_central*train_the_pile_wikipedia_en,-0.04465945500560355
with_Qp,metric/the_pile_arxiv_val_loss,train_the_pile_pubmed_central*train_the_pile_github,-0.03361155764347166
with_Qp,metric/the_pile_arxiv_val_loss,train_the_pile_pubmed_central*train_the_pile_enron_emails,-0.0032528584271162213
with_Qp,metric/the_pile_arxiv_val_loss,train_the_pile_pubmed_central*train_the_pile_gutenberg_pg_19,-0.013553464975819033
with_Qp,metric/the_pile_arxiv_val_loss,train_the_pile_pubmed_central*train_the_pile_pile_cc,-0.06514602598636991
with_Qp,metric/the_pile_arxiv_val_loss,train_the_pile_pubmed_central*train_the_pile_europarl,-0.013666022115058992
with_Qp,metric/the_pile_arxiv_val_loss,train_the_pile_wikipedia_en*train_the_pile_wikipedia_en,0.09624343626361889
with_Qp,metric/the_pile_arxiv_val_loss,train_the_pile_wikipedia_en*train_the_pile_stackexchange,-0.03378199796219445
with_Qp,metric/the_pile_arxiv_val_loss,train_the_pile_wikipedia_en*train_the_pile_gutenberg_pg_19,-0.0061192274728605455
with_Qp,metric/the_pile_arxiv_val_loss,train_the_pile_wikipedia_en*train_the_pile_pile_cc,0.00245997244162753
with_Qp,metric/the_pile_arxiv_val_loss,train_the_pile_wikipedia_en*train_the_pile_ubuntu_irc,0.0004238608508504313
with_Qp,metric/the_pile_arxiv_val_loss,train_the_pile_wikipedia_en*train_the_pile_europarl,-0.0016247242102197538
with_Qp,metric/the_pile_arxiv_val_loss,train_the_pile_wikipedia_en*train_the_pile_uspto_backgrounds,0.06763871776793189
with_Qp,metric/the_pile_arxiv_val_loss,train_the_pile_dm_mathematics*train_the_pile_pile_cc,0.019545109514718616
with_Qp,metric/the_pile_arxiv_val_loss,train_the_pile_github*train_the_pile_github,0.0938255259626536
with_Qp,metric/the_pile_arxiv_val_loss,train_the_pile_github*train_the_pile_stackexchange,-0.0067018471703583285
with_Qp,metric/the_pile_arxiv_val_loss,train_the_pile_github*train_the_pile_enron_emails,-0.0042864785327230495
with_Qp,metric/the_pile_arxiv_val_loss,train_the_pile_github*train_the_pile_hackernews,0.019816691980571077
with_Qp,metric/the_pile_arxiv_val_loss,train_the_pile_github*train_the_pile_pubmed_abstracts,-0.0015182022005139847
with_Qp,metric/the_pile_arxiv_val_loss,train_the_pile_philpapers*train_the_pile_uspto_backgrounds,-0.011510356822439444
with_Qp,metric/the_pile_arxiv_val_loss,train_the_pile_stackexchange*train_the_pile_stackexchange,0.01727767982702021
with_Qp,metric/the_pile_arxiv_val_loss,train_the_pile_stackexchange*train_the_pile_enron_emails,-0.018999112310190126
with_Qp,metric/the_pile_arxiv_val_loss,train_the_pile_stackexchange*train_the_pile_gutenberg_pg_19,-0.006283708975901219
with_Qp,metric/the_pile_arxiv_val_loss,train_the_pile_stackexchange*train_the_pile_pile_cc,-0.028701097144887867
with_Qp,metric/the_pile_arxiv_val_loss,train_the_pile_stackexchange*train_the_pile_uspto_backgrounds,-0.024023593808585292
with_Qp,metric/the_pile_arxiv_val_loss,train_the_pile_enron_emails*train_the_pile_pile_cc,0.017215151118786114
with_Qp,metric/the_pile_arxiv_val_loss,train_the_pile_enron_emails*train_the_pile_uspto_backgrounds,0.046853935100689505
with_Qp,metric/the_pile_arxiv_val_loss,train_the_pile_gutenberg_pg_19*train_the_pile_gutenberg_pg_19,0.011004898309380864
with_Qp,metric/the_pile_arxiv_val_loss,train_the_pile_gutenberg_pg_19*train_the_pile_pile_cc,0.0025718060455320927
with_Qp,metric/the_pile_arxiv_val_loss,train_the_pile_gutenberg_pg_19*train_the_pile_hackernews,-0.017021340182558617
with_Qp,metric/the_pile_arxiv_val_loss,train_the_pile_gutenberg_pg_19*train_the_pile_pubmed_abstracts,-0.021851706985092777
with_Qp,metric/the_pile_arxiv_val_loss,train_the_pile_gutenberg_pg_19*train_the_pile_uspto_backgrounds,0.025458209662051163
with_Qp,metric/the_pile_arxiv_val_loss,train_the_pile_pile_cc*train_the_pile_pile_cc,0.013973556595721182
with_Qp,metric/the_pile_arxiv_val_loss,train_the_pile_pile_cc*train_the_pile_pubmed_abstracts,0.03336190957742762
with_Qp,metric/the_pile_arxiv_val_loss,train_the_pile_pile_cc*train_the_pile_uspto_backgrounds,-0.0403756767374483
with_Qp,metric/the_pile_arxiv_val_loss,train_the_pile_ubuntu_irc*train_the_pile_uspto_backgrounds,-0.018783212948565192
with_Qp,metric/the_pile_arxiv_val_loss,train_the_pile_europarl*train_the_pile_uspto_backgrounds,-0.00700123834129599
with_Qp,metric/the_pile_arxiv_val_loss,train_the_pile_hackernews*train_the_pile_uspto_backgrounds,0.011318473487898125
with_Qp,metric/the_pile_arxiv_val_loss,Qp,0.27727855158264825
with_Qp,metric/the_pile_freelaw_val_loss,train_the_pile_arxiv,0.006580525169475016
with_Qp,metric/the_pile_freelaw_val_loss,train_the_pile_freelaw,-0.19823438983645392
with_Qp,metric/the_pile_freelaw_val_loss,train_the_pile_stackexchange,0.01802043440283919
with_Qp,metric/the_pile_freelaw_val_loss,train_the_pile_enron_emails,-0.0013688885846209259
with_Qp,metric/the_pile_freelaw_val_loss,train_the_pile_pile_cc,-0.04439978260401579
with_Qp,metric/the_pile_freelaw_val_loss,train_the_pile_arxiv*train_the_pile_arxiv,0.08280149497609642
with_Qp,metric/the_pile_freelaw_val_loss,train_the_pile_arxiv*train_the_pile_freelaw,-0.1576517745458011
with_Qp,metric/the_pile_freelaw_val_loss,train_the_pile_arxiv*train_the_pile_nih_exporter,-0.0064573989324687095
with_Qp,metric/the_pile_freelaw_val_loss,train_the_pile_arxiv*train_the_pile_pubmed_central,0.002637791929390927
with_Qp,metric/the_pile_freelaw_val_loss,train_the_pile_arxiv*train_the_pile_dm_mathematics,0.02130061241442144
with_Qp,metric/the_pile_freelaw_val_loss,train_the_pile_arxiv*train_the_pile_github,-0.02271933349522218
with_Qp,metric/the_pile_freelaw_val_loss,train_the_pile_arxiv*train_the_pile_stackexchange,0.0035600548927098596
with_Qp,metric/the_pile_freelaw_val_loss,train_the_pile_arxiv*train_the_pile_enron_emails,-0.016449232161762382
with_Qp,metric/the_pile_freelaw_val_loss,train_the_pile_arxiv*train_the_pile_gutenberg_pg_19,0.0008971085002396482
with_Qp,metric/the_pile_freelaw_val_loss,train_the_pile_arxiv*train_the_pile_pile_cc,-0.023590716543756475
with_Qp,metric/the_pile_freelaw_val_loss,train_the_pile_arxiv*train_the_pile_ubuntu_irc,0.009904521387059873
with_Qp,metric/the_pile_freelaw_val_loss,train_the_pile_arxiv*train_the_pile_pubmed_abstracts,0.014742915866891566
with_Qp,metric/the_pile_freelaw_val_loss,train_the_pile_arxiv*train_the_pile_uspto_backgrounds,0.0005764077453445652
with_Qp,metric/the_pile_freelaw_val_loss,train_the_pile_freelaw*train_the_pile_pubmed_central,-0.1352910578975678
with_Qp,metric/the_pile_freelaw_val_loss,train_the_pile_freelaw*train_the_pile_wikipedia_en,-0.0932480352416995
with_Qp,metric/the_pile_freelaw_val_loss,train_the_pile_freelaw*train_the_pile_dm_mathematics,-0.027556219245951866
with_Qp,metric/the_pile_freelaw_val_loss,train_the_pile_freelaw*train_the_pile_github,-0.10524349827442697
with_Qp,metric/the_pile_freelaw_val_loss,train_the_pile_freelaw*train_the_pile_philpapers,-0.010162983755787865
with_Qp,metric/the_pile_freelaw_val_loss,train_the_pile_freelaw*train_the_pile_stackexchange,-0.12026752841478745
with_Qp,metric/the_pile_freelaw_val_loss,train_the_pile_freelaw*train_the_pile_enron_emails,-0.024213319844725446
with_Qp,metric/the_pile_freelaw_val_loss,train_the_pile_freelaw*train_the_pile_gutenberg_pg_19,-0.043702110700061116
with_Qp,metric/the_pile_freelaw_val_loss,train_the_pile_freelaw*train_the_pile_pile_cc,-0.06497527473107509
with_Qp,metric/the_pile_freelaw_val_loss,train_the_pile_freelaw*train_the_pile_ubuntu_irc,-0.025896926358055388
with_Qp,metric/the_pile_freelaw_val_loss,train_the_pile_freelaw*train_the_pile_europarl,-0.015915933498939574
with_Qp,metric/the_pile_freelaw_val_loss,train_the_pile_freelaw*train_the_pile_pubmed_abstracts,-0.09593432750601065
with_Qp,metric/the_pile_freelaw_val_loss,train_the_pile_freelaw*train_the_pile_uspto_backgrounds,-0.08611307362876361
with_Qp,metric/the_pile_freelaw_val_loss,train_the_pile_nih_exporter*train_the_pile_nih_exporter,-0.015637386377231895
with_Qp,metric/the_pile_freelaw_val_loss,train_the_pile_nih_exporter*train_the_pile_github,0.005214762933101439
with_Qp,metric/the_pile_freelaw_val_loss,train_the_pile_nih_exporter*train_the_pile_stackexchange,-0.009523533897316302
with_Qp,metric/the_pile_freelaw_val_loss,train_the_pile_nih_exporter*train_the_pile_enron_emails,-0.010090247808553911
with_Qp,metric/the_pile_freelaw_val_loss,train_the_pile_nih_exporter*train_the_pile_pile_cc,-0.001023898230706326
with_Qp,metric/the_pile_freelaw_val_loss,train_the_pile_nih_exporter*train_the_pile_pubmed_abstracts,-0.0021793517488778555
with_Qp,metric/the_pile_freelaw_val_loss,train_the_pile_pubmed_central*train_the_pile_pubmed_central,0.10145498445483786
with_Qp,metric/the_pile_freelaw_val_loss,train_the_pile_pubmed_central*train_the_pile_enron_emails,-0.006337562909811284
with_Qp,metric/the_pile_freelaw_val_loss,train_the_pile_pubmed_central*train_the_pile_gutenberg_pg_19,-0.043749438866379074
with_Qp,metric/the_pile_freelaw_val_loss,train_the_pile_pubmed_central*train_the_pile_pile_cc,-0.0005257392312613739
with_Qp,metric/the_pile_freelaw_val_loss,train_the_pile_pubmed_central*train_the_pile_ubuntu_irc,-0.04558883045434017
with_Qp,metric/the_pile_freelaw_val_loss,train_the_pile_pubmed_central*train_the_pile_hackernews,-0.029328792457638964
with_Qp,metric/the_pile_freelaw_val_loss,train_the_pile_pubmed_central*train_the_pile_pubmed_abstracts,0.04203502431021987
with_Qp,metric/the_pile_freelaw_val_loss,train_the_pile_pubmed_central*train_the_pile_uspto_backgrounds,0.014152902740618428
with_Qp,metric/the_pile_freelaw_val_loss,train_the_pile_wikipedia_en*train_the_pile_dm_mathematics,-0.021609496353945743
with_Qp,metric/the_pile_freelaw_val_loss,train_the_pile_wikipedia_en*train_the_pile_philpapers,-0.005485756619699474
with_Qp,metric/the_pile_freelaw_val_loss,train_the_pile_wikipedia_en*train_the_pile_gutenberg_pg_19,-0.006275021664313269
with_Qp,metric/the_pile_freelaw_val_loss,train_the_pile_wikipedia_en*train_the_pile_hackernews,-0.0036454610996533273
with_Qp,metric/the_pile_freelaw_val_loss,train_the_pile_wikipedia_en*train_the_pile_pubmed_abstracts,-0.025809988394021863
with_Qp,metric/the_pile_freelaw_val_loss,train_the_pile_dm_mathematics*train_the_pile_stackexchange,0.00039895389502547427
with_Qp,metric/the_pile_freelaw_val_loss,train_the_pile_dm_mathematics*train_the_pile_gutenberg_pg_19,-0.01019165429881926
with_Qp,metric/the_pile_freelaw_val_loss,train_the_pile_dm_mathematics*train_the_pile_europarl,0.017528809085566276
with_Qp,metric/the_pile_freelaw_val_loss,train_the_pile_dm_mathematics*train_the_pile_uspto_backgrounds,0.007175836867624451
with_Qp,metric/the_pile_freelaw_val_loss,train_the_pile_github*train_the_pile_github,0.13907767276450034
with_Qp,metric/the_pile_freelaw_val_loss,train_the_pile_github*train_the_pile_gutenberg_pg_19,0.01475218746657938
with_Qp,metric/the_pile_freelaw_val_loss,train_the_pile_github*train_the_pile_europarl,-0.022981440713519395
with_Qp,metric/the_pile_freelaw_val_loss,train_the_pile_github*train_the_pile_pubmed_abstracts,0.03555011349180933
with_Qp,metric/the_pile_freelaw_val_loss,train_the_pile_github*train_the_pile_uspto_backgrounds,-0.0004994738868169632
with_Qp,metric/the_pile_freelaw_val_loss,train_the_pile_philpapers*train_the_pile_pubmed_abstracts,-0.017790937633887446
with_Qp,metric/the_pile_freelaw_val_loss,train_the_pile_stackexchange*train_the_pile_stackexchange,0.06777308924706027
with_Qp,metric/the_pile_freelaw_val_loss,train_the_pile_stackexchange*train_the_pile_enron_emails,-0.001234460457357843
with_Qp,metric/the_pile_freelaw_val_loss,train_the_pile_gutenberg_pg_19*train_the_pile_pile_cc,-0.002482209021391193
with_Qp,metric/the_pile_freelaw_val_loss,train_the_pile_gutenberg_pg_19*train_the_pile_europarl,-0.002272093756100088
with_Qp,metric/the_pile_freelaw_val_loss,train_the_pile_pile_cc*train_the_pile_hackernews,-0.010322818956595996
with_Qp,metric/the_pile_freelaw_val_loss,train_the_pile_pile_cc*train_the_pile_pubmed_abstracts,-8.956329596890087e-05
with_Qp,metric/the_pile_freelaw_val_loss,train_the_pile_pile_cc*train_the_pile_uspto_backgrounds,-0.016402445179658907
with_Qp,metric/the_pile_freelaw_val_loss,train_the_pile_ubuntu_irc*train_the_pile_hackernews,-0.023546081040477774
with_Qp,metric/the_pile_freelaw_val_loss,train_the_pile_ubuntu_irc*train_the_pile_pubmed_abstracts,0.026815299902957574
with_Qp,metric/the_pile_freelaw_val_loss,train_the_pile_europarl*train_the_pile_hackernews,0.0001298231306800431
with_Qp,metric/the_pile_freelaw_val_loss,train_the_pile_hackernews*train_the_pile_pubmed_abstracts,0.00023562345279985186
with_Qp,metric/the_pile_freelaw_val_loss,train_the_pile_hackernews*train_the_pile_uspto_backgrounds,-0.013717074663357693
with_Qp,metric/the_pile_freelaw_val_loss,train_the_pile_pubmed_abstracts*train_the_pile_uspto_backgrounds,0.021118934730848447
with_Qp,metric/the_pile_freelaw_val_loss,train_the_pile_uspto_backgrounds*train_the_pile_uspto_backgrounds,0.01796290578095323
with_Qp,metric/the_pile_freelaw_val_loss,Qp,-0.06332164511888787
with_Qp,metric/the_pile_pubmed_central_val_loss,train_the_pile_nih_exporter,-0.006009540229242267
with_Qp,metric/the_pile_pubmed_central_val_loss,train_the_pile_pubmed_central,-0.2237809972682841
with_Qp,metric/the_pile_pubmed_central_val_loss,train_the_pile_europarl,-0.012866418760265369
with_Qp,metric/the_pile_pubmed_central_val_loss,train_the_pile_pubmed_abstracts,-0.07830618448283116
with_Qp,metric/the_pile_pubmed_central_val_loss,train_the_pile_arxiv*train_the_pile_pubmed_central,-0.10576582896409016
with_Qp,metric/the_pile_pubmed_central_val_loss,train_the_pile_arxiv*train_the_pile_github,-0.027026652109874
with_Qp,metric/the_pile_pubmed_central_val_loss,train_the_pile_arxiv*train_the_pile_hackernews,-0.012909522723043803
with_Qp,metric/the_pile_pubmed_central_val_loss,train_the_pile_arxiv*train_the_pile_pubmed_abstracts,-0.007237281346620988
with_Qp,metric/the_pile_pubmed_central_val_loss,train_the_pile_freelaw*train_the_pile_freelaw,0.1144422995246233
with_Qp,metric/the_pile_pubmed_central_val_loss,train_the_pile_freelaw*train_the_pile_pubmed_central,-0.10828421684658508
with_Qp,metric/the_pile_pubmed_central_val_loss,train_the_pile_freelaw*train_the_pile_enron_emails,0.01092651367499935
with_Qp,metric/the_pile_pubmed_central_val_loss,train_the_pile_freelaw*train_the_pile_pubmed_abstracts,-0.010027434803595577
with_Qp,metric/the_pile_pubmed_central_val_loss,train_the_pile_nih_exporter*train_the_pile_ubuntu_irc,-0.0008671224974861348
with_Qp,metric/the_pile_pubmed_central_val_loss,train_the_pile_pubmed_central*train_the_pile_wikipedia_en,-0.09505773443662255
with_Qp,metric/the_pile_pubmed_central_val_loss,train_the_pile_pubmed_central*train_the_pile_dm_mathematics,-0.018919632177298817
with_Qp,metric/the_pile_pubmed_central_val_loss,train_the_pile_pubmed_central*train_the_pile_github,-0.09923070469129294
with_Qp,metric/the_pile_pubmed_central_val_loss,train_the_pile_pubmed_central*train_the_pile_stackexchange,-0.1200588409380348
with_Qp,metric/the_pile_pubmed_central_val_loss,train_the_pile_pubmed_central*train_the_pile_gutenberg_pg_19,-0.07469107082197973
with_Qp,metric/the_pile_pubmed_central_val_loss,train_the_pile_pubmed_central*train_the_pile_pile_cc,-0.09169894125476599
with_Qp,metric/the_pile_pubmed_central_val_loss,train_the_pile_pubmed_central*train_the_pile_ubuntu_irc,-0.012083672806712117
with_Qp,metric/the_pile_pubmed_central_val_loss,train_the_pile_pubmed_central*train_the_pile_hackernews,-0.016268396285196843
with_Qp,metric/the_pile_pubmed_central_val_loss,train_the_pile_pubmed_central*train_the_pile_pubmed_abstracts,-0.07098947339780846
with_Qp,metric/the_pile_pubmed_central_val_loss,train_the_pile_pubmed_central*train_the_pile_uspto_backgrounds,-0.09752251115029553
with_Qp,metric/the_pile_pubmed_central_val_loss,train_the_pile_dm_mathematics*train_the_pile_pile_cc,0.005224165586240938
with_Qp,metric/the_pile_pubmed_central_val_loss,train_the_pile_dm_mathematics*train_the_pile_ubuntu_irc,-0.006490649245731475
with_Qp,metric/the_pile_pubmed_central_val_loss,train_the_pile_dm_mathematics*train_the_pile_uspto_backgrounds,-0.019526216907773813
with_Qp,metric/the_pile_pubmed_central_val_loss,train_the_pile_github*train_the_pile_github,0.10777355168400875
with_Qp,metric/the_pile_pubmed_central_val_loss,train_the_pile_github*train_the_pile_gutenberg_pg_19,0.012464038420153036
with_Qp,metric/the_pile_pubmed_central_val_loss,train_the_pile_github*train_the_pile_pile_cc,0.009513841677536609
with_Qp,metric/the_pile_pubmed_central_val_loss,train_the_pile_github*train_the_pile_hackernews,0.01885660169651943
with_Qp,metric/the_pile_pubmed_central_val_loss,train_the_pile_philpapers*train_the_pile_hackernews,-0.00920955302702881
with_Qp,metric/the_pile_pubmed_central_val_loss,train_the_pile_philpapers*train_the_pile_pubmed_abstracts,-0.021157394783965566
with_Qp,metric/the_pile_pubmed_central_val_loss,train_the_pile_stackexchange*train_the_pile_stackexchange,0.06291980742410012
with_Qp,metric/the_pile_pubmed_central_val_loss,train_the_pile_stackexchange*train_the_pile_hackernews,-0.009243025193848464
with_Qp,metric/the_pile_pubmed_central_val_loss,train_the_pile_enron_emails*train_the_pile_gutenberg_pg_19,0.017917036604859327
with_Qp,metric/the_pile_pubmed_central_val_loss,train_the_pile_gutenberg_pg_19*train_the_pile_pile_cc,0.01827801738363743
with_Qp,metric/the_pile_pubmed_central_val_loss,train_the_pile_gutenberg_pg_19*train_the_pile_pubmed_abstracts,-0.021300190654024817
with_Qp,metric/the_pile_pubmed_central_val_loss,train_the_pile_gutenberg_pg_19*train_the_pile_uspto_backgrounds,0.00045404649574172994
with_Qp,metric/the_pile_pubmed_central_val_loss,train_the_pile_pile_cc*train_the_pile_pile_cc,0.09810881157753532
with_Qp,metric/the_pile_pubmed_central_val_loss,train_the_pile_ubuntu_irc*train_the_pile_hackernews,-0.003122810474834372
with_Qp,metric/the_pile_pubmed_central_val_loss,train_the_pile_ubuntu_irc*train_the_pile_uspto_backgrounds,-0.02113834447874391
with_Qp,metric/the_pile_pubmed_central_val_loss,train_the_pile_europarl*train_the_pile_europarl,-0.01812657579878645
with_Qp,metric/the_pile_pubmed_central_val_loss,train_the_pile_europarl*train_the_pile_hackernews,-0.005788339157200441
with_Qp,metric/the_pile_wikipedia_en_val_loss,train_the_pile_wikipedia_en,-0.005309100228132819
with_Qp,metric/the_pile_wikipedia_en_val_loss,train_the_pile_philpapers,-0.006402865225419521
with_Qp,metric/the_pile_wikipedia_en_val_loss,train_the_pile_gutenberg_pg_19,-0.0005467671877994132
with_Qp,metric/the_pile_wikipedia_en_val_loss,train_the_pile_pile_cc,-0.10995677017286624
with_Qp,metric/the_pile_wikipedia_en_val_loss,train_the_pile_arxiv*train_the_pile_arxiv,0.031646001197211955
with_Qp,metric/the_pile_wikipedia_en_val_loss,train_the_pile_arxiv*train_the_pile_nih_exporter,0.0016594587531284042
with_Qp,metric/the_pile_wikipedia_en_val_loss,train_the_pile_arxiv*train_the_pile_wikipedia_en,-0.11898619483695569
with_Qp,metric/the_pile_wikipedia_en_val_loss,train_the_pile_arxiv*train_the_pile_dm_mathematics,0.006365773284391721
with_Qp,metric/the_pile_wikipedia_en_val_loss,train_the_pile_arxiv*train_the_pile_enron_emails,-0.0038355267364653277
with_Qp,metric/the_pile_wikipedia_en_val_loss,train_the_pile_arxiv*train_the_pile_gutenberg_pg_19,-0.005470563181430842
with_Qp,metric/the_pile_wikipedia_en_val_loss,train_the_pile_arxiv*train_the_pile_pile_cc,-0.02449339169885717
with_Qp,metric/the_pile_wikipedia_en_val_loss,train_the_pile_arxiv*train_the_pile_ubuntu_irc,0.006630682757975068
with_Qp,metric/the_pile_wikipedia_en_val_loss,train_the_pile_arxiv*train_the_pile_hackernews,-0.01480955075948046
with_Qp,metric/the_pile_wikipedia_en_val_loss,train_the_pile_arxiv*train_the_pile_pubmed_abstracts,0.008363985710363375
with_Qp,metric/the_pile_wikipedia_en_val_loss,train_the_pile_arxiv*train_the_pile_uspto_backgrounds,0.006234796327110348
with_Qp,metric/the_pile_wikipedia_en_val_loss,train_the_pile_freelaw*train_the_pile_freelaw,0.016727543606689776
with_Qp,metric/the_pile_wikipedia_en_val_loss,train_the_pile_freelaw*train_the_pile_nih_exporter,-0.0021804169209271172
with_Qp,metric/the_pile_wikipedia_en_val_loss,train_the_pile_freelaw*train_the_pile_wikipedia_en,-0.10456582647765628
with_Qp,metric/the_pile_wikipedia_en_val_loss,train_the_pile_freelaw*train_the_pile_philpapers,-0.0024728352292745274
with_Qp,metric/the_pile_wikipedia_en_val_loss,train_the_pile_freelaw*train_the_pile_stackexchange,-0.009751663642752704
with_Qp,metric/the_pile_wikipedia_en_val_loss,train_the_pile_freelaw*train_the_pile_pile_cc,-0.02247786016630368
with_Qp,metric/the_pile_wikipedia_en_val_loss,train_the_pile_freelaw*train_the_pile_ubuntu_irc,0.002892319567018883
with_Qp,metric/the_pile_wikipedia_en_val_loss,train_the_pile_freelaw*train_the_pile_europarl,0.002318583961134078
with_Qp,metric/the_pile_wikipedia_en_val_loss,train_the_pile_nih_exporter*train_the_pile_github,0.002863937389003465
with_Qp,metric/the_pile_wikipedia_en_val_loss,train_the_pile_nih_exporter*train_the_pile_gutenberg_pg_19,-0.017698249753333135
with_Qp,metric/the_pile_wikipedia_en_val_loss,train_the_pile_nih_exporter*train_the_pile_pile_cc,-0.0005409464624358696
with_Qp,metric/the_pile_wikipedia_en_val_loss,train_the_pile_nih_exporter*train_the_pile_europarl,-0.0006660998556692855
with_Qp,metric/the_pile_wikipedia_en_val_loss,train_the_pile_nih_exporter*train_the_pile_pubmed_abstracts,-0.0024293753714618345
with_Qp,metric/the_pile_wikipedia_en_val_loss,train_the_pile_pubmed_central*train_the_pile_pubmed_central,0.027691052405883033
with_Qp,metric/the_pile_wikipedia_en_val_loss,train_the_pile_pubmed_central*train_the_pile_wikipedia_en,-0.13199664771262223
with_Qp,metric/the_pile_wikipedia_en_val_loss,train_the_pile_pubmed_central*train_the_pile_github,-0.01730591891874745
with_Qp,metric/the_pile_wikipedia_en_val_loss,train_the_pile_pubmed_central*train_the_pile_enron_emails,-0.0017707590826639519
with_Qp,metric/the_pile_wikipedia_en_val_loss,train_the_pile_pubmed_central*train_the_pile_gutenberg_pg_19,-0.023151582091719143
with_Qp,metric/the_pile_wikipedia_en_val_loss,train_the_pile_pubmed_central*train_the_pile_pile_cc,-0.02137331514467897
with_Qp,metric/the_pile_wikipedia_en_val_loss,train_the_pile_pubmed_central*train_the_pile_ubuntu_irc,-0.004678306330142812
with_Qp,metric/the_pile_wikipedia_en_val_loss,train_the_pile_wikipedia_en*train_the_pile_dm_mathematics,-0.03316593815448544
with_Qp,metric/the_pile_wikipedia_en_val_loss,train_the_pile_wikipedia_en*train_the_pile_github,-0.11479673948598726
with_Qp,metric/the_pile_wikipedia_en_val_loss,train_the_pile_wikipedia_en*train_the_pile_stackexchange,-0.09438228597103626
with_Qp,metric/the_pile_wikipedia_en_val_loss,train_the_pile_wikipedia_en*train_the_pile_gutenberg_pg_19,-0.05874812343611103
with_Qp,metric/the_pile_wikipedia_en_val_loss,train_the_pile_wikipedia_en*train_the_pile_pile_cc,-0.08972473804690295
with_Qp,metric/the_pile_wikipedia_en_val_loss,train_the_pile_wikipedia_en*train_the_pile_ubuntu_irc,-0.035018610914739845
with_Qp,metric/the_pile_wikipedia_en_val_loss,train_the_pile_wikipedia_en*train_the_pile_europarl,-0.016583086925289994
with_Qp,metric/the_pile_wikipedia_en_val_loss,train_the_pile_wikipedia_en*train_the_pile_hackernews,-0.013323223958189452
with_Qp,metric/the_pile_wikipedia_en_val_loss,train_the_pile_wikipedia_en*train_the_pile_pubmed_abstracts,-0.08185206948205666
with_Qp,metric/the_pile_wikipedia_en_val_loss,train_the_pile_wikipedia_en*train_the_pile_uspto_backgrounds,-0.11236947528608085
with_Qp,metric/the_pile_wikipedia_en_val_loss,train_the_pile_dm_mathematics*train_the_pile_dm_mathematics,0.011653358604604595
with_Qp,metric/the_pile_wikipedia_en_val_loss,train_the_pile_dm_mathematics*train_the_pile_github,0.004507718635629861
with_Qp,metric/the_pile_wikipedia_en_val_loss,train_the_pile_dm_mathematics*train_the_pile_gutenberg_pg_19,-0.02095055485219995
with_Qp,metric/the_pile_wikipedia_en_val_loss,train_the_pile_dm_mathematics*train_the_pile_pile_cc,-0.0036085773139615486
with_Qp,metric/the_pile_wikipedia_en_val_loss,train_the_pile_dm_mathematics*train_the_pile_pubmed_abstracts,0.011124484321763562
with_Qp,metric/the_pile_wikipedia_en_val_loss,train_the_pile_dm_mathematics*train_the_pile_uspto_backgrounds,0.004014336871302297
with_Qp,metric/the_pile_wikipedia_en_val_loss,train_the_pile_github*train_the_pile_github,0.08443551455793419
with_Qp,metric/the_pile_wikipedia_en_val_loss,train_the_pile_github*train_the_pile_philpapers,-0.011435782920210781
with_Qp,metric/the_pile_wikipedia_en_val_loss,train_the_pile_github*train_the_pile_enron_emails,0.008472727568237642
with_Qp,metric/the_pile_wikipedia_en_val_loss,train_the_pile_github*train_the_pile_gutenberg_pg_19,0.009071728584490334
with_Qp,metric/the_pile_wikipedia_en_val_loss,train_the_pile_github*train_the_pile_pile_cc,-0.023947765472104067
with_Qp,metric/the_pile_wikipedia_en_val_loss,train_the_pile_github*train_the_pile_hackernews,0.013508784567337243
with_Qp,metric/the_pile_wikipedia_en_val_loss,train_the_pile_github*train_the_pile_pubmed_abstracts,0.003192731270151943
with_Qp,metric/the_pile_wikipedia_en_val_loss,train_the_pile_github*train_the_pile_uspto_backgrounds,0.0033851110924625932
with_Qp,metric/the_pile_wikipedia_en_val_loss,train_the_pile_philpapers*train_the_pile_enron_emails,-0.00014885911573422187
with_Qp,metric/the_pile_wikipedia_en_val_loss,train_the_pile_philpapers*train_the_pile_europarl,-0.005773779927091232
with_Qp,metric/the_pile_wikipedia_en_val_loss,train_the_pile_philpapers*train_the_pile_pubmed_abstracts,-0.014651312811726951
with_Qp,metric/the_pile_wikipedia_en_val_loss,train_the_pile_philpapers*train_the_pile_uspto_backgrounds,-0.0049230380097037355
with_Qp,metric/the_pile_wikipedia_en_val_loss,train_the_pile_stackexchange*train_the_pile_stackexchange,0.04411885183779906
with_Qp,metric/the_pile_wikipedia_en_val_loss,train_the_pile_stackexchange*train_the_pile_gutenberg_pg_19,-0.009748855057257968
with_Qp,metric/the_pile_wikipedia_en_val_loss,train_the_pile_stackexchange*train_the_pile_pile_cc,-0.026485327222322354
with_Qp,metric/the_pile_wikipedia_en_val_loss,train_the_pile_stackexchange*train_the_pile_hackernews,0.005125655022130438
with_Qp,metric/the_pile_wikipedia_en_val_loss,train_the_pile_stackexchange*train_the_pile_pubmed_abstracts,-0.004147940592574043
with_Qp,metric/the_pile_wikipedia_en_val_loss,train_the_pile_stackexchange*train_the_pile_uspto_backgrounds,-0.0009216621554795422
with_Qp,metric/the_pile_wikipedia_en_val_loss,train_the_pile_enron_emails*train_the_pile_enron_emails,-0.00214847555578682
with_Qp,metric/the_pile_wikipedia_en_val_loss,train_the_pile_enron_emails*train_the_pile_europarl,-0.017895376276805118
with_Qp,metric/the_pile_wikipedia_en_val_loss,train_the_pile_gutenberg_pg_19*train_the_pile_pile_cc,-0.01440799605061931
with_Qp,metric/the_pile_wikipedia_en_val_loss,train_the_pile_gutenberg_pg_19*train_the_pile_hackernews,-0.00010594129031614193
with_Qp,metric/the_pile_wikipedia_en_val_loss,train_the_pile_pile_cc*train_the_pile_ubuntu_irc,-0.008817191336992589
with_Qp,metric/the_pile_wikipedia_en_val_loss,train_the_pile_pile_cc*train_the_pile_europarl,-0.0006944402066776184
with_Qp,metric/the_pile_wikipedia_en_val_loss,train_the_pile_pile_cc*train_the_pile_hackernews,-0.001135489625026828
with_Qp,metric/the_pile_wikipedia_en_val_loss,train_the_pile_pile_cc*train_the_pile_pubmed_abstracts,-0.015522036081418554
with_Qp,metric/the_pile_wikipedia_en_val_loss,train_the_pile_pile_cc*train_the_pile_uspto_backgrounds,-0.025662125347808044
with_Qp,metric/the_pile_wikipedia_en_val_loss,train_the_pile_ubuntu_irc*train_the_pile_uspto_backgrounds,-0.0005420465735485987
with_Qp,metric/the_pile_wikipedia_en_val_loss,train_the_pile_europarl*train_the_pile_hackernews,-0.010132701688003435
with_Qp,metric/the_pile_wikipedia_en_val_loss,train_the_pile_hackernews*train_the_pile_uspto_backgrounds,-0.0007424821968337081
with_Qp,metric/the_pile_wikipedia_en_val_loss,train_the_pile_pubmed_abstracts*train_the_pile_uspto_backgrounds,0.005985590876479408
with_Qp,metric/the_pile_wikipedia_en_val_loss,train_the_pile_uspto_backgrounds*train_the_pile_uspto_backgrounds,0.0026717698689365747
with_Qp,metric/the_pile_dm_mathematics_val_loss,train_the_pile_dm_mathematics,-1.982398636388727
with_Qp,metric/the_pile_dm_mathematics_val_loss,train_the_pile_ubuntu_irc,-0.053648970789585415
with_Qp,metric/the_pile_dm_mathematics_val_loss,train_the_pile_arxiv*train_the_pile_arxiv,0.049514755649107636
with_Qp,metric/the_pile_dm_mathematics_val_loss,train_the_pile_arxiv*train_the_pile_freelaw,-0.028198384682539886
with_Qp,metric/the_pile_dm_mathematics_val_loss,train_the_pile_arxiv*train_the_pile_nih_exporter,0.024771552572410878
with_Qp,metric/the_pile_dm_mathematics_val_loss,train_the_pile_arxiv*train_the_pile_stackexchange,-0.1119670342776347
with_Qp,metric/the_pile_dm_mathematics_val_loss,train_the_pile_arxiv*train_the_pile_ubuntu_irc,-0.017182680729882983
with_Qp,metric/the_pile_dm_mathematics_val_loss,train_the_pile_freelaw*train_the_pile_freelaw,0.059882684255178766
with_Qp,metric/the_pile_dm_mathematics_val_loss,train_the_pile_freelaw*train_the_pile_pubmed_central,-0.029681862374753454
with_Qp,metric/the_pile_dm_mathematics_val_loss,train_the_pile_freelaw*train_the_pile_gutenberg_pg_19,-0.05901784057095158
with_Qp,metric/the_pile_dm_mathematics_val_loss,train_the_pile_freelaw*train_the_pile_ubuntu_irc,-0.019619868857196097
with_Qp,metric/the_pile_dm_mathematics_val_loss,train_the_pile_nih_exporter*train_the_pile_github,-0.000935628926386239
with_Qp,metric/the_pile_dm_mathematics_val_loss,train_the_pile_nih_exporter*train_the_pile_stackexchange,-0.08639637345091923
with_Qp,metric/the_pile_dm_mathematics_val_loss,train_the_pile_nih_exporter*train_the_pile_ubuntu_irc,-0.007922055957233684
with_Qp,metric/the_pile_dm_mathematics_val_loss,train_the_pile_nih_exporter*train_the_pile_uspto_backgrounds,-0.007196398546281685
with_Qp,metric/the_pile_dm_mathematics_val_loss,train_the_pile_pubmed_central*train_the_pile_stackexchange,-0.06138980994568054
with_Qp,metric/the_pile_dm_mathematics_val_loss,train_the_pile_pubmed_central*train_the_pile_enron_emails,0.006177751242909138
with_Qp,metric/the_pile_dm_mathematics_val_loss,train_the_pile_pubmed_central*train_the_pile_pubmed_abstracts,0.04210994136788766
with_Qp,metric/the_pile_dm_mathematics_val_loss,train_the_pile_pubmed_central*train_the_pile_uspto_backgrounds,-0.003535713367637328
with_Qp,metric/the_pile_dm_mathematics_val_loss,train_the_pile_wikipedia_en*train_the_pile_dm_mathematics,-0.012345729215398676
with_Qp,metric/the_pile_dm_mathematics_val_loss,train_the_pile_wikipedia_en*train_the_pile_stackexchange,-0.011179696961956495
with_Qp,metric/the_pile_dm_mathematics_val_loss,train_the_pile_wikipedia_en*train_the_pile_gutenberg_pg_19,-0.010157430250670244
with_Qp,metric/the_pile_dm_mathematics_val_loss,train_the_pile_wikipedia_en*train_the_pile_hackernews,-0.0764651895099142
with_Qp,metric/the_pile_dm_mathematics_val_loss,train_the_pile_wikipedia_en*train_the_pile_pubmed_abstracts,-0.007044533364608863
with_Qp,metric/the_pile_dm_mathematics_val_loss,train_the_pile_dm_mathematics*train_the_pile_dm_mathematics,1.1486399135288188
with_Qp,metric/the_pile_dm_mathematics_val_loss,train_the_pile_github*train_the_pile_gutenberg_pg_19,-0.053311614988437575
with_Qp,metric/the_pile_dm_mathematics_val_loss,train_the_pile_github*train_the_pile_pile_cc,0.013213829222824493
with_Qp,metric/the_pile_dm_mathematics_val_loss,train_the_pile_github*train_the_pile_hackernews,-0.03852836087135195
with_Qp,metric/the_pile_dm_mathematics_val_loss,train_the_pile_github*train_the_pile_pubmed_abstracts,-0.04855426852439463
with_Qp,metric/the_pile_dm_mathematics_val_loss,train_the_pile_philpapers*train_the_pile_pile_cc,-0.009411310529776723
with_Qp,metric/the_pile_dm_mathematics_val_loss,train_the_pile_philpapers*train_the_pile_ubuntu_irc,-0.0082498755400115
with_Qp,metric/the_pile_dm_mathematics_val_loss,train_the_pile_philpapers*train_the_pile_pubmed_abstracts,-0.02101556866069698
with_Qp,metric/the_pile_dm_mathematics_val_loss,train_the_pile_philpapers*train_the_pile_uspto_backgrounds,-0.06346363890353625
with_Qp,metric/the_pile_dm_mathematics_val_loss,train_the_pile_stackexchange*train_the_pile_enron_emails,-0.02033949185851343
with_Qp,metric/the_pile_dm_mathematics_val_loss,train_the_pile_stackexchange*train_the_pile_pile_cc,-0.04066540526315755
with_Qp,metric/the_pile_dm_mathematics_val_loss,train_the_pile_enron_emails*train_the_pile_uspto_backgrounds,-0.02004443970688079
with_Qp,metric/the_pile_dm_mathematics_val_loss,train_the_pile_gutenberg_pg_19*train_the_pile_europarl,-0.04328439432140835
with_Qp,metric/the_pile_dm_mathematics_val_loss,train_the_pile_europarl*train_the_pile_hackernews,-0.0006529751571572001
with_Qp,metric/the_pile_github_val_loss,train_the_pile_github,-0.34447219038498805
with_Qp,metric/the_pile_github_val_loss,train_the_pile_stackexchange,-0.1261896119613897
with_Qp,metric/the_pile_github_val_loss,train_the_pile_ubuntu_irc,-0.02864995742696391
with_Qp,metric/the_pile_github_val_loss,train_the_pile_hackernews,-0.0064425836917713355
with_Qp,metric/the_pile_github_val_loss,train_the_pile_arxiv*train_the_pile_arxiv,0.136305219909186
with_Qp,metric/the_pile_github_val_loss,train_the_pile_arxiv*train_the_pile_freelaw,0.04175559708188824
with_Qp,metric/the_pile_github_val_loss,train_the_pile_arxiv*train_the_pile_wikipedia_en,0.006163212846768273
with_Qp,metric/the_pile_github_val_loss,train_the_pile_arxiv*train_the_pile_dm_mathematics,0.03791417772374211
with_Qp,metric/the_pile_github_val_loss,train_the_pile_arxiv*train_the_pile_github,-0.12341402380608937
with_Qp,metric/the_pile_github_val_loss,train_the_pile_arxiv*train_the_pile_stackexchange,-0.06245952336840355
with_Qp,metric/the_pile_github_val_loss,train_the_pile_arxiv*train_the_pile_uspto_backgrounds,-0.0012783732034418818
with_Qp,metric/the_pile_github_val_loss,train_the_pile_freelaw*train_the_pile_freelaw,0.15160894010404438
with_Qp,metric/the_pile_github_val_loss,train_the_pile_freelaw*train_the_pile_pubmed_central,0.01196030072933785
with_Qp,metric/the_pile_github_val_loss,train_the_pile_freelaw*train_the_pile_github,-0.10931073444163773
with_Qp,metric/the_pile_github_val_loss,train_the_pile_freelaw*train_the_pile_stackexchange,-0.07208447449768757
with_Qp,metric/the_pile_github_val_loss,train_the_pile_nih_exporter*train_the_pile_pubmed_central,-0.04640044087014593
with_Qp,metric/the_pile_github_val_loss,train_the_pile_nih_exporter*train_the_pile_github,-0.010536120462921203
with_Qp,metric/the_pile_github_val_loss,train_the_pile_nih_exporter*train_the_pile_stackexchange,-0.017361665528350854
with_Qp,metric/the_pile_github_val_loss,train_the_pile_pubmed_central*train_the_pile_pubmed_central,0.20410459671802827
with_Qp,metric/the_pile_github_val_loss,train_the_pile_pubmed_central*train_the_pile_github,-0.15220323235904387
with_Qp,metric/the_pile_github_val_loss,train_the_pile_pubmed_central*train_the_pile_stackexchange,-0.0392764676959791
with_Qp,metric/the_pile_github_val_loss,train_the_pile_pubmed_central*train_the_pile_enron_emails,-0.0038210533932417513
with_Qp,metric/the_pile_github_val_loss,train_the_pile_pubmed_central*train_the_pile_gutenberg_pg_19,-0.006133398521758197
with_Qp,metric/the_pile_github_val_loss,train_the_pile_pubmed_central*train_the_pile_pile_cc,-0.0012276532298224417
with_Qp,metric/the_pile_github_val_loss,train_the_pile_pubmed_central*train_the_pile_ubuntu_irc,-0.03706367415219925
with_Qp,metric/the_pile_github_val_loss,train_the_pile_pubmed_central*train_the_pile_pubmed_abstracts,0.04845947056872195
with_Qp,metric/the_pile_github_val_loss,train_the_pile_pubmed_central*train_the_pile_uspto_backgrounds,0.025013043528188443
with_Qp,metric/the_pile_github_val_loss,train_the_pile_wikipedia_en*train_the_pile_wikipedia_en,0.04790863663375237
with_Qp,metric/the_pile_github_val_loss,train_the_pile_wikipedia_en*train_the_pile_github,-0.07713569994199679
with_Qp,metric/the_pile_github_val_loss,train_the_pile_wikipedia_en*train_the_pile_stackexchange,-0.022003730363175336
with_Qp,metric/the_pile_github_val_loss,train_the_pile_dm_mathematics*train_the_pile_github,-0.021480965726077415
with_Qp,metric/the_pile_github_val_loss,train_the_pile_dm_mathematics*train_the_pile_stackexchange,-0.018452902853622163
with_Qp,metric/the_pile_github_val_loss,train_the_pile_dm_mathematics*train_the_pile_gutenberg_pg_19,0.0029097694314959683
with_Qp,metric/the_pile_github_val_loss,train_the_pile_dm_mathematics*train_the_pile_hackernews,-0.004498771453424062
with_Qp,metric/the_pile_github_val_loss,train_the_pile_dm_mathematics*train_the_pile_pubmed_abstracts,-0.011034772500208184
with_Qp,metric/the_pile_github_val_loss,train_the_pile_github*train_the_pile_stackexchange,-0.01887821018565354
with_Qp,metric/the_pile_github_val_loss,train_the_pile_github*train_the_pile_gutenberg_pg_19,-0.06547648845580542
with_Qp,metric/the_pile_github_val_loss,train_the_pile_github*train_the_pile_pile_cc,-0.14266589928320986
with_Qp,metric/the_pile_github_val_loss,train_the_pile_github*train_the_pile_ubuntu_irc,-0.020537467172721792
with_Qp,metric/the_pile_github_val_loss,train_the_pile_github*train_the_pile_pubmed_abstracts,-0.08118452435390822
with_Qp,metric/the_pile_github_val_loss,train_the_pile_github*train_the_pile_uspto_backgrounds,-0.0919199403664187
with_Qp,metric/the_pile_github_val_loss,train_the_pile_philpapers*train_the_pile_gutenberg_pg_19,-0.003942478039231202
with_Qp,metric/the_pile_github_val_loss,train_the_pile_philpapers*train_the_pile_ubuntu_irc,-0.004549141131019449
with_Qp,metric/the_pile_github_val_loss,train_the_pile_philpapers*train_the_pile_hackernews,-0.006513176849964274
with_Qp,metric/the_pile_github_val_loss,train_the_pile_philpapers*train_the_pile_uspto_backgrounds,-0.011717197917970141
with_Qp,metric/the_pile_github_val_loss,train_the_pile_stackexchange*train_the_pile_gutenberg_pg_19,-0.03585461039642245
with_Qp,metric/the_pile_github_val_loss,train_the_pile_stackexchange*train_the_pile_pile_cc,-0.049333500190785244
with_Qp,metric/the_pile_github_val_loss,train_the_pile_stackexchange*train_the_pile_pubmed_abstracts,-0.009260624181940309
with_Qp,metric/the_pile_github_val_loss,train_the_pile_stackexchange*train_the_pile_uspto_backgrounds,-0.03668898514310777
with_Qp,metric/the_pile_github_val_loss,train_the_pile_enron_emails*train_the_pile_pile_cc,-0.0004820625178260724
with_Qp,metric/the_pile_github_val_loss,train_the_pile_enron_emails*train_the_pile_ubuntu_irc,-0.01573732247432392
with_Qp,metric/the_pile_github_val_loss,train_the_pile_enron_emails*train_the_pile_europarl,-0.024796031312872602
with_Qp,metric/the_pile_github_val_loss,train_the_pile_gutenberg_pg_19*train_the_pile_pile_cc,0.004047045987984732
with_Qp,metric/the_pile_github_val_loss,train_the_pile_gutenberg_pg_19*train_the_pile_ubuntu_irc,-0.00689469447947709
with_Qp,metric/the_pile_github_val_loss,train_the_pile_gutenberg_pg_19*train_the_pile_uspto_backgrounds,0.040342164260439455
with_Qp,metric/the_pile_github_val_loss,train_the_pile_pile_cc*train_the_pile_pile_cc,0.013624352355937812
with_Qp,metric/the_pile_github_val_loss,train_the_pile_uspto_backgrounds*train_the_pile_uspto_backgrounds,0.04733067775922426
with_Qp,metric/the_pile_github_val_loss,Qp,0.10266377999112657
with_Qp,metric/the_pile_stackexchange_val_loss,train_the_pile_github,-0.11164125554253083
with_Qp,metric/the_pile_stackexchange_val_loss,train_the_pile_stackexchange,-0.18088329259798086
with_Qp,metric/the_pile_stackexchange_val_loss,train_the_pile_ubuntu_irc,-0.010147969882190484
with_Qp,metric/the_pile_stackexchange_val_loss,train_the_pile_arxiv*train_the_pile_arxiv,0.1294351691252858
with_Qp,metric/the_pile_stackexchange_val_loss,train_the_pile_arxiv*train_the_pile_freelaw,0.0544341183922292
with_Qp,metric/the_pile_stackexchange_val_loss,train_the_pile_arxiv*train_the_pile_pubmed_central,0.003806310952860602
with_Qp,metric/the_pile_stackexchange_val_loss,train_the_pile_arxiv*train_the_pile_wikipedia_en,0.0016319144956409878
with_Qp,metric/the_pile_stackexchange_val_loss,train_the_pile_arxiv*train_the_pile_dm_mathematics,0.024577706294372774
with_Qp,metric/the_pile_stackexchange_val_loss,train_the_pile_arxiv*train_the_pile_github,-0.04761737433741761
with_Qp,metric/the_pile_stackexchange_val_loss,train_the_pile_arxiv*train_the_pile_stackexchange,-0.10380114923901572
with_Qp,metric/the_pile_stackexchange_val_loss,train_the_pile_arxiv*train_the_pile_enron_emails,0.004971317544421018
with_Qp,metric/the_pile_stackexchange_val_loss,train_the_pile_arxiv*train_the_pile_pile_cc,-0.010322095799771442
with_Qp,metric/the_pile_stackexchange_val_loss,train_the_pile_arxiv*train_the_pile_ubuntu_irc,-0.013715094927594228
with_Qp,metric/the_pile_stackexchange_val_loss,train_the_pile_arxiv*train_the_pile_uspto_backgrounds,-0.0018011991094164374
with_Qp,metric/the_pile_stackexchange_val_loss,train_the_pile_freelaw*train_the_pile_freelaw,0.14544507484016284
with_Qp,metric/the_pile_stackexchange_val_loss,train_the_pile_freelaw*train_the_pile_pubmed_central,0.011317580511910898
with_Qp,metric/the_pile_stackexchange_val_loss,train_the_pile_freelaw*train_the_pile_dm_mathematics,-0.0011890257945357807
with_Qp,metric/the_pile_stackexchange_val_loss,train_the_pile_freelaw*train_the_pile_github,-0.03566081315621778
with_Qp,metric/the_pile_stackexchange_val_loss,train_the_pile_freelaw*train_the_pile_stackexchange,-0.11185390819091287
with_Qp,metric/the_pile_stackexchange_val_loss,train_the_pile_freelaw*train_the_pile_pile_cc,-0.002452763096116232
with_Qp,metric/the_pile_stackexchange_val_loss,train_the_pile_freelaw*train_the_pile_pubmed_abstracts,0.0075320444851278145
with_Qp,metric/the_pile_stackexchange_val_loss,train_the_pile_nih_exporter*train_the_pile_pubmed_central,-0.030110406401740508
with_Qp,metric/the_pile_stackexchange_val_loss,train_the_pile_nih_exporter*train_the_pile_wikipedia_en,0.004605617826811641
with_Qp,metric/the_pile_stackexchange_val_loss,train_the_pile_nih_exporter*train_the_pile_stackexchange,-0.010140096063785917
with_Qp,metric/the_pile_stackexchange_val_loss,train_the_pile_nih_exporter*train_the_pile_gutenberg_pg_19,0.007935986670332257
with_Qp,metric/the_pile_stackexchange_val_loss,train_the_pile_nih_exporter*train_the_pile_europarl,-0.00146790902945412
with_Qp,metric/the_pile_stackexchange_val_loss,train_the_pile_pubmed_central*train_the_pile_pubmed_central,0.1723002050948959
with_Qp,metric/the_pile_stackexchange_val_loss,train_the_pile_pubmed_central*train_the_pile_dm_mathematics,0.02384611818896879
with_Qp,metric/the_pile_stackexchange_val_loss,train_the_pile_pubmed_central*train_the_pile_github,-0.06704330044244233
with_Qp,metric/the_pile_stackexchange_val_loss,train_the_pile_pubmed_central*train_the_pile_stackexchange,-0.06545764299853275
with_Qp,metric/the_pile_stackexchange_val_loss,train_the_pile_pubmed_central*train_the_pile_enron_emails,-0.023456491228975553
with_Qp,metric/the_pile_stackexchange_val_loss,train_the_pile_pubmed_central*train_the_pile_pile_cc,-0.0429123464606956
with_Qp,metric/the_pile_stackexchange_val_loss,train_the_pile_pubmed_central*train_the_pile_ubuntu_irc,-0.02839871542731412
with_Qp,metric/the_pile_stackexchange_val_loss,train_the_pile_pubmed_central*train_the_pile_hackernews,-0.01657585315567611
with_Qp,metric/the_pile_stackexchange_val_loss,train_the_pile_pubmed_central*train_the_pile_pubmed_abstracts,0.026617071356139284
with_Qp,metric/the_pile_stackexchange_val_loss,train_the_pile_pubmed_central*train_the_pile_uspto_backgrounds,0.042077252120252574
with_Qp,metric/the_pile_stackexchange_val_loss,train_the_pile_wikipedia_en*train_the_pile_wikipedia_en,0.06285288522530115
with_Qp,metric/the_pile_stackexchange_val_loss,train_the_pile_wikipedia_en*train_the_pile_github,-0.023726672424069787
with_Qp,metric/the_pile_stackexchange_val_loss,train_the_pile_wikipedia_en*train_the_pile_philpapers,-0.005406567890390937
with_Qp,metric/the_pile_stackexchange_val_loss,train_the_pile_wikipedia_en*train_the_pile_stackexchange,-0.0648315603309001
with_Qp,metric/the_pile_stackexchange_val_loss,train_the_pile_wikipedia_en*train_the_pile_pubmed_abstracts,0.0033220843533227915
with_Qp,metric/the_pile_stackexchange_val_loss,train_the_pile_dm_mathematics*train_the_pile_github,-0.004660218369159286
with_Qp,metric/the_pile_stackexchange_val_loss,train_the_pile_dm_mathematics*train_the_pile_gutenberg_pg_19,0.001700883561402576
with_Qp,metric/the_pile_stackexchange_val_loss,train_the_pile_github*train_the_pile_stackexchange,-0.016860427252979492
with_Qp,metric/the_pile_stackexchange_val_loss,train_the_pile_github*train_the_pile_gutenberg_pg_19,-0.012294780388928988
with_Qp,metric/the_pile_stackexchange_val_loss,train_the_pile_github*train_the_pile_pile_cc,-0.0534586718312326
with_Qp,metric/the_pile_stackexchange_val_loss,train_the_pile_github*train_the_pile_ubuntu_irc,-0.006801570949721066
with_Qp,metric/the_pile_stackexchange_val_loss,train_the_pile_github*train_the_pile_pubmed_abstracts,-0.025854396934877635
with_Qp,metric/the_pile_stackexchange_val_loss,train_the_pile_github*train_the_pile_uspto_backgrounds,-0.026723142740280793
with_Qp,metric/the_pile_stackexchange_val_loss,train_the_pile_philpapers*train_the_pile_hackernews,-0.017544972173355124
with_Qp,metric/the_pile_stackexchange_val_loss,train_the_pile_philpapers*train_the_pile_uspto_backgrounds,-0.012563768861314453
with_Qp,metric/the_pile_stackexchange_val_loss,train_the_pile_stackexchange*train_the_pile_gutenberg_pg_19,-0.048792183571138834
with_Qp,metric/the_pile_stackexchange_val_loss,train_the_pile_stackexchange*train_the_pile_pile_cc,-0.08944535836908335
with_Qp,metric/the_pile_stackexchange_val_loss,train_the_pile_stackexchange*train_the_pile_pubmed_abstracts,-0.05233929420945013
with_Qp,metric/the_pile_stackexchange_val_loss,train_the_pile_stackexchange*train_the_pile_uspto_backgrounds,-0.057330718183270915
with_Qp,metric/the_pile_stackexchange_val_loss,train_the_pile_enron_emails*train_the_pile_pile_cc,-0.007318667269687559
with_Qp,metric/the_pile_stackexchange_val_loss,train_the_pile_enron_emails*train_the_pile_ubuntu_irc,-0.0026509944711953326
with_Qp,metric/the_pile_stackexchange_val_loss,train_the_pile_enron_emails*train_the_pile_europarl,-0.013457384905580053
with_Qp,metric/the_pile_stackexchange_val_loss,train_the_pile_enron_emails*train_the_pile_hackernews,0.01067685462776714
with_Qp,metric/the_pile_stackexchange_val_loss,train_the_pile_gutenberg_pg_19*train_the_pile_uspto_backgrounds,0.03513359674592238
with_Qp,metric/the_pile_stackexchange_val_loss,train_the_pile_pile_cc*train_the_pile_hackernews,-0.01651260135711054
with_Qp,metric/the_pile_stackexchange_val_loss,train_the_pile_pile_cc*train_the_pile_uspto_backgrounds,-0.005497482984122912
with_Qp,metric/the_pile_stackexchange_val_loss,train_the_pile_ubuntu_irc*train_the_pile_hackernews,-0.009273345016282237
with_Qp,metric/the_pile_stackexchange_val_loss,train_the_pile_europarl*train_the_pile_hackernews,-0.00046620676971755157
with_Qp,metric/the_pile_stackexchange_val_loss,train_the_pile_europarl*train_the_pile_pubmed_abstracts,0.025424548706946045
with_Qp,metric/the_pile_stackexchange_val_loss,train_the_pile_uspto_backgrounds*train_the_pile_uspto_backgrounds,0.032551430636346544
with_Qp,metric/the_pile_stackexchange_val_loss,Qp,0.14318675268958578
with_Qp,metric/the_pile_gutenberg_pg_19_val_loss,train_the_pile_dm_mathematics,0.003115909553590574
with_Qp,metric/the_pile_gutenberg_pg_19_val_loss,train_the_pile_gutenberg_pg_19,-0.3990305131953987
with_Qp,metric/the_pile_gutenberg_pg_19_val_loss,train_the_pile_pile_cc,-0.06971681711086929
with_Qp,metric/the_pile_gutenberg_pg_19_val_loss,train_the_pile_arxiv*train_the_pile_arxiv,0.05750368410453071
with_Qp,metric/the_pile_gutenberg_pg_19_val_loss,train_the_pile_arxiv*train_the_pile_freelaw,-0.021276143231472543
with_Qp,metric/the_pile_gutenberg_pg_19_val_loss,train_the_pile_arxiv*train_the_pile_nih_exporter,-0.009064354548721808
with_Qp,metric/the_pile_gutenberg_pg_19_val_loss,train_the_pile_arxiv*train_the_pile_pubmed_central,0.018279836761117482
with_Qp,metric/the_pile_gutenberg_pg_19_val_loss,train_the_pile_arxiv*train_the_pile_dm_mathematics,0.0008084620139772315
with_Qp,metric/the_pile_gutenberg_pg_19_val_loss,train_the_pile_arxiv*train_the_pile_philpapers,-0.012854315718028392
with_Qp,metric/the_pile_gutenberg_pg_19_val_loss,train_the_pile_arxiv*train_the_pile_stackexchange,0.0016338077288919283
with_Qp,metric/the_pile_gutenberg_pg_19_val_loss,train_the_pile_arxiv*train_the_pile_gutenberg_pg_19,-0.0462585481630714
with_Qp,metric/the_pile_gutenberg_pg_19_val_loss,train_the_pile_arxiv*train_the_pile_pile_cc,-0.0247073163761812
with_Qp,metric/the_pile_gutenberg_pg_19_val_loss,train_the_pile_arxiv*train_the_pile_ubuntu_irc,0.012686067101525552
with_Qp,metric/the_pile_gutenberg_pg_19_val_loss,train_the_pile_arxiv*train_the_pile_europarl,-0.0023904937428114513
with_Qp,metric/the_pile_gutenberg_pg_19_val_loss,train_the_pile_arxiv*train_the_pile_hackernews,-0.009249213476351345
with_Qp,metric/the_pile_gutenberg_pg_19_val_loss,train_the_pile_arxiv*train_the_pile_pubmed_abstracts,0.01802074712196623
with_Qp,metric/the_pile_gutenberg_pg_19_val_loss,train_the_pile_arxiv*train_the_pile_uspto_backgrounds,0.020201662868634642
with_Qp,metric/the_pile_gutenberg_pg_19_val_loss,train_the_pile_freelaw*train_the_pile_pubmed_central,-0.012135463796339452
with_Qp,metric/the_pile_gutenberg_pg_19_val_loss,train_the_pile_freelaw*train_the_pile_wikipedia_en,-0.022835684728462063
with_Qp,metric/the_pile_gutenberg_pg_19_val_loss,train_the_pile_freelaw*train_the_pile_github,-0.0005669935457343369
with_Qp,metric/the_pile_gutenberg_pg_19_val_loss,train_the_pile_freelaw*train_the_pile_philpapers,-0.004169661295643658
with_Qp,metric/the_pile_gutenberg_pg_19_val_loss,train_the_pile_freelaw*train_the_pile_stackexchange,-0.018663382088693923
with_Qp,metric/the_pile_gutenberg_pg_19_val_loss,train_the_pile_freelaw*train_the_pile_gutenberg_pg_19,-0.009639763116075823
with_Qp,metric/the_pile_gutenberg_pg_19_val_loss,train_the_pile_freelaw*train_the_pile_pile_cc,-0.010536104523878565
with_Qp,metric/the_pile_gutenberg_pg_19_val_loss,train_the_pile_freelaw*train_the_pile_pubmed_abstracts,-0.017041328345442915
with_Qp,metric/the_pile_gutenberg_pg_19_val_loss,train_the_pile_freelaw*train_the_pile_uspto_backgrounds,-0.018852824955296915
with_Qp,metric/the_pile_gutenberg_pg_19_val_loss,train_the_pile_nih_exporter*train_the_pile_dm_mathematics,-0.000602559704917931
with_Qp,metric/the_pile_gutenberg_pg_19_val_loss,train_the_pile_nih_exporter*train_the_pile_github,0.012397126283177533
with_Qp,metric/the_pile_gutenberg_pg_19_val_loss,train_the_pile_nih_exporter*train_the_pile_stackexchange,-0.0006221368840515978
with_Qp,metric/the_pile_gutenberg_pg_19_val_loss,train_the_pile_nih_exporter*train_the_pile_hackernews,-0.0021223724082574387
with_Qp,metric/the_pile_gutenberg_pg_19_val_loss,train_the_pile_pubmed_central*train_the_pile_pubmed_central,0.07990492455889711
with_Qp,metric/the_pile_gutenberg_pg_19_val_loss,train_the_pile_pubmed_central*train_the_pile_wikipedia_en,-0.01654190776587313
with_Qp,metric/the_pile_gutenberg_pg_19_val_loss,train_the_pile_pubmed_central*train_the_pile_dm_mathematics,0.0018718542249676316
with_Qp,metric/the_pile_gutenberg_pg_19_val_loss,train_the_pile_pubmed_central*train_the_pile_github,0.008830176287043958
with_Qp,metric/the_pile_gutenberg_pg_19_val_loss,train_the_pile_pubmed_central*train_the_pile_enron_emails,-0.013640347527067744
with_Qp,metric/the_pile_gutenberg_pg_19_val_loss,train_the_pile_pubmed_central*train_the_pile_gutenberg_pg_19,-0.03632782336183125
with_Qp,metric/the_pile_gutenberg_pg_19_val_loss,train_the_pile_pubmed_central*train_the_pile_pile_cc,-0.014064613606456838
with_Qp,metric/the_pile_gutenberg_pg_19_val_loss,train_the_pile_pubmed_central*train_the_pile_ubuntu_irc,-0.006778295267757669
with_Qp,metric/the_pile_gutenberg_pg_19_val_loss,train_the_pile_pubmed_central*train_the_pile_hackernews,-0.015444086687301625
with_Qp,metric/the_pile_gutenberg_pg_19_val_loss,train_the_pile_pubmed_central*train_the_pile_pubmed_abstracts,0.038343390690553855
with_Qp,metric/the_pile_gutenberg_pg_19_val_loss,train_the_pile_pubmed_central*train_the_pile_uspto_backgrounds,0.02875509550226688
with_Qp,metric/the_pile_gutenberg_pg_19_val_loss,train_the_pile_wikipedia_en*train_the_pile_philpapers,0.001053631780387449
with_Qp,metric/the_pile_gutenberg_pg_19_val_loss,train_the_pile_wikipedia_en*train_the_pile_gutenberg_pg_19,-0.01755465815971066
with_Qp,metric/the_pile_gutenberg_pg_19_val_loss,train_the_pile_wikipedia_en*train_the_pile_pile_cc,-0.018745533072738383
with_Qp,metric/the_pile_gutenberg_pg_19_val_loss,train_the_pile_wikipedia_en*train_the_pile_ubuntu_irc,-0.002677244357065653
with_Qp,metric/the_pile_gutenberg_pg_19_val_loss,train_the_pile_wikipedia_en*train_the_pile_europarl,0.007069477823839832
with_Qp,metric/the_pile_gutenberg_pg_19_val_loss,train_the_pile_wikipedia_en*train_the_pile_hackernews,-0.007838778355179711
with_Qp,metric/the_pile_gutenberg_pg_19_val_loss,train_the_pile_wikipedia_en*train_the_pile_pubmed_abstracts,-0.021870641850164328
with_Qp,metric/the_pile_gutenberg_pg_19_val_loss,train_the_pile_dm_mathematics*train_the_pile_enron_emails,-0.0028219286319892877
with_Qp,metric/the_pile_gutenberg_pg_19_val_loss,train_the_pile_dm_mathematics*train_the_pile_gutenberg_pg_19,-0.010496798029436592
with_Qp,metric/the_pile_gutenberg_pg_19_val_loss,train_the_pile_dm_mathematics*train_the_pile_ubuntu_irc,0.000991071639583248
with_Qp,metric/the_pile_gutenberg_pg_19_val_loss,train_the_pile_dm_mathematics*train_the_pile_europarl,0.0016110826779311594
with_Qp,metric/the_pile_gutenberg_pg_19_val_loss,train_the_pile_dm_mathematics*train_the_pile_uspto_backgrounds,0.014334265015366856
with_Qp,metric/the_pile_gutenberg_pg_19_val_loss,train_the_pile_github*train_the_pile_github,0.08127195538451554
with_Qp,metric/the_pile_gutenberg_pg_19_val_loss,train_the_pile_github*train_the_pile_gutenberg_pg_19,-0.031020109352514227
with_Qp,metric/the_pile_gutenberg_pg_19_val_loss,train_the_pile_github*train_the_pile_pile_cc,-0.01307240992544975
with_Qp,metric/the_pile_gutenberg_pg_19_val_loss,train_the_pile_github*train_the_pile_ubuntu_irc,-0.008394179307045908
with_Qp,metric/the_pile_gutenberg_pg_19_val_loss,train_the_pile_github*train_the_pile_europarl,-0.00037840772767739706
with_Qp,metric/the_pile_gutenberg_pg_19_val_loss,train_the_pile_github*train_the_pile_hackernews,0.007385191673219262
with_Qp,metric/the_pile_gutenberg_pg_19_val_loss,train_the_pile_github*train_the_pile_pubmed_abstracts,0.011520993546923642
with_Qp,metric/the_pile_gutenberg_pg_19_val_loss,train_the_pile_github*train_the_pile_uspto_backgrounds,0.020408576355810153
with_Qp,metric/the_pile_gutenberg_pg_19_val_loss,train_the_pile_philpapers*train_the_pile_stackexchange,0.002184033479248979
with_Qp,metric/the_pile_gutenberg_pg_19_val_loss,train_the_pile_philpapers*train_the_pile_hackernews,-0.004101134455156114
with_Qp,metric/the_pile_gutenberg_pg_19_val_loss,train_the_pile_philpapers*train_the_pile_pubmed_abstracts,-0.011809423631889311
with_Qp,metric/the_pile_gutenberg_pg_19_val_loss,train_the_pile_stackexchange*train_the_pile_stackexchange,0.03195821546133574
with_Qp,metric/the_pile_gutenberg_pg_19_val_loss,train_the_pile_stackexchange*train_the_pile_gutenberg_pg_19,-0.018440231402398418
with_Qp,metric/the_pile_gutenberg_pg_19_val_loss,train_the_pile_stackexchange*train_the_pile_pile_cc,-0.011568962959532194
with_Qp,metric/the_pile_gutenberg_pg_19_val_loss,train_the_pile_stackexchange*train_the_pile_europarl,-0.0018069738518763736
with_Qp,metric/the_pile_gutenberg_pg_19_val_loss,train_the_pile_stackexchange*train_the_pile_hackernews,-0.00451894471329763
with_Qp,metric/the_pile_gutenberg_pg_19_val_loss,train_the_pile_enron_emails*train_the_pile_gutenberg_pg_19,0.0066285623479082345
with_Qp,metric/the_pile_gutenberg_pg_19_val_loss,train_the_pile_enron_emails*train_the_pile_pile_cc,-0.0017731729760089852
with_Qp,metric/the_pile_gutenberg_pg_19_val_loss,train_the_pile_enron_emails*train_the_pile_hackernews,0.004205179723664039
with_Qp,metric/the_pile_gutenberg_pg_19_val_loss,train_the_pile_enron_emails*train_the_pile_pubmed_abstracts,-0.010889645683545664
with_Qp,metric/the_pile_gutenberg_pg_19_val_loss,train_the_pile_gutenberg_pg_19*train_the_pile_gutenberg_pg_19,0.22897921991607476
with_Qp,metric/the_pile_gutenberg_pg_19_val_loss,train_the_pile_gutenberg_pg_19*train_the_pile_pubmed_abstracts,-0.006045542336782307
with_Qp,metric/the_pile_gutenberg_pg_19_val_loss,train_the_pile_gutenberg_pg_19*train_the_pile_uspto_backgrounds,-0.023756335895390536
with_Qp,metric/the_pile_gutenberg_pg_19_val_loss,train_the_pile_pile_cc*train_the_pile_ubuntu_irc,-0.0007391461325144071
with_Qp,metric/the_pile_gutenberg_pg_19_val_loss,train_the_pile_pile_cc*train_the_pile_pubmed_abstracts,-0.00351665341158362
with_Qp,metric/the_pile_gutenberg_pg_19_val_loss,train_the_pile_pile_cc*train_the_pile_uspto_backgrounds,-0.007742455754522664
with_Qp,metric/the_pile_gutenberg_pg_19_val_loss,train_the_pile_ubuntu_irc*train_the_pile_pubmed_abstracts,0.0008362644849767949
with_Qp,metric/the_pile_gutenberg_pg_19_val_loss,train_the_pile_europarl*train_the_pile_hackernews,-0.004740014833338662
with_Qp,metric/the_pile_gutenberg_pg_19_val_loss,train_the_pile_europarl*train_the_pile_pubmed_abstracts,-0.006816401133777636
with_Qp,metric/the_pile_gutenberg_pg_19_val_loss,train_the_pile_europarl*train_the_pile_uspto_backgrounds,-0.009390224240708657
with_Qp,metric/the_pile_gutenberg_pg_19_val_loss,train_the_pile_hackernews*train_the_pile_pubmed_abstracts,-0.012051023423504672
with_Qp,metric/the_pile_gutenberg_pg_19_val_loss,train_the_pile_hackernews*train_the_pile_uspto_backgrounds,-0.027439108470196823
with_Qp,metric/the_pile_gutenberg_pg_19_val_loss,train_the_pile_pubmed_abstracts*train_the_pile_uspto_backgrounds,0.037858942963318
with_Qp,metric/the_pile_gutenberg_pg_19_val_loss,train_the_pile_uspto_backgrounds*train_the_pile_uspto_backgrounds,0.009746158211481868
with_Qp,metric/the_pile_gutenberg_pg_19_val_loss,Qp,-0.04168827871613904
with_Qp,metric/the_pile_pile_cc_val_loss,train_the_pile_wikipedia_en,-0.010028038212258684
with_Qp,metric/the_pile_pile_cc_val_loss,train_the_pile_pile_cc,-0.1083249133334173
with_Qp,metric/the_pile_pile_cc_val_loss,train_the_pile_ubuntu_irc,-0.02325603988769016
with_Qp,metric/the_pile_pile_cc_val_loss,train_the_pile_hackernews,-0.004095763380990174
with_Qp,metric/the_pile_pile_cc_val_loss,train_the_pile_arxiv*train_the_pile_arxiv,0.058100534471053775
with_Qp,metric/the_pile_pile_cc_val_loss,train_the_pile_arxiv*train_the_pile_freelaw,2.769280836100759e-05
with_Qp,metric/the_pile_pile_cc_val_loss,train_the_pile_arxiv*train_the_pile_pubmed_central,0.013922962061350417
with_Qp,metric/the_pile_pile_cc_val_loss,train_the_pile_arxiv*train_the_pile_wikipedia_en,-0.015190161440953498
with_Qp,metric/the_pile_pile_cc_val_loss,train_the_pile_arxiv*train_the_pile_dm_mathematics,0.01150124855848398
with_Qp,metric/the_pile_pile_cc_val_loss,train_the_pile_arxiv*train_the_pile_github,0.00031375299299630556
with_Qp,metric/the_pile_pile_cc_val_loss,train_the_pile_arxiv*train_the_pile_philpapers,7.660220724648218e-06
with_Qp,metric/the_pile_pile_cc_val_loss,train_the_pile_arxiv*train_the_pile_gutenberg_pg_19,-0.014301144510822076
with_Qp,metric/the_pile_pile_cc_val_loss,train_the_pile_arxiv*train_the_pile_pile_cc,-0.04290425592035081
with_Qp,metric/the_pile_pile_cc_val_loss,train_the_pile_arxiv*train_the_pile_europarl,-0.002432050348265484
with_Qp,metric/the_pile_pile_cc_val_loss,train_the_pile_arxiv*train_the_pile_hackernews,-0.011763067453729023
with_Qp,metric/the_pile_pile_cc_val_loss,train_the_pile_arxiv*train_the_pile_pubmed_abstracts,0.01049433484942021
with_Qp,metric/the_pile_pile_cc_val_loss,train_the_pile_arxiv*train_the_pile_uspto_backgrounds,0.0033240961149386475
with_Qp,metric/the_pile_pile_cc_val_loss,train_the_pile_freelaw*train_the_pile_freelaw,0.029874159810024555
with_Qp,metric/the_pile_pile_cc_val_loss,train_the_pile_freelaw*train_the_pile_nih_exporter,0.0006451842278970581
with_Qp,metric/the_pile_pile_cc_val_loss,train_the_pile_freelaw*train_the_pile_pubmed_central,-0.007920393710626656
with_Qp,metric/the_pile_pile_cc_val_loss,train_the_pile_freelaw*train_the_pile_wikipedia_en,-0.017436359736675785
with_Qp,metric/the_pile_pile_cc_val_loss,train_the_pile_freelaw*train_the_pile_stackexchange,-0.019051080884072768
with_Qp,metric/the_pile_pile_cc_val_loss,train_the_pile_freelaw*train_the_pile_enron_emails,-0.0026939785694084944
with_Qp,metric/the_pile_pile_cc_val_loss,train_the_pile_freelaw*train_the_pile_gutenberg_pg_19,-0.0025085149530821634
with_Qp,metric/the_pile_pile_cc_val_loss,train_the_pile_freelaw*train_the_pile_pile_cc,-0.02942965460527644
with_Qp,metric/the_pile_pile_cc_val_loss,train_the_pile_freelaw*train_the_pile_europarl,0.0022973486400917394
with_Qp,metric/the_pile_pile_cc_val_loss,train_the_pile_freelaw*train_the_pile_hackernews,-0.0043134919245557
with_Qp,metric/the_pile_pile_cc_val_loss,train_the_pile_freelaw*train_the_pile_uspto_backgrounds,-0.0019776377866304903
with_Qp,metric/the_pile_pile_cc_val_loss,train_the_pile_nih_exporter*train_the_pile_pubmed_central,-0.00861380520977242
with_Qp,metric/the_pile_pile_cc_val_loss,train_the_pile_nih_exporter*train_the_pile_wikipedia_en,0.0001711498205960401
with_Qp,metric/the_pile_pile_cc_val_loss,train_the_pile_nih_exporter*train_the_pile_dm_mathematics,-0.0012713353417391784
with_Qp,metric/the_pile_pile_cc_val_loss,train_the_pile_nih_exporter*train_the_pile_github,0.008805917343373722
with_Qp,metric/the_pile_pile_cc_val_loss,train_the_pile_nih_exporter*train_the_pile_pile_cc,-7.339835627259525e-05
with_Qp,metric/the_pile_pile_cc_val_loss,train_the_pile_nih_exporter*train_the_pile_ubuntu_irc,0.0008733613112425376
with_Qp,metric/the_pile_pile_cc_val_loss,train_the_pile_nih_exporter*train_the_pile_europarl,-0.002446205019185213
with_Qp,metric/the_pile_pile_cc_val_loss,train_the_pile_nih_exporter*train_the_pile_hackernews,-0.000323004219774298
with_Qp,metric/the_pile_pile_cc_val_loss,train_the_pile_nih_exporter*train_the_pile_pubmed_abstracts,-0.0020543632206311223
with_Qp,metric/the_pile_pile_cc_val_loss,train_the_pile_nih_exporter*train_the_pile_uspto_backgrounds,-0.004651213809906924
with_Qp,metric/the_pile_pile_cc_val_loss,train_the_pile_pubmed_central*train_the_pile_pubmed_central,0.053534320608596114
with_Qp,metric/the_pile_pile_cc_val_loss,train_the_pile_pubmed_central*train_the_pile_wikipedia_en,-0.022992147967048352
with_Qp,metric/the_pile_pile_cc_val_loss,train_the_pile_pubmed_central*train_the_pile_dm_mathematics,0.011318471212682646
with_Qp,metric/the_pile_pile_cc_val_loss,train_the_pile_pubmed_central*train_the_pile_philpapers,0.0004103722495373008
with_Qp,metric/the_pile_pile_cc_val_loss,train_the_pile_pubmed_central*train_the_pile_stackexchange,-0.011726642464897536
with_Qp,metric/the_pile_pile_cc_val_loss,train_the_pile_pubmed_central*train_the_pile_enron_emails,-0.00854929256345767
with_Qp,metric/the_pile_pile_cc_val_loss,train_the_pile_pubmed_central*train_the_pile_gutenberg_pg_19,-0.013061547847209568
with_Qp,metric/the_pile_pile_cc_val_loss,train_the_pile_pubmed_central*train_the_pile_pile_cc,-0.03445072705016445
with_Qp,metric/the_pile_pile_cc_val_loss,train_the_pile_pubmed_central*train_the_pile_ubuntu_irc,-0.006708551322474668
with_Qp,metric/the_pile_pile_cc_val_loss,train_the_pile_pubmed_central*train_the_pile_europarl,-0.0032776847730577683
with_Qp,metric/the_pile_pile_cc_val_loss,train_the_pile_pubmed_central*train_the_pile_hackernews,-0.008898617977555678
with_Qp,metric/the_pile_pile_cc_val_loss,train_the_pile_pubmed_central*train_the_pile_pubmed_abstracts,0.01739795572593334
with_Qp,metric/the_pile_pile_cc_val_loss,train_the_pile_pubmed_central*train_the_pile_uspto_backgrounds,0.01745186641739038
with_Qp,metric/the_pile_pile_cc_val_loss,train_the_pile_wikipedia_en*train_the_pile_dm_mathematics,-0.010439845772095469
with_Qp,metric/the_pile_pile_cc_val_loss,train_the_pile_wikipedia_en*train_the_pile_github,-0.016547945581051896
with_Qp,metric/the_pile_pile_cc_val_loss,train_the_pile_wikipedia_en*train_the_pile_philpapers,0.0003431472429345972
with_Qp,metric/the_pile_pile_cc_val_loss,train_the_pile_wikipedia_en*train_the_pile_stackexchange,-0.017249570045745528
with_Qp,metric/the_pile_pile_cc_val_loss,train_the_pile_wikipedia_en*train_the_pile_gutenberg_pg_19,-0.011396840019822389
with_Qp,metric/the_pile_pile_cc_val_loss,train_the_pile_wikipedia_en*train_the_pile_pile_cc,-0.02679008249790414
with_Qp,metric/the_pile_pile_cc_val_loss,train_the_pile_wikipedia_en*train_the_pile_ubuntu_irc,-0.015776236543141208
with_Qp,metric/the_pile_pile_cc_val_loss,train_the_pile_wikipedia_en*train_the_pile_hackernews,-0.0005049887991804024
with_Qp,metric/the_pile_pile_cc_val_loss,train_the_pile_wikipedia_en*train_the_pile_pubmed_abstracts,-0.019026813683204167
with_Qp,metric/the_pile_pile_cc_val_loss,train_the_pile_wikipedia_en*train_the_pile_uspto_backgrounds,-0.018194701493816655
with_Qp,metric/the_pile_pile_cc_val_loss,train_the_pile_dm_mathematics*train_the_pile_dm_mathematics,0.0026014396274004993
with_Qp,metric/the_pile_pile_cc_val_loss,train_the_pile_dm_mathematics*train_the_pile_github,0.0060048561951301805
with_Qp,metric/the_pile_pile_cc_val_loss,train_the_pile_dm_mathematics*train_the_pile_philpapers,-0.0014658272213761323
with_Qp,metric/the_pile_pile_cc_val_loss,train_the_pile_dm_mathematics*train_the_pile_stackexchange,-7.31124446820172e-05
with_Qp,metric/the_pile_pile_cc_val_loss,train_the_pile_dm_mathematics*train_the_pile_gutenberg_pg_19,-0.0007454398749248634
with_Qp,metric/the_pile_pile_cc_val_loss,train_the_pile_dm_mathematics*train_the_pile_pile_cc,-0.01323580763986331
with_Qp,metric/the_pile_pile_cc_val_loss,train_the_pile_dm_mathematics*train_the_pile_europarl,0.0015340322620512833
with_Qp,metric/the_pile_pile_cc_val_loss,train_the_pile_dm_mathematics*train_the_pile_hackernews,-0.005830189138921406
with_Qp,metric/the_pile_pile_cc_val_loss,train_the_pile_dm_mathematics*train_the_pile_pubmed_abstracts,0.01203766007154163
with_Qp,metric/the_pile_pile_cc_val_loss,train_the_pile_dm_mathematics*train_the_pile_uspto_backgrounds,0.0008696086545560027
with_Qp,metric/the_pile_pile_cc_val_loss,train_the_pile_github*train_the_pile_github,0.08530359177338916
with_Qp,metric/the_pile_pile_cc_val_loss,train_the_pile_github*train_the_pile_philpapers,-0.008025047163891654
with_Qp,metric/the_pile_pile_cc_val_loss,train_the_pile_github*train_the_pile_stackexchange,-0.002846494604814878
with_Qp,metric/the_pile_pile_cc_val_loss,train_the_pile_github*train_the_pile_enron_emails,0.001881560527671203
with_Qp,metric/the_pile_pile_cc_val_loss,train_the_pile_github*train_the_pile_gutenberg_pg_19,0.0034534529074730113
with_Qp,metric/the_pile_pile_cc_val_loss,train_the_pile_github*train_the_pile_pile_cc,-0.03891088369661038
with_Qp,metric/the_pile_pile_cc_val_loss,train_the_pile_github*train_the_pile_ubuntu_irc,-0.00024116309145161602
with_Qp,metric/the_pile_pile_cc_val_loss,train_the_pile_github*train_the_pile_hackernews,0.0015411438560631674
with_Qp,metric/the_pile_pile_cc_val_loss,train_the_pile_github*train_the_pile_pubmed_abstracts,0.014168861606754873
with_Qp,metric/the_pile_pile_cc_val_loss,train_the_pile_github*train_the_pile_uspto_backgrounds,0.008171792507535061
with_Qp,metric/the_pile_pile_cc_val_loss,train_the_pile_philpapers*train_the_pile_pubmed_abstracts,-0.013184641104463546
with_Qp,metric/the_pile_pile_cc_val_loss,train_the_pile_philpapers*train_the_pile_uspto_backgrounds,-0.00047460723115200237
with_Qp,metric/the_pile_pile_cc_val_loss,train_the_pile_stackexchange*train_the_pile_stackexchange,0.015696852224754088
with_Qp,metric/the_pile_pile_cc_val_loss,train_the_pile_stackexchange*train_the_pile_enron_emails,-0.0008889173300770205
with_Qp,metric/the_pile_pile_cc_val_loss,train_the_pile_stackexchange*train_the_pile_gutenberg_pg_19,-0.004702729941125473
with_Qp,metric/the_pile_pile_cc_val_loss,train_the_pile_stackexchange*train_the_pile_pile_cc,-0.03089930465116753
with_Qp,metric/the_pile_pile_cc_val_loss,train_the_pile_stackexchange*train_the_pile_ubuntu_irc,-0.0033850256277282126
with_Qp,metric/the_pile_pile_cc_val_loss,train_the_pile_stackexchange*train_the_pile_pubmed_abstracts,-0.01000681572873836
with_Qp,metric/the_pile_pile_cc_val_loss,train_the_pile_stackexchange*train_the_pile_uspto_backgrounds,-0.004402328968801677
with_Qp,metric/the_pile_pile_cc_val_loss,train_the_pile_enron_emails*train_the_pile_gutenberg_pg_19,0.0016754120375215922
with_Qp,metric/the_pile_pile_cc_val_loss,train_the_pile_enron_emails*train_the_pile_pile_cc,-0.0029622970889095863
with_Qp,metric/the_pile_pile_cc_val_loss,train_the_pile_enron_emails*train_the_pile_ubuntu_irc,0.00041171890803639124
with_Qp,metric/the_pile_pile_cc_val_loss,train_the_pile_enron_emails*train_the_pile_europarl,-0.012013147616351003
with_Qp,metric/the_pile_pile_cc_val_loss,train_the_pile_enron_emails*train_the_pile_pubmed_abstracts,-0.006267230124071232
with_Qp,metric/the_pile_pile_cc_val_loss,train_the_pile_enron_emails*train_the_pile_uspto_backgrounds,-0.004702539504108935
with_Qp,metric/the_pile_pile_cc_val_loss,train_the_pile_gutenberg_pg_19*train_the_pile_gutenberg_pg_19,0.005859907886332843
with_Qp,metric/the_pile_pile_cc_val_loss,train_the_pile_gutenberg_pg_19*train_the_pile_pile_cc,-0.0244927971513557
with_Qp,metric/the_pile_pile_cc_val_loss,train_the_pile_gutenberg_pg_19*train_the_pile_hackernews,-0.005681361390270114
with_Qp,metric/the_pile_pile_cc_val_loss,train_the_pile_gutenberg_pg_19*train_the_pile_pubmed_abstracts,-0.003003402287288262
with_Qp,metric/the_pile_pile_cc_val_loss,train_the_pile_gutenberg_pg_19*train_the_pile_uspto_backgrounds,-0.003959860194852856
with_Qp,metric/the_pile_pile_cc_val_loss,train_the_pile_pile_cc*train_the_pile_ubuntu_irc,-0.0075310305664705
with_Qp,metric/the_pile_pile_cc_val_loss,train_the_pile_pile_cc*train_the_pile_pubmed_abstracts,-0.029159897416990203
with_Qp,metric/the_pile_pile_cc_val_loss,train_the_pile_pile_cc*train_the_pile_uspto_backgrounds,-0.03480421187135143
with_Qp,metric/the_pile_pile_cc_val_loss,train_the_pile_ubuntu_irc*train_the_pile_ubuntu_irc,0.019610791261590006
with_Qp,metric/the_pile_pile_cc_val_loss,train_the_pile_ubuntu_irc*train_the_pile_europarl,-0.0012756604298768395
with_Qp,metric/the_pile_pile_cc_val_loss,train_the_pile_ubuntu_irc*train_the_pile_hackernews,-0.0018386585285239507
with_Qp,metric/the_pile_pile_cc_val_loss,train_the_pile_ubuntu_irc*train_the_pile_uspto_backgrounds,-0.005075931197190976
with_Qp,metric/the_pile_pile_cc_val_loss,train_the_pile_hackernews*train_the_pile_uspto_backgrounds,-0.007236983219098721
with_Qp,metric/the_pile_pile_cc_val_loss,train_the_pile_pubmed_abstracts*train_the_pile_uspto_backgrounds,0.009648687519724522
with_Qp,metric/the_pile_pile_cc_val_loss,train_the_pile_uspto_backgrounds*train_the_pile_uspto_backgrounds,0.014726131505145047
with_Qp,metric/the_pile_pile_cc_val_loss,Qp,-0.03985849923680042
with_Qp,metric/the_pile_ubuntu_irc_val_loss,train_the_pile_philpapers,-0.01961690259519726
with_Qp,metric/the_pile_ubuntu_irc_val_loss,train_the_pile_enron_emails,-0.014898988308078788
with_Qp,metric/the_pile_ubuntu_irc_val_loss,train_the_pile_ubuntu_irc,-1.4686169314494586
with_Qp,metric/the_pile_ubuntu_irc_val_loss,train_the_pile_europarl,-0.027843826513942547
with_Qp,metric/the_pile_ubuntu_irc_val_loss,train_the_pile_hackernews,-0.019966253199968406
with_Qp,metric/the_pile_ubuntu_irc_val_loss,train_the_pile_arxiv*train_the_pile_arxiv,0.05688787261435236
with_Qp,metric/the_pile_ubuntu_irc_val_loss,train_the_pile_arxiv*train_the_pile_dm_mathematics,0.0353842387817037
with_Qp,metric/the_pile_ubuntu_irc_val_loss,train_the_pile_arxiv*train_the_pile_github,-0.018411534612530728
with_Qp,metric/the_pile_ubuntu_irc_val_loss,train_the_pile_arxiv*train_the_pile_ubuntu_irc,-0.013559289176517473
with_Qp,metric/the_pile_ubuntu_irc_val_loss,train_the_pile_arxiv*train_the_pile_europarl,-0.039894667427840765
with_Qp,metric/the_pile_ubuntu_irc_val_loss,train_the_pile_freelaw*train_the_pile_freelaw,0.06688249437233075
with_Qp,metric/the_pile_ubuntu_irc_val_loss,train_the_pile_freelaw*train_the_pile_nih_exporter,0.001405159554248435
with_Qp,metric/the_pile_ubuntu_irc_val_loss,train_the_pile_freelaw*train_the_pile_wikipedia_en,0.007245524712110417
with_Qp,metric/the_pile_ubuntu_irc_val_loss,train_the_pile_freelaw*train_the_pile_stackexchange,-0.029959171569727244
with_Qp,metric/the_pile_ubuntu_irc_val_loss,train_the_pile_freelaw*train_the_pile_enron_emails,-0.015045754105997594
with_Qp,metric/the_pile_ubuntu_irc_val_loss,train_the_pile_freelaw*train_the_pile_ubuntu_irc,-0.01843687704897409
with_Qp,metric/the_pile_ubuntu_irc_val_loss,train_the_pile_freelaw*train_the_pile_europarl,-0.0018306567016301675
with_Qp,metric/the_pile_ubuntu_irc_val_loss,train_the_pile_freelaw*train_the_pile_pubmed_abstracts,0.02821569228127586
with_Qp,metric/the_pile_ubuntu_irc_val_loss,train_the_pile_nih_exporter*train_the_pile_pubmed_central,-0.023452847254808493
with_Qp,metric/the_pile_ubuntu_irc_val_loss,train_the_pile_nih_exporter*train_the_pile_enron_emails,-0.0055859905515155146
with_Qp,metric/the_pile_ubuntu_irc_val_loss,train_the_pile_nih_exporter*train_the_pile_gutenberg_pg_19,-0.005061348621872929
with_Qp,metric/the_pile_ubuntu_irc_val_loss,train_the_pile_nih_exporter*train_the_pile_pile_cc,-0.02224160601809355
with_Qp,metric/the_pile_ubuntu_irc_val_loss,train_the_pile_nih_exporter*train_the_pile_pubmed_abstracts,-0.008105378373504044
with_Qp,metric/the_pile_ubuntu_irc_val_loss,train_the_pile_nih_exporter*train_the_pile_uspto_backgrounds,-0.00449929623959001
with_Qp,metric/the_pile_ubuntu_irc_val_loss,train_the_pile_pubmed_central*train_the_pile_pubmed_central,0.1190659551529114
with_Qp,metric/the_pile_ubuntu_irc_val_loss,train_the_pile_pubmed_central*train_the_pile_github,-0.00871975102120553
with_Qp,metric/the_pile_ubuntu_irc_val_loss,train_the_pile_pubmed_central*train_the_pile_stackexchange,-0.012679827607444405
with_Qp,metric/the_pile_ubuntu_irc_val_loss,train_the_pile_pubmed_central*train_the_pile_gutenberg_pg_19,-0.05373767824585828
with_Qp,metric/the_pile_ubuntu_irc_val_loss,train_the_pile_pubmed_central*train_the_pile_ubuntu_irc,-0.013746921212242722
with_Qp,metric/the_pile_ubuntu_irc_val_loss,train_the_pile_pubmed_central*train_the_pile_europarl,-0.010437398993238213
with_Qp,metric/the_pile_ubuntu_irc_val_loss,train_the_pile_pubmed_central*train_the_pile_pubmed_abstracts,0.011354053902644616
with_Qp,metric/the_pile_ubuntu_irc_val_loss,train_the_pile_pubmed_central*train_the_pile_uspto_backgrounds,0.025743257236089577
with_Qp,metric/the_pile_ubuntu_irc_val_loss,train_the_pile_wikipedia_en*train_the_pile_wikipedia_en,0.010119129978171932
with_Qp,metric/the_pile_ubuntu_irc_val_loss,train_the_pile_wikipedia_en*train_the_pile_dm_mathematics,-0.003970997899786534
with_Qp,metric/the_pile_ubuntu_irc_val_loss,train_the_pile_wikipedia_en*train_the_pile_europarl,0.009052261401836235
with_Qp,metric/the_pile_ubuntu_irc_val_loss,train_the_pile_dm_mathematics*train_the_pile_philpapers,-0.008290812539021003
with_Qp,metric/the_pile_ubuntu_irc_val_loss,train_the_pile_dm_mathematics*train_the_pile_hackernews,-0.005258895130635628
with_Qp,metric/the_pile_ubuntu_irc_val_loss,train_the_pile_dm_mathematics*train_the_pile_pubmed_abstracts,0.01965669507084055
with_Qp,metric/the_pile_ubuntu_irc_val_loss,train_the_pile_github*train_the_pile_pile_cc,-0.011381109274745428
with_Qp,metric/the_pile_ubuntu_irc_val_loss,train_the_pile_github*train_the_pile_europarl,-0.0013798589445651861
with_Qp,metric/the_pile_ubuntu_irc_val_loss,train_the_pile_github*train_the_pile_hackernews,-0.00932992891802252
with_Qp,metric/the_pile_ubuntu_irc_val_loss,train_the_pile_philpapers*train_the_pile_hackernews,-0.010639814194778868
with_Qp,metric/the_pile_ubuntu_irc_val_loss,train_the_pile_philpapers*train_the_pile_pubmed_abstracts,-0.02696967723267352
with_Qp,metric/the_pile_ubuntu_irc_val_loss,train_the_pile_stackexchange*train_the_pile_enron_emails,-0.012477206802934274
with_Qp,metric/the_pile_ubuntu_irc_val_loss,train_the_pile_enron_emails*train_the_pile_europarl,-0.042842337439381574
with_Qp,metric/the_pile_ubuntu_irc_val_loss,train_the_pile_enron_emails*train_the_pile_hackernews,-0.00010008446233047691
with_Qp,metric/the_pile_ubuntu_irc_val_loss,train_the_pile_enron_emails*train_the_pile_uspto_backgrounds,-0.007858880212730575
with_Qp,metric/the_pile_ubuntu_irc_val_loss,train_the_pile_gutenberg_pg_19*train_the_pile_pubmed_abstracts,-0.007244034494588273
with_Qp,metric/the_pile_ubuntu_irc_val_loss,train_the_pile_pile_cc*train_the_pile_europarl,-0.013917626504991256
with_Qp,metric/the_pile_ubuntu_irc_val_loss,train_the_pile_pile_cc*train_the_pile_hackernews,-0.00205452487869961
with_Qp,metric/the_pile_ubuntu_irc_val_loss,train_the_pile_ubuntu_irc*train_the_pile_ubuntu_irc,0.8429138406260329
with_Qp,metric/the_pile_hackernews_val_loss,train_the_pile_stackexchange,-0.012338130421975539
with_Qp,metric/the_pile_hackernews_val_loss,train_the_pile_enron_emails,-0.00750534429434918
with_Qp,metric/the_pile_hackernews_val_loss,train_the_pile_pile_cc,-0.07518352723033382
with_Qp,metric/the_pile_hackernews_val_loss,train_the_pile_ubuntu_irc,-0.00710740621296204
with_Qp,metric/the_pile_hackernews_val_loss,train_the_pile_hackernews,-0.44240943809667316
with_Qp,metric/the_pile_hackernews_val_loss,train_the_pile_arxiv*train_the_pile_arxiv,0.06675337040117187
with_Qp,metric/the_pile_hackernews_val_loss,train_the_pile_arxiv*train_the_pile_freelaw,0.01729867445105028
with_Qp,metric/the_pile_hackernews_val_loss,train_the_pile_arxiv*train_the_pile_nih_exporter,-0.004079853296422582
with_Qp,metric/the_pile_hackernews_val_loss,train_the_pile_arxiv*train_the_pile_pubmed_central,0.01906655748453199
with_Qp,metric/the_pile_hackernews_val_loss,train_the_pile_arxiv*train_the_pile_wikipedia_en,0.01391172681679974
with_Qp,metric/the_pile_hackernews_val_loss,train_the_pile_arxiv*train_the_pile_dm_mathematics,-0.004369968622466987
with_Qp,metric/the_pile_hackernews_val_loss,train_the_pile_arxiv*train_the_pile_philpapers,-0.0023888736758869615
with_Qp,metric/the_pile_hackernews_val_loss,train_the_pile_arxiv*train_the_pile_stackexchange,-0.013564792524688136
with_Qp,metric/the_pile_hackernews_val_loss,train_the_pile_arxiv*train_the_pile_enron_emails,0.0019364393432834998
with_Qp,metric/the_pile_hackernews_val_loss,train_the_pile_arxiv*train_the_pile_gutenberg_pg_19,-0.008575976980167616
with_Qp,metric/the_pile_hackernews_val_loss,train_the_pile_arxiv*train_the_pile_pile_cc,-0.021818688019848945
with_Qp,metric/the_pile_hackernews_val_loss,train_the_pile_arxiv*train_the_pile_ubuntu_irc,-0.004656670841575559
with_Qp,metric/the_pile_hackernews_val_loss,train_the_pile_arxiv*train_the_pile_europarl,-0.005096970474086341
with_Qp,metric/the_pile_hackernews_val_loss,train_the_pile_arxiv*train_the_pile_hackernews,-0.033240653374413155
with_Qp,metric/the_pile_hackernews_val_loss,train_the_pile_arxiv*train_the_pile_pubmed_abstracts,0.00416336395688858
with_Qp,metric/the_pile_hackernews_val_loss,train_the_pile_arxiv*train_the_pile_uspto_backgrounds,0.008193831866504585
with_Qp,metric/the_pile_hackernews_val_loss,train_the_pile_freelaw*train_the_pile_freelaw,0.035666898636715655
with_Qp,metric/the_pile_hackernews_val_loss,train_the_pile_freelaw*train_the_pile_pubmed_central,-0.004477642627283619
with_Qp,metric/the_pile_hackernews_val_loss,train_the_pile_freelaw*train_the_pile_wikipedia_en,-0.0015350476875472887
with_Qp,metric/the_pile_hackernews_val_loss,train_the_pile_freelaw*train_the_pile_dm_mathematics,-0.0010347481134858516
with_Qp,metric/the_pile_hackernews_val_loss,train_the_pile_freelaw*train_the_pile_philpapers,-0.005423829820459926
with_Qp,metric/the_pile_hackernews_val_loss,train_the_pile_freelaw*train_the_pile_stackexchange,-0.013868825069350579
with_Qp,metric/the_pile_hackernews_val_loss,train_the_pile_freelaw*train_the_pile_enron_emails,-0.0020226327431587697
with_Qp,metric/the_pile_hackernews_val_loss,train_the_pile_freelaw*train_the_pile_gutenberg_pg_19,-0.0014390415423954984
with_Qp,metric/the_pile_hackernews_val_loss,train_the_pile_freelaw*train_the_pile_pile_cc,-0.012984101933380376
with_Qp,metric/the_pile_hackernews_val_loss,train_the_pile_freelaw*train_the_pile_ubuntu_irc,-0.010024065435337843
with_Qp,metric/the_pile_hackernews_val_loss,train_the_pile_freelaw*train_the_pile_hackernews,-0.014556653545827665
with_Qp,metric/the_pile_hackernews_val_loss,train_the_pile_freelaw*train_the_pile_pubmed_abstracts,-0.015912464979349727
with_Qp,metric/the_pile_hackernews_val_loss,train_the_pile_freelaw*train_the_pile_uspto_backgrounds,-0.0060715927518431
with_Qp,metric/the_pile_hackernews_val_loss,train_the_pile_nih_exporter*train_the_pile_pubmed_central,-0.0024880517919807707
with_Qp,metric/the_pile_hackernews_val_loss,train_the_pile_nih_exporter*train_the_pile_dm_mathematics,-0.011424337649747582
with_Qp,metric/the_pile_hackernews_val_loss,train_the_pile_nih_exporter*train_the_pile_github,0.006755863885130899
with_Qp,metric/the_pile_hackernews_val_loss,train_the_pile_nih_exporter*train_the_pile_philpapers,0.0001406593740606807
with_Qp,metric/the_pile_hackernews_val_loss,train_the_pile_nih_exporter*train_the_pile_stackexchange,-0.008578454682418841
with_Qp,metric/the_pile_hackernews_val_loss,train_the_pile_nih_exporter*train_the_pile_enron_emails,-0.001053838587004658
with_Qp,metric/the_pile_hackernews_val_loss,train_the_pile_nih_exporter*train_the_pile_pile_cc,-5.01640633446563e-05
with_Qp,metric/the_pile_hackernews_val_loss,train_the_pile_nih_exporter*train_the_pile_ubuntu_irc,0.006496708649435894
with_Qp,metric/the_pile_hackernews_val_loss,train_the_pile_nih_exporter*train_the_pile_hackernews,0.0039005902922537314
with_Qp,metric/the_pile_hackernews_val_loss,train_the_pile_nih_exporter*train_the_pile_pubmed_abstracts,0.0027175708243269616
with_Qp,metric/the_pile_hackernews_val_loss,train_the_pile_nih_exporter*train_the_pile_uspto_backgrounds,-0.01818844981678954
with_Qp,metric/the_pile_hackernews_val_loss,train_the_pile_pubmed_central*train_the_pile_pubmed_central,0.08225275571945213
with_Qp,metric/the_pile_hackernews_val_loss,train_the_pile_pubmed_central*train_the_pile_wikipedia_en,0.0034499681032743755
with_Qp,metric/the_pile_hackernews_val_loss,train_the_pile_pubmed_central*train_the_pile_dm_mathematics,0.019118390813697535
with_Qp,metric/the_pile_hackernews_val_loss,train_the_pile_pubmed_central*train_the_pile_stackexchange,-0.0068245562673626935
with_Qp,metric/the_pile_hackernews_val_loss,train_the_pile_pubmed_central*train_the_pile_enron_emails,-0.009015400877474093
with_Qp,metric/the_pile_hackernews_val_loss,train_the_pile_pubmed_central*train_the_pile_gutenberg_pg_19,-0.016106721450476626
with_Qp,metric/the_pile_hackernews_val_loss,train_the_pile_pubmed_central*train_the_pile_pile_cc,-0.0300730687096304
with_Qp,metric/the_pile_hackernews_val_loss,train_the_pile_pubmed_central*train_the_pile_ubuntu_irc,-0.00700914967914416
with_Qp,metric/the_pile_hackernews_val_loss,train_the_pile_pubmed_central*train_the_pile_hackernews,-0.03578106445898883
with_Qp,metric/the_pile_hackernews_val_loss,train_the_pile_pubmed_central*train_the_pile_pubmed_abstracts,0.020474050584682473
with_Qp,metric/the_pile_hackernews_val_loss,train_the_pile_pubmed_central*train_the_pile_uspto_backgrounds,0.020644925865423623
with_Qp,metric/the_pile_hackernews_val_loss,train_the_pile_wikipedia_en*train_the_pile_wikipedia_en,0.01954669681225079
with_Qp,metric/the_pile_hackernews_val_loss,train_the_pile_wikipedia_en*train_the_pile_dm_mathematics,-0.003327864715129761
with_Qp,metric/the_pile_hackernews_val_loss,train_the_pile_wikipedia_en*train_the_pile_philpapers,0.008594832976186044
with_Qp,metric/the_pile_hackernews_val_loss,train_the_pile_wikipedia_en*train_the_pile_stackexchange,-0.0004244057858584709
with_Qp,metric/the_pile_hackernews_val_loss,train_the_pile_wikipedia_en*train_the_pile_gutenberg_pg_19,-0.017553526089121967
with_Qp,metric/the_pile_hackernews_val_loss,train_the_pile_wikipedia_en*train_the_pile_pile_cc,-0.01590211722552967
with_Qp,metric/the_pile_hackernews_val_loss,train_the_pile_wikipedia_en*train_the_pile_ubuntu_irc,-0.01839115822270039
with_Qp,metric/the_pile_hackernews_val_loss,train_the_pile_wikipedia_en*train_the_pile_hackernews,-0.007748581512878953
with_Qp,metric/the_pile_hackernews_val_loss,train_the_pile_wikipedia_en*train_the_pile_pubmed_abstracts,-0.0033635499475476254
with_Qp,metric/the_pile_hackernews_val_loss,train_the_pile_dm_mathematics*train_the_pile_github,-0.0011837826159079275
with_Qp,metric/the_pile_hackernews_val_loss,train_the_pile_dm_mathematics*train_the_pile_philpapers,0.012602419030560785
with_Qp,metric/the_pile_hackernews_val_loss,train_the_pile_dm_mathematics*train_the_pile_stackexchange,0.004243636461984923
with_Qp,metric/the_pile_hackernews_val_loss,train_the_pile_dm_mathematics*train_the_pile_enron_emails,-0.0038205147427991925
with_Qp,metric/the_pile_hackernews_val_loss,train_the_pile_dm_mathematics*train_the_pile_gutenberg_pg_19,-7.654483195276444e-05
with_Qp,metric/the_pile_hackernews_val_loss,train_the_pile_dm_mathematics*train_the_pile_ubuntu_irc,0.003963741256056164
with_Qp,metric/the_pile_hackernews_val_loss,train_the_pile_dm_mathematics*train_the_pile_hackernews,-0.0017122247357217544
with_Qp,metric/the_pile_hackernews_val_loss,train_the_pile_dm_mathematics*train_the_pile_uspto_backgrounds,0.003538353836965133
with_Qp,metric/the_pile_hackernews_val_loss,train_the_pile_github*train_the_pile_github,0.03628431381333993
with_Qp,metric/the_pile_hackernews_val_loss,train_the_pile_github*train_the_pile_enron_emails,-0.0013810148024710953
with_Qp,metric/the_pile_hackernews_val_loss,train_the_pile_github*train_the_pile_gutenberg_pg_19,-0.006704388889041788
with_Qp,metric/the_pile_hackernews_val_loss,train_the_pile_github*train_the_pile_pile_cc,-0.021925556869064656
with_Qp,metric/the_pile_hackernews_val_loss,train_the_pile_github*train_the_pile_ubuntu_irc,-0.008163394199980186
with_Qp,metric/the_pile_hackernews_val_loss,train_the_pile_github*train_the_pile_hackernews,-0.010657148746221702
with_Qp,metric/the_pile_hackernews_val_loss,train_the_pile_github*train_the_pile_pubmed_abstracts,0.0038540406086197475
with_Qp,metric/the_pile_hackernews_val_loss,train_the_pile_github*train_the_pile_uspto_backgrounds,0.002762006180578073
with_Qp,metric/the_pile_hackernews_val_loss,train_the_pile_philpapers*train_the_pile_philpapers,-0.0170019939521025
with_Qp,metric/the_pile_hackernews_val_loss,train_the_pile_philpapers*train_the_pile_stackexchange,0.002499527502975703
with_Qp,metric/the_pile_hackernews_val_loss,train_the_pile_philpapers*train_the_pile_enron_emails,-0.004026014152794592
with_Qp,metric/the_pile_hackernews_val_loss,train_the_pile_philpapers*train_the_pile_gutenberg_pg_19,-0.0010111729347243048
with_Qp,metric/the_pile_hackernews_val_loss,train_the_pile_philpapers*train_the_pile_europarl,0.004646198892031534
with_Qp,metric/the_pile_hackernews_val_loss,train_the_pile_philpapers*train_the_pile_pubmed_abstracts,-0.00269406572838376
with_Qp,metric/the_pile_hackernews_val_loss,train_the_pile_stackexchange*train_the_pile_enron_emails,-0.004977004967401942
with_Qp,metric/the_pile_hackernews_val_loss,train_the_pile_stackexchange*train_the_pile_gutenberg_pg_19,-0.00648676042264622
with_Qp,metric/the_pile_hackernews_val_loss,train_the_pile_stackexchange*train_the_pile_pile_cc,-0.015480488046241315
with_Qp,metric/the_pile_hackernews_val_loss,train_the_pile_stackexchange*train_the_pile_ubuntu_irc,0.0011331052024692665
with_Qp,metric/the_pile_hackernews_val_loss,train_the_pile_stackexchange*train_the_pile_pubmed_abstracts,-0.004724689704331855
with_Qp,metric/the_pile_hackernews_val_loss,train_the_pile_stackexchange*train_the_pile_uspto_backgrounds,-0.01031495964398319
with_Qp,metric/the_pile_hackernews_val_loss,train_the_pile_enron_emails*train_the_pile_pubmed_abstracts,-0.0007168730637631179
with_Qp,metric/the_pile_hackernews_val_loss,train_the_pile_enron_emails*train_the_pile_uspto_backgrounds,-0.0030936127553136674
with_Qp,metric/the_pile_hackernews_val_loss,train_the_pile_gutenberg_pg_19*train_the_pile_gutenberg_pg_19,0.0013285223284716572
with_Qp,metric/the_pile_hackernews_val_loss,train_the_pile_gutenberg_pg_19*train_the_pile_pile_cc,-0.008303322528694859
with_Qp,metric/the_pile_hackernews_val_loss,train_the_pile_gutenberg_pg_19*train_the_pile_uspto_backgrounds,0.005574084034499884
with_Qp,metric/the_pile_hackernews_val_loss,train_the_pile_pile_cc*train_the_pile_europarl,-0.011842726251470282
with_Qp,metric/the_pile_hackernews_val_loss,train_the_pile_pile_cc*train_the_pile_hackernews,0.017528429886584818
with_Qp,metric/the_pile_hackernews_val_loss,train_the_pile_pile_cc*train_the_pile_pubmed_abstracts,-0.010138248270477272
with_Qp,metric/the_pile_hackernews_val_loss,train_the_pile_pile_cc*train_the_pile_uspto_backgrounds,-0.016476309020266037
with_Qp,metric/the_pile_hackernews_val_loss,train_the_pile_ubuntu_irc*train_the_pile_europarl,0.004884265264514602
with_Qp,metric/the_pile_hackernews_val_loss,train_the_pile_ubuntu_irc*train_the_pile_hackernews,0.005195400994057844
with_Qp,metric/the_pile_hackernews_val_loss,train_the_pile_ubuntu_irc*train_the_pile_pubmed_abstracts,-0.00906935555707946
with_Qp,metric/the_pile_hackernews_val_loss,train_the_pile_ubuntu_irc*train_the_pile_uspto_backgrounds,-0.0029130441886239685
with_Qp,metric/the_pile_hackernews_val_loss,train_the_pile_europarl*train_the_pile_hackernews,-0.0037408059101958547
with_Qp,metric/the_pile_hackernews_val_loss,train_the_pile_europarl*train_the_pile_pubmed_abstracts,-0.0006587293659696126
with_Qp,metric/the_pile_hackernews_val_loss,train_the_pile_europarl*train_the_pile_uspto_backgrounds,0.01288724831590771
with_Qp,metric/the_pile_hackernews_val_loss,train_the_pile_hackernews*train_the_pile_hackernews,0.30414453375123296
with_Qp,metric/the_pile_hackernews_val_loss,train_the_pile_hackernews*train_the_pile_pubmed_abstracts,-0.015725752691102834
with_Qp,metric/the_pile_hackernews_val_loss,train_the_pile_hackernews*train_the_pile_uspto_backgrounds,-0.014024839984339746
with_Qp,metric/the_pile_hackernews_val_loss,train_the_pile_pubmed_abstracts*train_the_pile_uspto_backgrounds,0.016179241420659508
with_Qp,metric/the_pile_hackernews_val_loss,train_the_pile_uspto_backgrounds*train_the_pile_uspto_backgrounds,0.014963175881852999
with_Qp,metric/the_pile_pubmed_abstracts_val_loss,train_the_pile_nih_exporter,-0.019639179434641666
with_Qp,metric/the_pile_pubmed_abstracts_val_loss,train_the_pile_pubmed_central,-0.1506882721412653
with_Qp,metric/the_pile_pubmed_abstracts_val_loss,train_the_pile_github,0.06218143419324837
with_Qp,metric/the_pile_pubmed_abstracts_val_loss,train_the_pile_uspto_backgrounds,-0.044286009279739115
with_Qp,metric/the_pile_pubmed_abstracts_val_loss,train_the_pile_arxiv*train_the_pile_arxiv,0.041142053437393626
with_Qp,metric/the_pile_pubmed_abstracts_val_loss,train_the_pile_arxiv*train_the_pile_freelaw,0.014376110481680887
with_Qp,metric/the_pile_pubmed_abstracts_val_loss,train_the_pile_arxiv*train_the_pile_nih_exporter,-0.020213254677435063
with_Qp,metric/the_pile_pubmed_abstracts_val_loss,train_the_pile_arxiv*train_the_pile_pubmed_central,-0.04696876780444724
with_Qp,metric/the_pile_pubmed_abstracts_val_loss,train_the_pile_arxiv*train_the_pile_github,-0.008171237605934014
with_Qp,metric/the_pile_pubmed_abstracts_val_loss,train_the_pile_arxiv*train_the_pile_stackexchange,0.002177958543236229
with_Qp,metric/the_pile_pubmed_abstracts_val_loss,train_the_pile_arxiv*train_the_pile_gutenberg_pg_19,0.0009920472192367245
with_Qp,metric/the_pile_pubmed_abstracts_val_loss,train_the_pile_arxiv*train_the_pile_ubuntu_irc,0.009250637192427512
with_Qp,metric/the_pile_pubmed_abstracts_val_loss,train_the_pile_arxiv*train_the_pile_hackernews,-0.006948173455831034
with_Qp,metric/the_pile_pubmed_abstracts_val_loss,train_the_pile_arxiv*train_the_pile_pubmed_abstracts,-0.12160636746779996
with_Qp,metric/the_pile_pubmed_abstracts_val_loss,train_the_pile_arxiv*train_the_pile_uspto_backgrounds,-0.0013392422371026216
with_Qp,metric/the_pile_pubmed_abstracts_val_loss,train_the_pile_freelaw*train_the_pile_freelaw,0.06802806623506887
with_Qp,metric/the_pile_pubmed_abstracts_val_loss,train_the_pile_freelaw*train_the_pile_nih_exporter,-0.017713245471295255
with_Qp,metric/the_pile_pubmed_abstracts_val_loss,train_the_pile_freelaw*train_the_pile_pubmed_central,-0.03180508827900878
with_Qp,metric/the_pile_pubmed_abstracts_val_loss,train_the_pile_freelaw*train_the_pile_wikipedia_en,0.0031696791623327765
with_Qp,metric/the_pile_pubmed_abstracts_val_loss,train_the_pile_freelaw*train_the_pile_github,0.008014110695918336
with_Qp,metric/the_pile_pubmed_abstracts_val_loss,train_the_pile_freelaw*train_the_pile_stackexchange,0.0035972553435544854
with_Qp,metric/the_pile_pubmed_abstracts_val_loss,train_the_pile_freelaw*train_the_pile_pile_cc,-0.0026154995941944335
with_Qp,metric/the_pile_pubmed_abstracts_val_loss,train_the_pile_freelaw*train_the_pile_ubuntu_irc,0.007160578343492838
with_Qp,metric/the_pile_pubmed_abstracts_val_loss,train_the_pile_freelaw*train_the_pile_europarl,0.019345318208965408
with_Qp,metric/the_pile_pubmed_abstracts_val_loss,train_the_pile_freelaw*train_the_pile_hackernews,0.011323557163826447
with_Qp,metric/the_pile_pubmed_abstracts_val_loss,train_the_pile_freelaw*train_the_pile_pubmed_abstracts,-0.13006957147541987
with_Qp,metric/the_pile_pubmed_abstracts_val_loss,train_the_pile_freelaw*train_the_pile_uspto_backgrounds,-0.021970201427779373
with_Qp,metric/the_pile_pubmed_abstracts_val_loss,train_the_pile_nih_exporter*train_the_pile_pubmed_central,0.0002004073964735266
with_Qp,metric/the_pile_pubmed_abstracts_val_loss,train_the_pile_nih_exporter*train_the_pile_wikipedia_en,-0.0062431782839018485
with_Qp,metric/the_pile_pubmed_abstracts_val_loss,train_the_pile_nih_exporter*train_the_pile_dm_mathematics,-0.0014562884316905854
with_Qp,metric/the_pile_pubmed_abstracts_val_loss,train_the_pile_nih_exporter*train_the_pile_github,-0.024445728840198466
with_Qp,metric/the_pile_pubmed_abstracts_val_loss,train_the_pile_nih_exporter*train_the_pile_stackexchange,-0.006308596752821395
with_Qp,metric/the_pile_pubmed_abstracts_val_loss,train_the_pile_nih_exporter*train_the_pile_pile_cc,-0.007947623785062185
with_Qp,metric/the_pile_pubmed_abstracts_val_loss,train_the_pile_nih_exporter*train_the_pile_europarl,-0.0017574069271032284
with_Qp,metric/the_pile_pubmed_abstracts_val_loss,train_the_pile_pubmed_central*train_the_pile_wikipedia_en,-0.03273368323255161
with_Qp,metric/the_pile_pubmed_abstracts_val_loss,train_the_pile_pubmed_central*train_the_pile_dm_mathematics,-0.009076552488167775
with_Qp,metric/the_pile_pubmed_abstracts_val_loss,train_the_pile_pubmed_central*train_the_pile_github,-0.04755871729441182
with_Qp,metric/the_pile_pubmed_abstracts_val_loss,train_the_pile_pubmed_central*train_the_pile_stackexchange,-0.053081630892787425
with_Qp,metric/the_pile_pubmed_abstracts_val_loss,train_the_pile_pubmed_central*train_the_pile_gutenberg_pg_19,-0.01893593095420355
with_Qp,metric/the_pile_pubmed_abstracts_val_loss,train_the_pile_pubmed_central*train_the_pile_pile_cc,-0.02146409252841934
with_Qp,metric/the_pile_pubmed_abstracts_val_loss,train_the_pile_pubmed_central*train_the_pile_ubuntu_irc,-0.007234589741013669
with_Qp,metric/the_pile_pubmed_abstracts_val_loss,train_the_pile_pubmed_central*train_the_pile_hackernews,-0.008280082603565555
with_Qp,metric/the_pile_pubmed_abstracts_val_loss,train_the_pile_pubmed_central*train_the_pile_pubmed_abstracts,-0.04518444707687056
with_Qp,metric/the_pile_pubmed_abstracts_val_loss,train_the_pile_pubmed_central*train_the_pile_uspto_backgrounds,-0.02113989789219221
with_Qp,metric/the_pile_pubmed_abstracts_val_loss,train_the_pile_wikipedia_en*train_the_pile_dm_mathematics,-0.00250082390231817
with_Qp,metric/the_pile_pubmed_abstracts_val_loss,train_the_pile_wikipedia_en*train_the_pile_github,0.005932104649746072
with_Qp,metric/the_pile_pubmed_abstracts_val_loss,train_the_pile_wikipedia_en*train_the_pile_philpapers,-0.009835326565489636
with_Qp,metric/the_pile_pubmed_abstracts_val_loss,train_the_pile_wikipedia_en*train_the_pile_enron_emails,0.006354173208347591
with_Qp,metric/the_pile_pubmed_abstracts_val_loss,train_the_pile_wikipedia_en*train_the_pile_ubuntu_irc,-0.003094293667811149
with_Qp,metric/the_pile_pubmed_abstracts_val_loss,train_the_pile_wikipedia_en*train_the_pile_hackernews,-0.003642716776981487
with_Qp,metric/the_pile_pubmed_abstracts_val_loss,train_the_pile_wikipedia_en*train_the_pile_pubmed_abstracts,-0.08906462397026925
with_Qp,metric/the_pile_pubmed_abstracts_val_loss,train_the_pile_dm_mathematics*train_the_pile_github,0.0205981042273207
with_Qp,metric/the_pile_pubmed_abstracts_val_loss,train_the_pile_dm_mathematics*train_the_pile_enron_emails,-0.0038637096600699847
with_Qp,metric/the_pile_pubmed_abstracts_val_loss,train_the_pile_dm_mathematics*train_the_pile_gutenberg_pg_19,-0.014330791638082405
with_Qp,metric/the_pile_pubmed_abstracts_val_loss,train_the_pile_dm_mathematics*train_the_pile_pubmed_abstracts,-0.033794268302505766
with_Qp,metric/the_pile_pubmed_abstracts_val_loss,train_the_pile_dm_mathematics*train_the_pile_uspto_backgrounds,-0.009427796813371808
with_Qp,metric/the_pile_pubmed_abstracts_val_loss,train_the_pile_github*train_the_pile_github,0.09140984339803548
with_Qp,metric/the_pile_pubmed_abstracts_val_loss,train_the_pile_github*train_the_pile_philpapers,-0.005381413854793181
with_Qp,metric/the_pile_pubmed_abstracts_val_loss,train_the_pile_github*train_the_pile_gutenberg_pg_19,0.012983886760199152
with_Qp,metric/the_pile_pubmed_abstracts_val_loss,train_the_pile_github*train_the_pile_pile_cc,0.0013274986635752248
with_Qp,metric/the_pile_pubmed_abstracts_val_loss,train_the_pile_github*train_the_pile_hackernews,0.03893962766612061
with_Qp,metric/the_pile_pubmed_abstracts_val_loss,train_the_pile_github*train_the_pile_pubmed_abstracts,-0.12553861823741247
with_Qp,metric/the_pile_pubmed_abstracts_val_loss,train_the_pile_github*train_the_pile_uspto_backgrounds,-0.026909925839833444
with_Qp,metric/the_pile_pubmed_abstracts_val_loss,train_the_pile_philpapers*train_the_pile_gutenberg_pg_19,0.008939039277122682
with_Qp,metric/the_pile_pubmed_abstracts_val_loss,train_the_pile_philpapers*train_the_pile_pile_cc,0.00015518164833680715
with_Qp,metric/the_pile_pubmed_abstracts_val_loss,train_the_pile_philpapers*train_the_pile_hackernews,-0.006535247467170901
with_Qp,metric/the_pile_pubmed_abstracts_val_loss,train_the_pile_philpapers*train_the_pile_uspto_backgrounds,-0.005922493354034543
with_Qp,metric/the_pile_pubmed_abstracts_val_loss,train_the_pile_stackexchange*train_the_pile_stackexchange,0.09935152096785622
with_Qp,metric/the_pile_pubmed_abstracts_val_loss,train_the_pile_stackexchange*train_the_pile_enron_emails,-0.02334333579152661
with_Qp,metric/the_pile_pubmed_abstracts_val_loss,train_the_pile_stackexchange*train_the_pile_gutenberg_pg_19,-0.007884192609395185
with_Qp,metric/the_pile_pubmed_abstracts_val_loss,train_the_pile_stackexchange*train_the_pile_ubuntu_irc,-0.005007874923195918
with_Qp,metric/the_pile_pubmed_abstracts_val_loss,train_the_pile_stackexchange*train_the_pile_europarl,4.454098123508366e-05
with_Qp,metric/the_pile_pubmed_abstracts_val_loss,train_the_pile_stackexchange*train_the_pile_hackernews,-0.00428481839456475
with_Qp,metric/the_pile_pubmed_abstracts_val_loss,train_the_pile_stackexchange*train_the_pile_pubmed_abstracts,-0.147013321705823
with_Qp,metric/the_pile_pubmed_abstracts_val_loss,train_the_pile_stackexchange*train_the_pile_uspto_backgrounds,-0.01849348956815397
with_Qp,metric/the_pile_pubmed_abstracts_val_loss,train_the_pile_enron_emails*train_the_pile_gutenberg_pg_19,0.005198275831860516
with_Qp,metric/the_pile_pubmed_abstracts_val_loss,train_the_pile_enron_emails*train_the_pile_uspto_backgrounds,0.0031328698783353167
with_Qp,metric/the_pile_pubmed_abstracts_val_loss,train_the_pile_gutenberg_pg_19*train_the_pile_gutenberg_pg_19,0.007475646560387579
with_Qp,metric/the_pile_pubmed_abstracts_val_loss,train_the_pile_gutenberg_pg_19*train_the_pile_hackernews,0.0014609247332741059
with_Qp,metric/the_pile_pubmed_abstracts_val_loss,train_the_pile_gutenberg_pg_19*train_the_pile_pubmed_abstracts,-0.06673116403370682
with_Qp,metric/the_pile_pubmed_abstracts_val_loss,train_the_pile_pile_cc*train_the_pile_hackernews,-0.011841653330870098
with_Qp,metric/the_pile_pubmed_abstracts_val_loss,train_the_pile_pile_cc*train_the_pile_pubmed_abstracts,-0.10906976820192904
with_Qp,metric/the_pile_pubmed_abstracts_val_loss,train_the_pile_pile_cc*train_the_pile_uspto_backgrounds,-0.008886376472759323
with_Qp,metric/the_pile_pubmed_abstracts_val_loss,train_the_pile_ubuntu_irc*train_the_pile_pubmed_abstracts,-0.0462316890923109
with_Qp,metric/the_pile_pubmed_abstracts_val_loss,train_the_pile_europarl*train_the_pile_hackernews,-0.013667125973274465
with_Qp,metric/the_pile_pubmed_abstracts_val_loss,train_the_pile_europarl*train_the_pile_pubmed_abstracts,-0.022945147359124812
with_Qp,metric/the_pile_pubmed_abstracts_val_loss,train_the_pile_europarl*train_the_pile_uspto_backgrounds,-0.006865262107953839
with_Qp,metric/the_pile_pubmed_abstracts_val_loss,train_the_pile_hackernews*train_the_pile_pubmed_abstracts,-0.010363655909292757
with_Qp,metric/the_pile_pubmed_abstracts_val_loss,train_the_pile_hackernews*train_the_pile_uspto_backgrounds,-0.011099963294795992
with_Qp,metric/the_pile_pubmed_abstracts_val_loss,train_the_pile_pubmed_abstracts*train_the_pile_pubmed_abstracts,0.04034107511957199
with_Qp,metric/the_pile_pubmed_abstracts_val_loss,train_the_pile_pubmed_abstracts*train_the_pile_uspto_backgrounds,-0.07369799323697111
with_Qp,metric/the_pile_pubmed_abstracts_val_loss,Qp,-0.029653023842391494
with_Qp,metric/the_pile_uspto_backgrounds_val_loss,train_the_pile_pile_cc,-0.023045196850964626
with_Qp,metric/the_pile_uspto_backgrounds_val_loss,train_the_pile_pubmed_abstracts,-0.0596585643839671
with_Qp,metric/the_pile_uspto_backgrounds_val_loss,train_the_pile_arxiv*train_the_pile_arxiv,0.03015634774114869
with_Qp,metric/the_pile_uspto_backgrounds_val_loss,train_the_pile_arxiv*train_the_pile_freelaw,0.0039264698963270995
with_Qp,metric/the_pile_uspto_backgrounds_val_loss,train_the_pile_arxiv*train_the_pile_philpapers,0.0029500668265448997
with_Qp,metric/the_pile_uspto_backgrounds_val_loss,train_the_pile_arxiv*train_the_pile_stackexchange,0.010278367701122523
with_Qp,metric/the_pile_uspto_backgrounds_val_loss,train_the_pile_arxiv*train_the_pile_enron_emails,0.0022073967652775062
with_Qp,metric/the_pile_uspto_backgrounds_val_loss,train_the_pile_arxiv*train_the_pile_pile_cc,-0.008484171306030436
with_Qp,metric/the_pile_uspto_backgrounds_val_loss,train_the_pile_arxiv*train_the_pile_europarl,-0.0014245805151748355
with_Qp,metric/the_pile_uspto_backgrounds_val_loss,train_the_pile_arxiv*train_the_pile_hackernews,-0.0045724220233891
with_Qp,metric/the_pile_uspto_backgrounds_val_loss,train_the_pile_arxiv*train_the_pile_uspto_backgrounds,-0.10468217785665264
with_Qp,metric/the_pile_uspto_backgrounds_val_loss,train_the_pile_freelaw*train_the_pile_freelaw,0.028761586804461187
with_Qp,metric/the_pile_uspto_backgrounds_val_loss,train_the_pile_freelaw*train_the_pile_pubmed_central,-0.007704289803357119
with_Qp,metric/the_pile_uspto_backgrounds_val_loss,train_the_pile_freelaw*train_the_pile_dm_mathematics,0.009813453211745355
with_Qp,metric/the_pile_uspto_backgrounds_val_loss,train_the_pile_freelaw*train_the_pile_philpapers,0.003562204227767354
with_Qp,metric/the_pile_uspto_backgrounds_val_loss,train_the_pile_freelaw*train_the_pile_gutenberg_pg_19,0.01141277786676302
with_Qp,metric/the_pile_uspto_backgrounds_val_loss,train_the_pile_freelaw*train_the_pile_pile_cc,-0.00501747885069268
with_Qp,metric/the_pile_uspto_backgrounds_val_loss,train_the_pile_freelaw*train_the_pile_europarl,0.00735098376192673
with_Qp,metric/the_pile_uspto_backgrounds_val_loss,train_the_pile_freelaw*train_the_pile_uspto_backgrounds,-0.1197433587445137
with_Qp,metric/the_pile_uspto_backgrounds_val_loss,train_the_pile_nih_exporter*train_the_pile_pubmed_central,-0.0017712869592742143
with_Qp,metric/the_pile_uspto_backgrounds_val_loss,train_the_pile_nih_exporter*train_the_pile_stackexchange,-0.009496007285607297
with_Qp,metric/the_pile_uspto_backgrounds_val_loss,train_the_pile_nih_exporter*train_the_pile_europarl,-0.002536428204055365
with_Qp,metric/the_pile_uspto_backgrounds_val_loss,train_the_pile_nih_exporter*train_the_pile_uspto_backgrounds,-0.009114935008043296
with_Qp,metric/the_pile_uspto_backgrounds_val_loss,train_the_pile_pubmed_central*train_the_pile_github,-0.0062754440341159
with_Qp,metric/the_pile_uspto_backgrounds_val_loss,train_the_pile_pubmed_central*train_the_pile_gutenberg_pg_19,-0.0011981669536293852
with_Qp,metric/the_pile_uspto_backgrounds_val_loss,train_the_pile_pubmed_central*train_the_pile_pile_cc,-0.008253026719413324
with_Qp,metric/the_pile_uspto_backgrounds_val_loss,train_the_pile_pubmed_central*train_the_pile_europarl,-0.0003664022596078165
with_Qp,metric/the_pile_uspto_backgrounds_val_loss,train_the_pile_pubmed_central*train_the_pile_uspto_backgrounds,-0.10710894999098777
with_Qp,metric/the_pile_uspto_backgrounds_val_loss,train_the_pile_wikipedia_en*train_the_pile_github,0.0036289722628811204
with_Qp,metric/the_pile_uspto_backgrounds_val_loss,train_the_pile_wikipedia_en*train_the_pile_stackexchange,-0.0005438776380758479
with_Qp,metric/the_pile_uspto_backgrounds_val_loss,train_the_pile_wikipedia_en*train_the_pile_europarl,-0.007684067847363975
with_Qp,metric/the_pile_uspto_backgrounds_val_loss,train_the_pile_wikipedia_en*train_the_pile_hackernews,-0.027762522416015088
with_Qp,metric/the_pile_uspto_backgrounds_val_loss,train_the_pile_wikipedia_en*train_the_pile_uspto_backgrounds,-0.10067522646907161
with_Qp,metric/the_pile_uspto_backgrounds_val_loss,train_the_pile_dm_mathematics*train_the_pile_philpapers,-0.0064713709940039275
with_Qp,metric/the_pile_uspto_backgrounds_val_loss,train_the_pile_dm_mathematics*train_the_pile_uspto_backgrounds,-0.04410322503806489
with_Qp,metric/the_pile_uspto_backgrounds_val_loss,train_the_pile_github*train_the_pile_github,0.11650338667360298
with_Qp,metric/the_pile_uspto_backgrounds_val_loss,train_the_pile_github*train_the_pile_philpapers,-0.00023558287436519943
with_Qp,metric/the_pile_uspto_backgrounds_val_loss,train_the_pile_github*train_the_pile_stackexchange,0.02424870273445629
with_Qp,metric/the_pile_uspto_backgrounds_val_loss,train_the_pile_github*train_the_pile_ubuntu_irc,0.0006601559224450583
with_Qp,metric/the_pile_uspto_backgrounds_val_loss,train_the_pile_github*train_the_pile_hackernews,0.013745489732895449
with_Qp,metric/the_pile_uspto_backgrounds_val_loss,train_the_pile_github*train_the_pile_uspto_backgrounds,-0.12087999374076785
with_Qp,metric/the_pile_uspto_backgrounds_val_loss,train_the_pile_philpapers*train_the_pile_stackexchange,-0.011387800629997282
with_Qp,metric/the_pile_uspto_backgrounds_val_loss,train_the_pile_philpapers*train_the_pile_europarl,-0.0008838176950031198
with_Qp,metric/the_pile_uspto_backgrounds_val_loss,train_the_pile_philpapers*train_the_pile_pubmed_abstracts,-0.002116375188196448
with_Qp,metric/the_pile_uspto_backgrounds_val_loss,train_the_pile_philpapers*train_the_pile_uspto_backgrounds,-0.007657733927903457
with_Qp,metric/the_pile_uspto_backgrounds_val_loss,train_the_pile_stackexchange*train_the_pile_stackexchange,0.05143982637257467
with_Qp,metric/the_pile_uspto_backgrounds_val_loss,train_the_pile_stackexchange*train_the_pile_gutenberg_pg_19,-0.004806734870990241
with_Qp,metric/the_pile_uspto_backgrounds_val_loss,train_the_pile_stackexchange*train_the_pile_europarl,-0.006991716507808781
with_Qp,metric/the_pile_uspto_backgrounds_val_loss,train_the_pile_stackexchange*train_the_pile_hackernews,0.002601791718842597
with_Qp,metric/the_pile_uspto_backgrounds_val_loss,train_the_pile_stackexchange*train_the_pile_pubmed_abstracts,-0.00030319107760174563
with_Qp,metric/the_pile_uspto_backgrounds_val_loss,train_the_pile_stackexchange*train_the_pile_uspto_backgrounds,-0.10051273230269998
with_Qp,metric/the_pile_uspto_backgrounds_val_loss,train_the_pile_gutenberg_pg_19*train_the_pile_hackernews,0.002440318568609215
with_Qp,metric/the_pile_uspto_backgrounds_val_loss,train_the_pile_gutenberg_pg_19*train_the_pile_uspto_backgrounds,-0.08255193901210849
with_Qp,metric/the_pile_uspto_backgrounds_val_loss,train_the_pile_pile_cc*train_the_pile_pubmed_abstracts,-0.005204499317470313
with_Qp,metric/the_pile_uspto_backgrounds_val_loss,train_the_pile_pile_cc*train_the_pile_uspto_backgrounds,-0.12884629795919536
with_Qp,metric/the_pile_uspto_backgrounds_val_loss,train_the_pile_ubuntu_irc*train_the_pile_hackernews,0.007854773828629523
with_Qp,metric/the_pile_uspto_backgrounds_val_loss,train_the_pile_ubuntu_irc*train_the_pile_uspto_backgrounds,-0.027806851730975638
with_Qp,metric/the_pile_uspto_backgrounds_val_loss,train_the_pile_europarl*train_the_pile_uspto_backgrounds,-0.02513659625705076
with_Qp,metric/the_pile_uspto_backgrounds_val_loss,train_the_pile_hackernews*train_the_pile_uspto_backgrounds,-0.008667701218023304
with_Qp,metric/the_pile_uspto_backgrounds_val_loss,train_the_pile_pubmed_abstracts*train_the_pile_uspto_backgrounds,-0.0699488962529065
with_Qp,metric/the_pile_uspto_backgrounds_val_loss,train_the_pile_uspto_backgrounds*train_the_pile_uspto_backgrounds,0.014743996349980913
with_Qp,mean_loss,train_the_pile_dm_mathematics,-0.06984198882524222
with_Qp,mean_loss,train_the_pile_enron_emails,-0.012215363221934013
with_Qp,mean_loss,train_the_pile_ubuntu_irc,-0.13664025050834536
with_Qp,mean_loss,train_the_pile_arxiv*train_the_pile_arxiv,0.1328202322097107
with_Qp,mean_loss,train_the_pile_arxiv*train_the_pile_github,-0.023403942153643793
with_Qp,mean_loss,train_the_pile_arxiv*train_the_pile_stackexchange,-0.009388235025369446
with_Qp,mean_loss,train_the_pile_arxiv*train_the_pile_gutenberg_pg_19,-0.001405279806374876
with_Qp,mean_loss,train_the_pile_arxiv*train_the_pile_pile_cc,-0.022692234421809336
with_Qp,mean_loss,train_the_pile_arxiv*train_the_pile_ubuntu_irc,-0.0013929870618288231
with_Qp,mean_loss,train_the_pile_arxiv*train_the_pile_europarl,-0.003398399697447964
with_Qp,mean_loss,train_the_pile_arxiv*train_the_pile_hackernews,-0.0021041246105235442
with_Qp,mean_loss,train_the_pile_arxiv*train_the_pile_uspto_backgrounds,-0.001118718224910235
with_Qp,mean_loss,train_the_pile_freelaw*train_the_pile_freelaw,0.14354248831248043
with_Qp,mean_loss,train_the_pile_freelaw*train_the_pile_pubmed_central,-0.012344176290695022
with_Qp,mean_loss,train_the_pile_freelaw*train_the_pile_dm_mathematics,-0.01630572266133337
with_Qp,mean_loss,train_the_pile_freelaw*train_the_pile_github,-0.0010772424496228107
with_Qp,mean_loss,train_the_pile_freelaw*train_the_pile_stackexchange,-0.0238770398339062
with_Qp,mean_loss,train_the_pile_freelaw*train_the_pile_gutenberg_pg_19,-0.002906313378507683
with_Qp,mean_loss,train_the_pile_freelaw*train_the_pile_pile_cc,-0.008177594960048044
with_Qp,mean_loss,train_the_pile_freelaw*train_the_pile_hackernews,-0.000356006637474244
with_Qp,mean_loss,train_the_pile_freelaw*train_the_pile_pubmed_abstracts,-0.002320465780804832
with_Qp,mean_loss,train_the_pile_freelaw*train_the_pile_uspto_backgrounds,-0.014159431995905553
with_Qp,mean_loss,train_the_pile_nih_exporter*train_the_pile_pubmed_central,-0.008878439682592528
with_Qp,mean_loss,train_the_pile_nih_exporter*train_the_pile_wikipedia_en,0.0044873072630243795
with_Qp,mean_loss,train_the_pile_nih_exporter*train_the_pile_stackexchange,-0.011029219182304198
with_Qp,mean_loss,train_the_pile_nih_exporter*train_the_pile_pile_cc,-0.0004934971665540741
with_Qp,mean_loss,train_the_pile_nih_exporter*train_the_pile_ubuntu_irc,-0.005379477474235305
with_Qp,mean_loss,train_the_pile_nih_exporter*train_the_pile_europarl,-0.0008471000581900775
with_Qp,mean_loss,train_the_pile_nih_exporter*train_the_pile_uspto_backgrounds,-0.004648242902606538
with_Qp,mean_loss,train_the_pile_pubmed_central*train_the_pile_pubmed_central,0.13210205707676329
with_Qp,mean_loss,train_the_pile_pubmed_central*train_the_pile_wikipedia_en,-0.01912351351265039
with_Qp,mean_loss,train_the_pile_pubmed_central*train_the_pile_github,-0.025793017277753107
with_Qp,mean_loss,train_the_pile_pubmed_central*train_the_pile_philpapers,0.004594072634668393
with_Qp,mean_loss,train_the_pile_pubmed_central*train_the_pile_stackexchange,-0.022168631567962446
with_Qp,mean_loss,train_the_pile_pubmed_central*train_the_pile_enron_emails,-0.001867472692327913
with_Qp,mean_loss,train_the_pile_pubmed_central*train_the_pile_gutenberg_pg_19,-0.025751877644937363
with_Qp,mean_loss,train_the_pile_pubmed_central*train_the_pile_pile_cc,-0.015784729669126387
with_Qp,mean_loss,train_the_pile_pubmed_central*train_the_pile_ubuntu_irc,-0.014846860579955852
with_Qp,mean_loss,train_the_pile_pubmed_central*train_the_pile_europarl,-0.0036414283008583204
with_Qp,mean_loss,train_the_pile_pubmed_central*train_the_pile_hackernews,-0.019598360134544617
with_Qp,mean_loss,train_the_pile_pubmed_central*train_the_pile_pubmed_abstracts,0.030500976701462165
with_Qp,mean_loss,train_the_pile_pubmed_central*train_the_pile_uspto_backgrounds,0.0032398161336753004
with_Qp,mean_loss,train_the_pile_wikipedia_en*train_the_pile_wikipedia_en,0.07684833075657088
with_Qp,mean_loss,train_the_pile_wikipedia_en*train_the_pile_dm_mathematics,-0.016909060866385536
with_Qp,mean_loss,train_the_pile_wikipedia_en*train_the_pile_github,-0.0033951490896509226
with_Qp,mean_loss,train_the_pile_wikipedia_en*train_the_pile_stackexchange,-0.018262325452204436
with_Qp,mean_loss,train_the_pile_wikipedia_en*train_the_pile_gutenberg_pg_19,-0.015259780903904506
with_Qp,mean_loss,train_the_pile_wikipedia_en*train_the_pile_hackernews,-0.006052978242692772
with_Qp,mean_loss,train_the_pile_wikipedia_en*train_the_pile_pubmed_abstracts,-0.0020707864083735613
with_Qp,mean_loss,train_the_pile_dm_mathematics*train_the_pile_dm_mathematics,0.06705037053674416
with_Qp,mean_loss,train_the_pile_dm_mathematics*train_the_pile_github,-0.007630032333567214
with_Qp,mean_loss,train_the_pile_dm_mathematics*train_the_pile_gutenberg_pg_19,-0.0035858955478735672
with_Qp,mean_loss,train_the_pile_dm_mathematics*train_the_pile_pile_cc,-0.0016026009068885443
with_Qp,mean_loss,train_the_pile_dm_mathematics*train_the_pile_europarl,0.0020136177093855972
with_Qp,mean_loss,train_the_pile_dm_mathematics*train_the_pile_hackernews,-0.0004845494263877479
with_Qp,mean_loss,train_the_pile_dm_mathematics*train_the_pile_pubmed_abstracts,-0.0009227654106545168
with_Qp,mean_loss,train_the_pile_dm_mathematics*train_the_pile_uspto_backgrounds,-0.00722679549249729
with_Qp,mean_loss,train_the_pile_github*train_the_pile_github,0.12612342162293078
with_Qp,mean_loss,train_the_pile_github*train_the_pile_philpapers,-0.001467950929605316
with_Qp,mean_loss,train_the_pile_github*train_the_pile_stackexchange,0.007822997537068088
with_Qp,mean_loss,train_the_pile_github*train_the_pile_gutenberg_pg_19,-0.001006068832433398
with_Qp,mean_loss,train_the_pile_github*train_the_pile_ubuntu_irc,-0.0031834658303290975
with_Qp,mean_loss,train_the_pile_github*train_the_pile_pubmed_abstracts,-0.0023121669455086883
with_Qp,mean_loss,train_the_pile_github*train_the_pile_uspto_backgrounds,-0.007733746492786976
with_Qp,mean_loss,train_the_pile_philpapers*train_the_pile_stackexchange,0.0010908648495821347
with_Qp,mean_loss,train_the_pile_philpapers*train_the_pile_hackernews,-0.011091569074725482
with_Qp,mean_loss,train_the_pile_philpapers*train_the_pile_pubmed_abstracts,-0.01213608689245312
with_Qp,mean_loss,train_the_pile_philpapers*train_the_pile_uspto_backgrounds,-0.012094294698684194
with_Qp,mean_loss,train_the_pile_stackexchange*train_the_pile_stackexchange,0.08775020281270815
with_Qp,mean_loss,train_the_pile_stackexchange*train_the_pile_enron_emails,-0.010998439378086288
with_Qp,mean_loss,train_the_pile_stackexchange*train_the_pile_gutenberg_pg_19,-0.006315342351949557
with_Qp,mean_loss,train_the_pile_stackexchange*train_the_pile_pile_cc,-0.017194872979412246
with_Qp,mean_loss,train_the_pile_stackexchange*train_the_pile_uspto_backgrounds,-0.006801712667203128
with_Qp,mean_loss,train_the_pile_enron_emails*train_the_pile_gutenberg_pg_19,0.005392272123489492
with_Qp,mean_loss,train_the_pile_enron_emails*train_the_pile_pile_cc,-0.0008947012373530306
with_Qp,mean_loss,train_the_pile_enron_emails*train_the_pile_europarl,-0.002944452315827784
with_Qp,mean_loss,train_the_pile_gutenberg_pg_19*train_the_pile_gutenberg_pg_19,0.02528979478843362
with_Qp,mean_loss,train_the_pile_gutenberg_pg_19*train_the_pile_pile_cc,0.008591305215088607
with_Qp,mean_loss,train_the_pile_gutenberg_pg_19*train_the_pile_ubuntu_irc,-0.0016418657808984368
with_Qp,mean_loss,train_the_pile_gutenberg_pg_19*train_the_pile_hackernews,-0.0019351227244551034
with_Qp,mean_loss,train_the_pile_gutenberg_pg_19*train_the_pile_pubmed_abstracts,-0.0026060535597425536
with_Qp,mean_loss,train_the_pile_gutenberg_pg_19*train_the_pile_uspto_backgrounds,0.0068914948033876895
with_Qp,mean_loss,train_the_pile_pile_cc*train_the_pile_pile_cc,0.07091948032187352
with_Qp,mean_loss,train_the_pile_pile_cc*train_the_pile_pubmed_abstracts,0.0012621583819518512
with_Qp,mean_loss,train_the_pile_pile_cc*train_the_pile_uspto_backgrounds,-0.007477702728287378
with_Qp,mean_loss,train_the_pile_ubuntu_irc*train_the_pile_ubuntu_irc,0.0990699581217159
with_Qp,mean_loss,train_the_pile_ubuntu_irc*train_the_pile_europarl,0.002361504098280268
with_Qp,mean_loss,train_the_pile_ubuntu_irc*train_the_pile_uspto_backgrounds,-0.012212814109052672
with_Qp,mean_loss,train_the_pile_europarl*train_the_pile_hackernews,-0.0036478245068313968
with_Qp,mean_loss,train_the_pile_europarl*train_the_pile_pubmed_abstracts,0.002850727421586478
with_Qp,mean_loss,train_the_pile_pubmed_abstracts*train_the_pile_pubmed_abstracts,0.01625747914859135
with_Qp,mean_loss,train_the_pile_pubmed_abstracts*train_the_pile_uspto_backgrounds,0.004006252292087129
with_Qp,mean_loss,train_the_pile_uspto_backgrounds*train_the_pile_uspto_backgrounds,0.06893192946748586
with_Qp,mean_loss,Qp,0.02485289140629836
